ingred,vocab
ingred_0,salt
ingred_1,olive oil
ingred_2,onion
ingred_3,garlic cloves
ingred_4,water
ingred_5,butter
ingred_6,sugar
ingred_7,pepper
ingred_8,eggs
ingred_9,garlic
ingred_10,tomatoes
ingred_11,milk
ingred_12,flour
ingred_13,salt and pepper
ingred_14,parmesan cheese
ingred_15,garlic clove
ingred_16,black pepper
ingred_17,vegetable oil
ingred_18,celery
ingred_19,egg
ingred_20,lemon juice
ingred_21,onions
ingred_22,baking powder
ingred_23,oil
ingred_24,extra virgin olive oil
ingred_25,allpurpose flour
ingred_26,garlic powder
ingred_27,carrot
ingred_28,soy sauce
ingred_29,carrots
ingred_30,brown sugar
ingred_31,fresh parsley
ingred_32,chili powder
ingred_33,sour cream
ingred_34,red onion
ingred_35,fresh ground black pepper
ingred_36,parsley
ingred_37,cheddar cheese
ingred_38,ground cumin
ingred_39,paprika
ingred_40,honey
ingred_41,zucchini
ingred_42,cinnamon
ingred_43,baking soda
ingred_44,mayonnaise
ingred_45,kosher salt
ingred_46,potatoes
ingred_47,green onion
ingred_48,cayenne pepper
ingred_49,red bell pepper
ingred_50,cumin
ingred_51,dried oregano
ingred_52,mozzarella cheese
ingred_53,green onions
ingred_54,cilantro
ingred_55,fresh cilantro
ingred_56,chicken broth
ingred_57,cream cheese
ingred_58,fresh basil
ingred_59,dijon mustard
ingred_60,tomato paste
ingred_61,unsalted butter
ingred_62,canola oil
ingred_63,cornstarch
ingred_64,vegetable broth
ingred_65,worcestershire sauce
ingred_66,oregano
ingred_67,green pepper
ingred_68,black beans
ingred_69,diced tomatoes
ingred_70,ground beef
ingred_71,fresh ginger
ingred_72,nutmeg
ingred_73,tomato sauce
ingred_74,fresh lemon juice
ingred_75,vegetable stock
ingred_76,balsamic vinegar
ingred_77,ground black pepper
ingred_78,green bell pepper
ingred_79,sea salt
ingred_80,walnuts
ingred_81,ground cinnamon
ingred_82,bacon
ingred_83,lime juice
ingred_84,dried thyme
ingred_85,dried basil
ingred_86,bay leaf
ingred_87,whole wheat flour
ingred_88,salsa
ingred_89,ginger
ingred_90,sesame oil
ingred_91,salt  freshly ground black pepper
ingred_92,fresh ground pepper
ingred_93,chickpeas
ingred_94,feta cheese
ingred_95,mushrooms
ingred_96,basil
ingred_97,red wine vinegar
ingred_98,cucumber
ingred_99,chicken stock
ingred_100,onion powder
ingred_101,red pepper
ingred_102,curry powder
ingred_103,scallions
ingred_104,thyme
ingred_105,crushed red pepper flakes
ingred_106,red pepper flakes
ingred_107,turmeric
ingred_108,vanilla
ingred_109,raisins
ingred_110,mushroom
ingred_111,bay leaves
ingred_112,celery ribs
ingred_113,breadcrumbs
ingred_114,yellow onion
ingred_115,cheese
ingred_116,avocado
ingred_117,lemon
ingred_118,boneless skinless chicken breasts
ingred_119,vinegar
ingred_120,ground coriander
ingred_121,buttermilk
ingred_122,white wine
ingred_123,sesame seeds
ingred_124,vanilla extract
ingred_125,chicken breasts
ingred_126,dry white wine
ingred_127,ketchup
ingred_128,heavy cream
ingred_129,shallots
ingred_130,orange juice
ingred_131,margarine
ingred_132,cherry tomatoes
ingred_133,white pepper
ingred_134,black olives
ingred_135,green chilies
ingred_136,spinach
ingred_137,pecans
ingred_138,fresh thyme
ingred_139,cayenne
ingred_140,ground ginger
ingred_141,monterey jack cheese
ingred_142,cabbage
ingred_143,warm water
ingred_144,corn
ingred_145,potato
ingred_146,pine nuts
ingred_147,hot sauce
ingred_148,broccoli
ingred_149,bell pepper
ingred_150,cider vinegar
ingred_151,sharp cheddar cheese
ingred_152,italian seasoning
ingred_153,rice vinegar
ingred_154,shallot
ingred_155,dry mustard
ingred_156,active dry yeast
ingred_157,firm tofu
ingred_158,fresh dill
ingred_159,scallion
ingred_160,garlic salt
ingred_161,lettuce
ingred_162,cornmeal
ingred_163,flour tortillas
ingred_164,ricotta cheese
ingred_165,chives
ingred_166,salt  pepper
ingred_167,cooking spray
ingred_168,fresh lime juice
ingred_169,sliced mushrooms
ingred_170,bread
ingred_171,fresh rosemary
ingred_172,chicken
ingred_173,baby spinach
ingred_174,green beans
ingred_175,lemonc juice of
ingred_176,capers
ingred_177,coconut milk
ingred_178,tabasco sauce
ingred_179,fresh mushrooms
ingred_180,of fresh mint
ingred_181,bread flour
ingred_182,frozen chopped spinach
ingred_183,eggplant
ingred_184,fresh spinach
ingred_185,plain yogurt
ingred_186,granulated sugar
ingred_187,ground nutmeg
ingred_188,shrimp
ingred_189,bananas
ingred_190,lean ground beef
ingred_191,flat leaf parsley
ingred_192,apple cider vinegar
ingred_193,rosemary
ingred_194,cumin seed
ingred_195,leeks
ingred_196,cauliflower
ingred_197,skim milk
ingred_198,halfandhalf
ingred_199,coriander
ingred_200,boiling water
ingred_201,almonds
ingred_202,white onion
ingred_203,maple syrup
ingred_204,frozen peas
ingred_205,red bell peppers
ingred_206,rice
ingred_207,swiss cheese
ingred_208,basil leaves
ingred_209,white wine vinegar
ingred_210,plum tomatoes
ingred_211,crushed tomatoes
ingred_212,seasoning salt
ingred_213,red wine
ingred_214,kidney beans
ingred_215,goat cheese
ingred_216,peanut oil
ingred_217,corn tortillas
ingred_218,yeast
ingred_219,fresh chives
ingred_220,cream
ingred_221,chopped tomatoes
ingred_222,cooked chicken
ingred_223,white vinegar
ingred_224,garam masala
ingred_225,apple
ingred_226,spaghetti
ingred_227,egg whites
ingred_228,cream of mushroom soup
ingred_229,jalapeno pepper
ingred_230,sweet onion
ingred_231,butternut squash
ingred_232,pasta
ingred_233,gingerroot
ingred_234,lemon zest
ingred_235,cream of chicken soup
ingred_236,soymilk
ingred_237,cold water
ingred_238,asparagus
ingred_239,jalapeno
ingred_240,avocados
ingred_241,ground cloves
ingred_242,boneless skinless chicken breast halves
ingred_243,frozen spinach
ingred_244,beef broth
ingred_245,fresh oregano
ingred_246,tofu
ingred_247,red onions
ingred_248,lime
ingred_249,banana
ingred_250,tahini
ingred_251,garbanzo beans
ingred_252,lentils
ingred_253,pumpkin
ingred_254,cooked rice
ingred_255,brown rice
ingred_256,spaghetti sauce
ingred_257,cooking oil
ingred_258,cottage cheese
ingred_259,white sugar
ingred_260,blue cheese
ingred_261,rolled oats
ingred_262,dry sherry
ingred_263,dill
ingred_264,mustard
ingred_265,allspice
ingred_266,dried parsley
ingred_267,barbecue sauce
ingred_268,leek
ingred_269,light brown sugar
ingred_270,frozen corn
ingred_271,dried rosemary
ingred_272,ham
ingred_273,shortening
ingred_274,tomato puree
ingred_275,red potatoes
ingred_276,romaine lettuce
ingred_277,dried cranberries
ingred_278,sunflower seeds
ingred_279,pinto beans
ingred_280,cucumbers
ingred_281,eggplants
ingred_282,artichoke hearts
ingred_283,shredded cheddar cheese
ingred_284,cannellini beans
ingred_285,low sodium soy sauce
ingred_286,hot water
ingred_287,ground turmeric
ingred_288,coarse salt
ingred_289,fresh coriander
ingred_290,ground pepper
ingred_291,tomato juice
ingred_292,extra firm tofu
ingred_293,tortilla chips
ingred_294,taco seasoning
ingred_295,egg white
ingred_296,roma tomatoes
ingred_297,hot pepper sauce
ingred_298,broccoli florets
ingred_299,molasses
ingred_300,fresh basil leaf
ingred_301,mustard seeds
ingred_302,whole milk
ingred_303,nutritional yeast
ingred_304,slivered almonds
ingred_305,salt and black pepper
ingred_306,stewed tomatoes
ingred_307,quinoa
ingred_308,unbleached allpurpose flour
ingred_309,orange zest
ingred_310,peas
ingred_311,red chili powder
ingred_312,boneless skinless chicken breast
ingred_313,evaporated milk
ingred_314,plain flour
ingred_315,fish sauce
ingred_316,cooked brown rice
ingred_317,apples
ingred_318,sunflower oil
ingred_319,parmigianoreggiano cheese
ingred_320,portabella mushrooms
ingred_321,jalapenos
ingred_322,red kidney beans
ingred_323,kalamata olive
ingred_324,cashews
ingred_325,yogurt
ingred_326,powdered sugar
ingred_327,ground pork
ingred_328,turmeric powder
ingred_329,fresh basil leaves
ingred_330,french bread
ingred_331,rice wine vinegar
ingred_332,ground allspice
ingred_333,celery seed
ingred_334,green peppers
ingred_335,blueberries
ingred_336,limec juice of
ingred_337,lasagna noodles
ingred_338,fresh garlic
ingred_339,pesto sauce
ingred_340,low sodium chicken broth
ingred_341,hardboiled eggs
ingred_342,feta
ingred_343,marjoram
ingred_344,button mushrooms
ingred_345,sliced almonds
ingred_346,apple juice
ingred_347,bell peppers
ingred_348,cracked black pepper
ingred_349,linguine
ingred_350,celery rib
ingred_351,roasted red pepper
ingred_352,peanut butter
ingred_353,elbow macaroni
ingred_354,whipping cream
ingred_355,white bread
ingred_356,red peppers
ingred_357,baby carrots
ingred_358,hoisin sauce
ingred_359,ground red pepper
ingred_360,spring onions
ingred_361,bean sprouts
ingred_362,oats
ingred_363,white beans
ingred_364,ground turkey
ingred_365, lowfat milk
ingred_366,prepared mustard
ingred_367,yellow bell pepper
ingred_368,fresh gingerroot
ingred_369,jalapeno peppers
ingred_370,black peppercorns
ingred_371,nuts
ingred_372,refried beans
ingred_373,panko breadcrumbs
ingred_374,sage
ingred_375,velveeta cheese
ingred_376,ghee
ingred_377,white flour
ingred_378,chili sauce
ingred_379,egg yolks
ingred_380,fennel seed
ingred_381,smoked paprika
ingred_382,applesauce
ingred_383,fresh sage
ingred_384,cooked ham
ingred_385,wheat germ
ingred_386,gruyere cheese
ingred_387,coriander powder
ingred_388,sweet potato
ingred_389,coconut oil
ingred_390,whole kernel corn
ingred_391,mint
ingred_392,chopped tomato
ingred_393,yellow squash
ingred_394,diced onion
ingred_395,minced garlic cloves
ingred_396,green cabbage
ingred_397,cloves
ingred_398,red chilies
ingred_399,sundried tomatoes
ingred_400,cumin powder
ingred_401,egg yolk
ingred_402,dry breadcrumbs
ingred_403,cornflour
ingred_404,lemons
ingred_405,russet potatoes
ingred_406,tamari
ingred_407,grape tomatoes
ingred_408,yellow onions
ingred_409,peanuts
ingred_410,unsweetened applesauce
ingred_411,sundried tomato
ingred_412,couscous
ingred_413,provolone cheese
ingred_414,romano cheese
ingred_415,dry red wine
ingred_416,orange
ingred_417,sherry wine
ingred_418,salmon fillets
ingred_419,roasted red peppers
ingred_420,green olives
ingred_421,fresh parsley leaves
ingred_422,fresh mint leaves
ingred_423,coriander leaves
ingred_424,baby spinach leaves
ingred_425,nonfat milk
ingred_426,beef stock
ingred_427,mango
ingred_428,olive
ingred_429,egg substitute
ingred_430,lemonc zest of
ingred_431,green peas
ingred_432,diced green chilies
ingred_433,partskim mozzarella cheese
ingred_434,penne pasta
ingred_435,seasoning
ingred_436,fresh flatleaf parsley
ingred_437,pork tenderloin
ingred_438,diced tomato
ingred_439,green bell peppers
ingred_440,marinara sauce
ingred_441,dark brown sugar
ingred_442,cilantro leaf
ingred_443,cajun seasoning
ingred_444,corn kernel
ingred_445,mashed potatoes
ingred_446,green chili
ingred_447,whole wheat bread
ingred_448,yellow cornmeal
ingred_449,dill weed
ingred_450,greek yogurt
ingred_451,pasta sauce
ingred_452,american cheese
ingred_453,egg noodles
ingred_454,mustard powder
ingred_455,vegetables
ingred_456,snow peas
ingred_457,sweet paprika
ingred_458,broccoli floret
ingred_459,lemongrass
ingred_460,toasted sesame oil
ingred_461,fresh tomatoes
ingred_462,fresh cilantro leaves
ingred_463,arugula
ingred_464,light soy sauce
ingred_465,cumin seeds
ingred_466,limes
ingred_467,liquid smoke
ingred_468,dried sage
ingred_469,kale
ingred_470,light sour cream
ingred_471,crabmeat
ingred_472,sweet red pepper
ingred_473,frozen mixed vegetables
ingred_474,tomato soup
ingred_475,strawberry
ingred_476,yellow pepper
ingred_477,enchilada sauce
ingred_478,chicken breast
ingred_479,caster sugar
ingred_480,spinach leaves
ingred_481,english cucumber
ingred_482,caraway seed
ingred_483,blackeyed peas
ingred_484,chicken thighs
ingred_485,beans
ingred_486,fresh coarse ground black pepper
ingred_487,kalamata olives
ingred_488,dry yeast
ingred_489,coriander seed
ingred_490,iceberg lettuce
ingred_491,whole tomatoes
ingred_492,coconut
ingred_493,taco seasoning mix
ingred_494,large shrimp
ingred_495,yellow mustard
ingred_496,nonstick cooking spray
ingred_497,lime zest
ingred_498,pizza dough
ingred_499,lowfat cheddar cheese
ingred_500,prosciutto
ingred_501,lowfat sour cream
ingred_502,light mayonnaise
ingred_503,chili
ingred_504,oranges
ingred_505,lemon wedge
ingred_506,beef
ingred_507,dark sesame oil
ingred_508,beer
ingred_509,canned tomatoes
ingred_510,pizza sauce
ingred_511,cinnamon stick
ingred_512,ground cardamom
ingred_513,pumpkin seeds
ingred_514,teriyaki sauce
ingred_515,pork chops
ingred_516,instant yeast
ingred_517,dried onion flakes
ingred_518,medium shrimp
ingred_519,red cabbage
ingred_520,celery salt
ingred_521,sweet potatoes
ingred_522,macaroni
ingred_523,italian dressing
ingred_524,lemon peel
ingred_525,clove
ingred_526,ground flax seeds
ingred_527,fresh tarragon
ingred_528,beets
ingred_529,hamburger buns
ingred_530,fresh blueberries
ingred_531,fennel bulb
ingred_532,tortillas
ingred_533,poultry seasoning
ingred_534,light cream
ingred_535,brie cheese
ingred_536,old bay seasoning
ingred_537,watercress
ingred_538,basmati rice
ingred_539,noodles
ingred_540,italian bread
ingred_541,sherry wine vinegar
ingred_542,fresh coriander leaves
ingred_543,crushed pineapple
ingred_544,pita bread
ingred_545,red capsicum
ingred_546,long grain rice
ingred_547,poppy seed
ingred_548,fresh parmesan cheese
ingred_549,dried parsley flakes
ingred_550,canned black beans
ingred_551,dates
ingred_552,partskim ricotta cheese
ingred_553,reduced sodium soy sauce
ingred_554,strawberries
ingred_555,shiitake mushrooms
ingred_556,monterey jack pepper cheese
ingred_557,pitted black olives
ingred_558,salad oil
ingred_559,olives
ingred_560,white onions
ingred_561,whole cloves
ingred_562,miracle whip
ingred_563,boneless chicken breasts
ingred_564,corn kernels
ingred_565,wheat bran
ingred_566,pineapple juice
ingred_567,table salt
ingred_568,radishes
ingred_569,hamburger
ingred_570,fresh italian parsley
ingred_571,marinated artichoke hearts
ingred_572,plain breadcrumbs
ingred_573,red lentil
ingred_574,toasted sesame seeds
ingred_575,baguette
ingred_576,brown lentils
ingred_577,lettuce leaves
ingred_578,creme fraiche
ingred_579,salt  fresh ground pepper
ingred_580,lowfat milk
ingred_581,confectioners sugar
ingred_582,mexican blend cheese
ingred_583,prepared horseradish
ingred_584,mirin
ingred_585,splenda sugar substitute
ingred_586,fettuccine
ingred_587,dried apricot
ingred_588,dried chipotle powder
ingred_589,mint leaf
ingred_590,tomatoes and green chilies
ingred_591,dried marjoram
ingred_592,low sodium vegetable broth
ingred_593,oyster sauce
ingred_594,pearl barley
ingred_595,curry leaves
ingred_596,pineapple
ingred_597,tuna
ingred_598,red chili pepper
ingred_599,peppercorns
ingred_600,nonfat sour cream
ingred_601,oatmeal
ingred_602,cremini mushrooms
ingred_603,peaches
ingred_604,fresh mozzarella cheese
ingred_605,parsley flakes
ingred_606,dried lentils
ingred_607,onion soup mix
ingred_608,arborio rice
ingred_609,red chile
ingred_610,ground chuck
ingred_611,fresh spinach leaves
ingred_612,green chili pepper
ingred_613,parsnips
ingred_614,spring onion
ingred_615,oat bran
ingred_616,fresh orange juice
ingred_617,italian parsley
ingred_618,corn oil
ingred_619,white rice
ingred_620,cauliflower florets
ingred_621,boneless skinless chicken thighs
ingred_622,gorgonzola
ingred_623,asiago cheese
ingred_624,golden raisin
ingred_625,dried dill
ingred_626,asparagus spears
ingred_627,lemon pepper
ingred_628,pure maple syrup
ingred_629,prawns
ingred_630,creamed corn
ingred_631,whole wheat tortillas
ingred_632,poppy seeds
ingred_633,rotini pasta
ingred_634,orange rind
ingred_635,water chestnuts
ingred_636,chicken wings
ingred_637,heavy whipping cream
ingred_638,fat free sour cream
ingred_639,mandarin oranges
ingred_640,sauerkraut
ingred_641,diced tomatoes with juice
ingred_642,plum tomato
ingred_643,sourdough bread
ingred_644,horseradish
ingred_645,pepperoni
ingred_646,red curry paste
ingred_647,mint leaves
ingred_648,barley
ingred_649,phyllo dough
ingred_650,dried tarragon
ingred_651,lime wedge
ingred_652,new potatoes
ingred_653,rotel tomatoes
ingred_654,bow tie pasta
ingred_655,flax seed
ingred_656,low fat cottage cheese
ingred_657,light coconut milk
ingred_658,chipotle chiles in adobo
ingred_659,orange bell pepper
ingred_660,orzo pasta
ingred_661,chili paste
ingred_662,dried thyme leaves
ingred_663,catsup
ingred_664,old fashioned oats
ingred_665,puff pastry
ingred_666,red lentils
ingred_667,ginger paste
ingred_668,pimientos
ingred_669,bok choy
ingred_670,braggs liquid aminos
ingred_671,colbymonterey jack cheese
ingred_672,xanthan gum
ingred_673,sake
ingred_674,nutritional yeast flakes
ingred_675,vegetable oil cooking spray
ingred_676,fresh strawberries
ingred_677,chipotle chile in adobo
ingred_678,italian sausage
ingred_679,ground mustard
ingred_680,agave nectar
ingred_681,almond extract
ingred_682,canned chickpeas
ingred_683,ranch dressing
ingred_684,chili flakes
ingred_685,swiss chard
ingred_686,roma tomato
ingred_687,hardboiled egg
ingred_688,wonton wrappers
ingred_689,soya sauce
ingred_690,vegetable bouillon cubes
ingred_691,broth
ingred_692,wheat flour
ingred_693,napa cabbage
ingred_694,edamame
ingred_695,chicken breast halves
ingred_696,lemon rind
ingred_697,granny smith apples
ingred_698,miso
ingred_699,fresh garlic cloves
ingred_700,whole wheat pastry flour
ingred_701,tarragon
ingred_702,penne
ingred_703,herbes de provence
ingred_704,green chili peppers
ingred_705,gingergarlic paste
ingred_706,hummus
ingred_707,fontina cheese
ingred_708,cantaloupe
ingred_709,cinnamon sticks
ingred_710,angel hair pasta
ingred_711,oregano leaves
ingred_712,radish
ingred_713,parsnip
ingred_714,currants
ingred_715,curry paste
ingred_716,vital wheat gluten
ingred_717,quickcooking oats
ingred_718,chunky salsa
ingred_719,alfredo sauce
ingred_720,pears
ingred_721,canned pumpkin
ingred_722,turkey
ingred_723,rice wine
ingred_724,jicama
ingred_725,grapeseed oil
ingred_726,unbleached flour
ingred_727,crouton
ingred_728,almond milk
ingred_729,dried dill weed
ingred_730,dark red kidney beans
ingred_731,dried oregano leaves
ingred_732,textured vegetable protein
ingred_733,pumpkin pie spice
ingred_734,dried red chilies
ingred_735,granny smith apple
ingred_736,light olive oil
ingred_737,pumpkin puree
ingred_738,cooked chicken breasts
ingred_739,limesc juice of
ingred_740,sausage
ingred_741,orange peel
ingred_742,frozen puff pastry
ingred_743,splenda granular
ingred_744,fresh breadcrumb
ingred_745,dried chili pepper flakes
ingred_746,pineapple chunks
ingred_747,white button mushrooms
ingred_748,prepared pizza crust
ingred_749,lettuce leaf
ingred_750,orange marmalade
ingred_751,bulgur
ingred_752,frozen corn kernels
ingred_753,pear
ingred_754,italian seasoned breadcrumbs
ingred_755,white mushrooms
ingred_756,chicken bouillon cube
ingred_757,dried mint
ingred_758,fine sea salt
ingred_759,vidalia onion
ingred_760,great northern beans
ingred_761,chicken bouillon cubes
ingred_762,baking potatoes
ingred_763,crusty bread
ingred_764,reducedsodium chicken broth
ingred_765,coriander seeds
ingred_766,portabella mushroom caps
ingred_767,tilapia fillets
ingred_768,pork
ingred_769,raw cashews
ingred_770,sweet corn
ingred_771,mixed salad greens
ingred_772,creamy peanut butter
ingred_773,ground cayenne pepper
ingred_774,wide egg noodles
ingred_775,shredded coconut
ingred_776,minced garlic clove
ingred_777,rice flour
ingred_778,summer squash
ingred_779,fenugreek seeds
ingred_780,reducedfat sour cream
ingred_781,dark soy sauce
ingred_782,lemonsc juice of
ingred_783,cooked bacon
ingred_784,italian salad dressing
ingred_785,yoghurt
ingred_786,vegan mayonnaise
ingred_787,wild rice
ingred_788,flax seed meal
ingred_789,saffron
ingred_790,fresh thyme leave
ingred_791,olive oil flavored cooking spray
ingred_792,dried italian seasoning
ingred_793,sliced water chestnuts
ingred_794,vermicelli
ingred_795,brandy
ingred_796,apple cider
ingred_797,lump crabmeat
ingred_798,greens
ingred_799,curry
ingred_800,lemonc juice and zest of
ingred_801,fresh breadcrumbs
ingred_802,longgrain white rice
ingred_803,ramen noodles
ingred_804,red chili pepper flakes
ingred_805,mangoes
ingred_806,seasoned bread crumbs
ingred_807,tempeh
ingred_808,ciabatta
ingred_809,ground sage
ingred_810,sundried tomato packed in oil
ingred_811,beef stew meat
ingred_812,dried apricots
ingred_813,whole grain mustard
ingred_814,cocoa powder
ingred_815,plain lowfat yogurt
ingred_816,condensed cream of mushroom soup
ingred_817,fatfree mayonnaise
ingred_818,herbs
ingred_819,chocolate chips
ingred_820,pickling salt
ingred_821,onion salt
ingred_822,garlic paste
ingred_823,guacamole
ingred_824,cream of celery soup
ingred_825,stock
ingred_826,granulated garlic
ingred_827,cardamom
ingred_828,frozen broccoli
ingred_829,pimiento
ingred_830,alfalfa sprout
ingred_831,plain nonfat yogurt
ingred_832,turnips
ingred_833,mixed vegetables
ingred_834,quick oats
ingred_835,pork sausage
ingred_836,mango chutney
ingred_837,dill pickle
ingred_838,fresh tomato
ingred_839,panir
ingred_840,lowfat mayonnaise
ingred_841,fennel
ingred_842,deli ham
ingred_843,yukon gold potatoes
ingred_844,cooked turkey
ingred_845,spelt flour
ingred_846,pancetta
ingred_847,red beans
ingred_848,mixed greens
ingred_849,fresh asparagus
ingred_850,garam masala powder
ingred_851,brown rice flour
ingred_852,saffron thread
ingred_853,creole seasoning
ingred_854,mild cheddar cheese
ingred_855,russet potato
ingred_856,potato starch
ingred_857,pure vanilla extract
ingred_858,peppercorn
ingred_859,longgrain rice
ingred_860,white kidney beans
ingred_861,cranberries
ingred_862,hazelnuts
ingred_863,halfandhalf cream
ingred_864,tomatillos
ingred_865,coarse sea salt
ingred_866,spanish onion
ingred_867,rye flour
ingred_868,smoked sausage
ingred_869,tamari soy sauce
ingred_870,cracker
ingred_871,okra
ingred_872,mixed herbs
ingred_873,fresh sage leaves
ingred_874,beef bouillon cubes
ingred_875,chicken tenders
ingred_876,cooked shrimp
ingred_877,gouda cheese
ingred_878,selfrising flour
ingred_879,ground thyme
ingred_880,kidney bean
ingred_881,fresh broccoli
ingred_882,walnut pieces
ingred_883,dried cherries
ingred_884,soy flour
ingred_885,dried herbs
ingred_886,fresh herb
ingred_887,red capsicums
ingred_888,wine vinegar
ingred_889,smoked salmon
ingred_890,chili pepper
ingred_891,sliced ripe olives
ingred_892,orangec zest of
ingred_893,chiligarlic sauce
ingred_894,skinless chicken breasts
ingred_895,vodka
ingred_896,harissa
ingred_897,dijonstyle mustard
ingred_898,salad greens
ingred_899,clam juice
ingred_900,chinese five spice powder
ingred_901,asafoetida powder
ingred_902,dry onion soup mix
ingred_903,artichokes
ingred_904,pecorino romano cheese
ingred_905,chicken bouillon
ingred_906,sweet chili sauce
ingred_907,millet
ingred_908,bread machine yeast
ingred_909,whole wheat spaghetti
ingred_910,rocket
ingred_911,fennel bulbs
ingred_912,ground lamb
ingred_913,mixed mushrooms
ingred_914,nonfat dry milk powder
ingred_915,butter beans
ingred_916,whole wheat pasta
ingred_917,salmon
ingred_918,apricot preserves
ingred_919,chilies
ingred_920,whole chickens
ingred_921,soft tofu
ingred_922,frozen chopped broccoli
ingred_923,tuna in water
ingred_924,fresh green beans
ingred_925,celery seeds
ingred_926,sriracha sauce
ingred_927,stewing beef
ingred_928,salad dressing
ingred_929,light cream cheese
ingred_930,bisquick
ingred_931,bulgar wheat
ingred_932,simply potatoes diced potatoes with onion
ingred_933,dried garbanzo beans
ingred_934,tomato ketchup
ingred_935,halloumi cheese
ingred_936,rice milk
ingred_937,fresh marjoram
ingred_938,yellow bell peppers
ingred_939,cheese tortellini
ingred_940,fresh thyme leaves
ingred_941,mace
ingred_942,soft fresh goat cheese
ingred_943,fresh jalapeno
ingred_944,ground sirloin
ingred_945,flax seeds
ingred_946,chorizo sausage
ingred_947,fresh cranberries
ingred_948,turnip
ingred_949,fresh peas
ingred_950,roasted garlic
ingred_951,lowfat plain yogurt
ingred_952,queso fresco
ingred_953,lasagna sheets
ingred_954,noboil lasagna noodles
ingred_955,raw shrimp
ingred_956,tequila
ingred_957,beet
ingred_958,allbran cereal
ingred_959,ranch dressing mix
ingred_960,whole wheat pita bread
ingred_961,walnut oil
ingred_962,cooked white rice
ingred_963,thyme leaves
ingred_964,pistachios
ingred_965,nori
ingred_966,anchovy fillets
ingred_967,pie crusts
ingred_968,vidalia onions
ingred_969,tomatoes with juice
ingred_970,dried breadcrumbs
ingred_971,ground chicken
ingred_972,kosher salt  freshly ground black pepper
ingred_973,white cabbage
ingred_974,sweetcorn
ingred_975,soft breadcrumbs
ingred_976,condensed cream of chicken soup
ingred_977,fivespice powder
ingred_978,english muffins
ingred_979,kaffir lime leaves
ingred_980,cooked pasta
ingred_981,fresh black pepper
ingred_982,fusilli
ingred_983,frozen green pea
ingred_984,collard greens
ingred_985,vegan parmesan cheese
ingred_986,green lentils
ingred_987,button mushroom
ingred_988,fatfree cottage cheese
ingred_989,serrano chili
ingred_990,unbleached white flour
ingred_991,lemon wedges
ingred_992,semisweet chocolate chips
ingred_993,virgin olive oil
ingred_994,natural yoghurt
ingred_995,purple cabbage
ingred_996,fresh corn kernels
ingred_997,low sodium beef broth
ingred_998,naturalstyle peanut butter
ingred_999,smoked ham
ingred_1000,polenta
ingred_1001,white cheddar cheese
ingred_1002,navy beans
ingred_1003,onion flakes
ingred_1004,dried porcini mushrooms
ingred_1005,seasoned rice vinegar
ingred_1006,arrowroot
ingred_1007,cocoa
ingred_1008,water chestnut
ingred_1009,egg beaters egg substitute
ingred_1010,semolina
ingred_1011,distilled white vinegar
ingred_1012,lard
ingred_1013,adobo seasoning
ingred_1014,radicchio
ingred_1015,fettuccine pasta
ingred_1016,creamstyle corn
ingred_1017,sweet onions
ingred_1018,grapes
ingred_1019,dry active yeast
ingred_1020,lowfat buttermilk
ingred_1021,country bread
ingred_1022,condensed tomato soup
ingred_1023,taco sauce
ingred_1024,dried basil leaves
ingred_1025,dry roasted peanuts
ingred_1026,powdered milk
ingred_1027,pecan halves
ingred_1028,mascarpone cheese
ingred_1029,soba noodles
ingred_1030,instant rice
ingred_1031,seitan
ingred_1032,crunchy peanut butter
ingred_1033,hot pepper flakes
ingred_1034,chili seasoning mix
ingred_1035,kaiser rolls
ingred_1036,spaghetti noodles
ingred_1037,whole chicken
ingred_1038,frozen green beans
ingred_1039,rolls
ingred_1040,nonfat plain yogurt
ingred_1041,selfraising flour
ingred_1042,phyllo pastry
ingred_1043,sweet pickle relish
ingred_1044,fresh corn
ingred_1045,corned beef
ingred_1046,chili beans
ingred_1047,rotel
ingred_1048,pecorino cheese
ingred_1049,lowfat ricotta cheese
ingred_1050,chicken pieces
ingred_1051,liquid honey
ingred_1052,sundried tomatoes packed in oil
ingred_1053,portabella mushroom
ingred_1054,tamarind paste
ingred_1055,beef brisket
ingred_1056,farfalle pasta
ingred_1057,shiitake mushroom
ingred_1058,fresh ground white pepper
ingred_1059,scallops
ingred_1060,whole black peppercorn
ingred_1061,reducedfat cheddar cheese
ingred_1062,cracked pepper
ingred_1063,garlic granules
ingred_1064,cardamom pods
ingred_1065,coleslaw mix
ingred_1066,lowfat cream cheese
ingred_1067,dried shiitake mushrooms
ingred_1068,mild salsa
ingred_1069,fine dry breadcrumb
ingred_1070,taco shells
ingred_1071,kiwi fruits
ingred_1072,coarse grain mustard
ingred_1073,pomegranate seeds
ingred_1074,italian breadcrumbs
ingred_1075,biscuit mix
ingred_1076,extra lean ground beef
ingred_1077,sourdough starter
ingred_1078,frozen whole kernel corn
ingred_1079,red enchilada sauce
ingred_1080,dried chili
ingred_1081,sage leaves
ingred_1082,clams
ingred_1083,instant potato flakes
ingred_1084,flour tortilla
ingred_1085,bisquick baking mix
ingred_1086,kielbasa
ingred_1087,dried black beans
ingred_1088,reducedfat feta cheese
ingred_1089,liquid pectin
ingred_1090,vegetable bouillon cube
ingred_1091,ground mace
ingred_1092,sugar snap peas
ingred_1093,refrigerated crescent dinner rolls
ingred_1094,cream of tartar
ingred_1095,sandwich buns
ingred_1096,chili peppers
ingred_1097,jasmine rice
ingred_1098,split peas
ingred_1099,imitation crabmeat
ingred_1100,raspberry vinegar
ingred_1101,bourbon
ingred_1102,instant minced onion
ingred_1103,honey mustard
ingred_1104,crescent rolls
ingred_1105,ziti pasta
ingred_1106,black mustard seeds
ingred_1107,bamboo shoots
ingred_1108,sea scallops
ingred_1109,baby corn
ingred_1110,wine
ingred_1111,serrano peppers
ingred_1112,potato chips
ingred_1113,pita breads
ingred_1114,marsala wine
ingred_1115,ginger powder
ingred_1116,fatfree halfandhalf
ingred_1117,natural bran
ingred_1118,minced ginger
ingred_1119,light butter
ingred_1120,hass avocadoes
ingred_1121,rice noodles
ingred_1122,navel oranges
ingred_1123,rye bread
ingred_1124,boneless pork chops
ingred_1125,diced tomatoes with green chilies
ingred_1126,double cream
ingred_1127,butterflavored cooking spray
ingred_1128,salmon fillet
ingred_1129,dried cilantro
ingred_1130,muenster cheese
ingred_1131,rum
ingred_1132,plain fatfree yogurt
ingred_1133,cooked lentils
ingred_1134,chicken drumsticks
ingred_1135,green capsicum
ingred_1136,sambal oelek
ingred_1137,fennel seeds
ingred_1138,desiccated coconut
ingred_1139,pumpernickel bread
ingred_1140,fresh cracked pepper
ingred_1141,curry leaf
ingred_1142,unsweetened coconut milk
ingred_1143,wheat berries
ingred_1144,hearts of palm
ingred_1145,spaghetti squash
ingred_1146,basil pesto
ingred_1147,french beans
ingred_1148,fatfree cheddar cheese
ingred_1149,italian spices
ingred_1150,green enchilada sauce
ingred_1151,white fish fillets
ingred_1152,green tomatoes
ingred_1153,baby shrimp
ingred_1154,acorn squash
ingred_1155,chili oil
ingred_1156,anise seed
ingred_1157,roasted peanuts
ingred_1158,cashew nuts
ingred_1159,tart apples
ingred_1160,ground round
ingred_1161,courgette
ingred_1162,crystallized ginger
ingred_1163,seedless cucumber
ingred_1164,dried ancho chile powder
ingred_1165,whole wheat penne
ingred_1166,lima beans
ingred_1167,hot pepper
ingred_1168,frozen artichoke hearts
ingred_1169,cotija cheese
ingred_1170,cilantro leaves
ingred_1171,vegan margarine
ingred_1172,celery leaves
ingred_1173,picante sauce
ingred_1174,yellow tomatoes
ingred_1175,salted butter
ingred_1176,single cream
ingred_1177,inch flour tortillas
ingred_1178,oyster mushrooms
ingred_1179,macadamia nuts
ingred_1180,goats cheese
ingred_1181,diced onions
ingred_1182,boneless skinless chicken
ingred_1183,cut green beans
ingred_1184,chinese cabbage
ingred_1185,dried red pepper flakes
ingred_1186,raw sugar
ingred_1187,pepitas
ingred_1188,boneless pork shoulder
ingred_1189,corn syrup
ingred_1190,caraway seeds
ingred_1191,stilton cheese
ingred_1192,mexican oregano
ingred_1193,small shrimp
ingred_1194,udon noodles
ingred_1195,fast rising yeast
ingred_1196,cranberry sauce
ingred_1197,pineapple chunk
ingred_1198,fresh lemon rind
ingred_1199,superfine sugar
ingred_1200,craisins
ingred_1201,fresh thyme sprigs
ingred_1202,dried split peas
ingred_1203,chicken base
ingred_1204,dill pickles
ingred_1205,hot paprika
ingred_1206,jumbo pasta shells
ingred_1207,green cardamoms
ingred_1208,vegetable shortening
ingred_1209,small shell pasta
ingred_1210,fresh jalapenos
ingred_1211,chuck roast
ingred_1212,shoyu
ingred_1213,bacon bits
ingred_1214,beef consomme
ingred_1215,chickpea flour
ingred_1216,canadian bacon
ingred_1217,vinaigrette
ingred_1218,corn flakes
ingred_1219,manicotti
ingred_1220,adobo sauce
ingred_1221,safflower oil
ingred_1222,white bread flour
ingred_1223,nonfat yogurt
ingred_1224,stevia
ingred_1225,vegetarian ground beef
ingred_1226,purple onion
ingred_1227,clear honey
ingred_1228,white mushroom
ingred_1229,white miso
ingred_1230,mixed baby greens
ingred_1231,lemonc rind of
ingred_1232,brown onion
ingred_1233,peach
ingred_1234,soy crumbles
ingred_1235,ripe olives
ingred_1236,french baguette
ingred_1237,sweet basil
ingred_1238,egg roll wraps
ingred_1239,gruyere
ingred_1240,season salt
ingred_1241,vegetable stock powder
ingred_1242,lemon pepper seasoning
ingred_1243,tapioca starch
ingred_1244,idaho potatoes
ingred_1245,veggie burgers
ingred_1246,butter lettuce
ingred_1247,vegetable bouillon granules
ingred_1248,fat free chicken broth
ingred_1249,reducedfat cream cheese
ingred_1250,parmigiano
ingred_1251,fish fillets
ingred_1252,fruit
ingred_1253,simply potatoesregb shredded hash browns
ingred_1254,french dressing
ingred_1255,bicarbonate of soda
ingred_1256,chia seeds
ingred_1257,cod fish fillets
ingred_1258,pie crust
ingred_1259,light corn syrup
ingred_1260,grape leaves
ingred_1261,toasted wheat germ
ingred_1262,walnut halves
ingred_1263,orange juice concentrate
ingred_1264,accent seasoning
ingred_1265,seedless grapes
ingred_1266,pizza crust
ingred_1267,fenugreek leaves
ingred_1268,pickle
ingred_1269,caesar salad dressing
ingred_1270,hot red pepper flakes
ingred_1271,italian salad dressing mix
ingred_1272,canned tomato
ingred_1273,plain soymilk
ingred_1274,aubergine
ingred_1275,oat flour
ingred_1276,chili paste with garlic
ingred_1277,silken tofu
ingred_1278,meat
ingred_1279,pickle juice
ingred_1280,courgettes
ingred_1281,dried red lentils
ingred_1282,white whole wheat flour
ingred_1283,lemon slice
ingred_1284,wild mushrooms
ingred_1285,saltine crackers
ingred_1286,frozen cut green beans
ingred_1287,icing sugar
ingred_1288,veggie crumbles
ingred_1289,self rising flour
ingred_1290,dried yeast
ingred_1291,thousand island dressing
ingred_1292,fat free cream cheese
ingred_1293,rotisseriecooked chicken
ingred_1294,parsley sprigs
ingred_1295,whole wheat lasagna noodles
ingred_1296,rigatoni pasta
ingred_1297, fat cottage cheese
ingred_1298,dried fruit
ingred_1299,urad dal
ingred_1300,diced pimentos
ingred_1301,star anise
ingred_1302,yukon gold potato
ingred_1303,corn chips
ingred_1304,italian plum tomatoes
ingred_1305,frozen broccoli florets
ingred_1306,monterey jack and cheddar cheese blend
ingred_1307,pam cooking spray
ingred_1308,savoy cabbage
ingred_1309,ground almonds
ingred_1310,fresh broccoli florets
ingred_1311,fresh shiitake mushrooms
ingred_1312,lean ground turkey
ingred_1313,jalapeno chile
ingred_1314,red seedless grapes
ingred_1315,chile
ingred_1316,dry crushed red pepper
ingred_1317,gram flour
ingred_1318,romaine lettuce hearts
ingred_1319,watermelon
ingred_1320,beef tenderloin
ingred_1321,zaatar spice mix
ingred_1322,sugar snap pea
ingred_1323,head cauliflower
ingred_1324,pitted dates
ingred_1325,spices
ingred_1326,cooked longgrain rice
ingred_1327,seedless watermelon
ingred_1328,yellow sweet onion
ingred_1329,seasoned stuffing mix
ingred_1330,fatfree refried beans
ingred_1331,lasagna noodle
ingred_1332,mexican cheese
ingred_1333,fresh pineapple
ingred_1334,fatfree evaporated milk
ingred_1335,cooked boneless skinless chicken breasts
ingred_1336,fatfree chicken broth
ingred_1337,hominy
ingred_1338,mild curry powder
ingred_1339,beef bouillon
ingred_1340,brown mustard seeds
ingred_1341,vegan cheese
ingred_1342,italianstyle diced tomatoes
ingred_1343,cream cheese spread
ingred_1344,roast beef
ingred_1345,hing
ingred_1346,mild green chilies
ingred_1347,capsicum
ingred_1348,golden raisins
ingred_1349,rotel tomatoes  chilies
ingred_1350,salad leaves
ingred_1351,pickled jalapeno pepper
ingred_1352,lowfat yogurt
ingred_1353,unsalted cashews
ingred_1354,fish stock
ingred_1355,thin spaghetti
ingred_1356,chicken parts
ingred_1357,powdered ginger
ingred_1358,reducedfat mayonnaise
ingred_1359,philadelphia cream cheese
ingred_1360,beef bouillon granules
ingred_1361,pepperoncini pepper
ingred_1362,unsweetened cocoa
ingred_1363,hardcooked eggs
ingred_1364,vinaigrette dressing
ingred_1365,mango powder
ingred_1366,dried onion
ingred_1367,coconut cream
ingred_1368,artichoke heart
ingred_1369,roasting chickens
ingred_1370,ranch style beans
ingred_1371,balsamic vinaigrette
ingred_1372,habanero pepper
ingred_1373,pasta shells
ingred_1374,hot dogs
ingred_1375,poblano peppers
ingred_1376,english cucumbers
ingred_1377,garlic pepper seasoning
ingred_1378,cauliflower floret
ingred_1379,boneless chicken breast
ingred_1380,palm sugar
ingred_1381,champagne vinegar
ingred_1382,round steaks
ingred_1383,self raising flour
ingred_1384,fat free mozzarella cheese
ingred_1385,almond butter
ingred_1386,unsalted peanuts
ingred_1387,italian herb seasoning
ingred_1388,ritz crackers
ingred_1389,gnocchi
ingred_1390,papaya
ingred_1391,lamb
ingred_1392,frozen orange juice concentrate
ingred_1393,tarragon vinegar
ingred_1394,pork loin
ingred_1395,dry lentils
ingred_1396,turkey bacon
ingred_1397,thai red curry paste
ingred_1398,yellow mustard seeds
ingred_1399,fine breadcrumbs
ingred_1400,uncooked rice
ingred_1401,cool whip
ingred_1402,flaked coconut
ingred_1403,winter squash
ingred_1404,spicy brown mustard
ingred_1405,unsweetened coconut
ingred_1406,red leaf lettuce
ingred_1407,escarole
ingred_1408,juniper berries
ingred_1409,tortilla
ingred_1410,fresh herbs
ingred_1411,nosaltadded tomato sauce
ingred_1412,dry ranch dressing mix
ingred_1413,artificial sweetener
ingred_1414,red pepper sauce
ingred_1415,hot chili pepper
ingred_1416,baby portabella mushrooms
ingred_1417,hot chili sauce
ingred_1418,rhubarb
ingred_1419,mixed sprouts
ingred_1420,whole almond
ingred_1421,pork spareribs
ingred_1422,arugula leaf
ingred_1423,hungarian paprika
ingred_1424,unflavored gelatin
ingred_1425,steak sauce
ingred_1426,italian sausages
ingred_1427,focaccia bread
ingred_1428,chicken bouillon granule
ingred_1429,genoa salami
ingred_1430,whole berry cranberry sauce
ingred_1431,extrasharp cheddar cheese
ingred_1432,cooking apples
ingred_1433,dark beer
ingred_1434,raw honey
ingred_1435,risotto rice
ingred_1436,yellow peppers
ingred_1437,fava beans
ingred_1438,ground turkey breast
ingred_1439,anchovies
ingred_1440,chicken bouillon granules
ingred_1441,tart apple
ingred_1442,wasabi powder
ingred_1443,beetroots
ingred_1444,vegetable stock cube
ingred_1445,sweetened flaked coconut
ingred_1446,celeriac
ingred_1447,syrup
ingred_1448,red beets
ingred_1449,long grain white rice
ingred_1450,buns
ingred_1451,canned tuna
ingred_1452,mashed banana
ingred_1453,limec zest of
ingred_1454,salami
ingred_1455,fresh fruit
ingred_1456,cooked noodles
ingred_1457,pita bread rounds
ingred_1458,cake flour
ingred_1459,green lentil
ingred_1460,crackers
ingred_1461,vegan sour cream
ingred_1462,brussels sprouts
ingred_1463,white pepper powder
ingred_1464,baking mix
ingred_1465,white corn
ingred_1466,frenchfried onions
ingred_1467,white potatoes
ingred_1468,lamb shanks
ingred_1469,dried currant
ingred_1470,head of cabbage
ingred_1471,mashed bananas
ingred_1472,buckwheat flour
ingred_1473,chicken legs
ingred_1474,dry pasta
ingred_1475,mushroom soup
ingred_1476,cherries
ingred_1477,dried red chili
ingred_1478,corn muffin mix
ingred_1479,ground oregano
ingred_1480,shortcrust pastry
ingred_1481,boneless pork loin
ingred_1482,jalapeno jack cheese
ingred_1483,fish
ingred_1484,rutabaga
ingred_1485,flank steaks
ingred_1486,fatfree ricotta cheese
ingred_1487,ice water
ingred_1488,cod
ingred_1489,hot dog buns
ingred_1490,vegetarian sausages
ingred_1491,soft brown sugar
ingred_1492,gluten
ingred_1493,cremini mushroom
ingred_1494,thai sweet chili sauce
ingred_1495,parsley sprig
ingred_1496,cannellini
ingred_1497,shortgrain rice
ingred_1498,smoked bacon
ingred_1499,hamburger bun
ingred_1500,veggie burger
ingred_1501,red food coloring
ingred_1502,fresh jalapeno pepper
ingred_1503,fresh jalapeno peppers
ingred_1504,vegetarian worcestershire sauce
ingred_1505,breakfast sausage
ingred_1506,sultanas
ingred_1507,tapioca flour
ingred_1508,cooked quinoa
ingred_1509,wooden skewers
ingred_1510,fresh coconut
ingred_1511,orangec juice of
ingred_1512,limec juice and zest of
ingred_1513,lime wedges
ingred_1514,cooked spaghetti
ingred_1515,vegetable juice
ingred_1516,vegetarian refried beans
ingred_1517,soup mix
ingred_1518,broilerfryer chicken
ingred_1519,channa dal
ingred_1520,sugar substitute
ingred_1521,chicken drummettes
ingred_1522,tamarind pulp
ingred_1523,wasabi
ingred_1524,jumbo shrimp
ingred_1525,brown gravy mix
ingred_1526,corn tortilla
ingred_1527,red apple
ingred_1528,emmenthaler cheese
ingred_1529,seasoned dry bread crumb
ingred_1530,aubergines
ingred_1531,sultana
ingred_1532,hot chili oil
ingred_1533,chevre cheese
ingred_1534,cheese ravioli
ingred_1535,alfalfa sprouts
ingred_1536,grits
ingred_1537,white shoepeg corn
ingred_1538,romaine lettuce leaves
ingred_1539,mini chocolate chip
ingred_1540,steel cut oats
ingred_1541,chicken breast fillets
ingred_1542,condensed golden mushroom soup
ingred_1543,coarse black pepper
ingred_1544,white balsamic vinegar
ingred_1545,marinade
ingred_1546,pickling spices
ingred_1547,lowfat mozzarella cheese
ingred_1548,mccormicks montreal brand steak seasoning
ingred_1549,evaporated skim milk
ingred_1550,daikon radish
ingred_1551,vital wheat gluten flour
ingred_1552,poblano chiles
ingred_1553,beef chuck
ingred_1554,broccolini
ingred_1555,lemonpepper seasoning
ingred_1556,flax seed oil
ingred_1557,port wine
ingred_1558,fresh lemon
ingred_1559,chestnut mushrooms
ingred_1560,white sesame seeds
ingred_1561,sweet red peppers
ingred_1562,baked beans
ingred_1563,fresh cilantro stem
ingred_1564,fresh crabmeat
ingred_1565,pork roast
ingred_1566,jarlsberg cheese
ingred_1567,jalapeno chiles
ingred_1568,neufchatel cheese
ingred_1569,aluminum foil
ingred_1570,mesclun
ingred_1571,boneless chicken thighs
ingred_1572,simply potatoes traditional mashed potatoes
ingred_1573,pineapple chunks in juice
ingred_1574,red grapes
ingred_1575,mixed spice
ingred_1576,poblano pepper
ingred_1577,ground lean pork
ingred_1578,dry milk
ingred_1579,fresh white breadcrumbs
ingred_1580,apricot jam
ingred_1581,bamboo shoot
ingred_1582,lemon slices
ingred_1583,beef bouillon cube
ingred_1584,mrs dash seasoning mix
ingred_1585,thai fish sauce
ingred_1586,pitted ripe olives
ingred_1587,bread dough
ingred_1588,flatleaf italian parsley
ingred_1589,baking potato
ingred_1590,madeira wine
ingred_1591,creole mustard
ingred_1592,mixed italian herbs
ingred_1593,toast
ingred_1594,small red potatoes
ingred_1595,flounder fillets
ingred_1596,vanilla bean
ingred_1597,stir fry vegetables
ingred_1598,dried fig
ingred_1599,reducedfat mozzarella cheese
ingred_1600,louisiana hot sauce
ingred_1601,red sweet bell pepper
ingred_1602,small white beans
ingred_1603,dark rum
ingred_1604,cajun spices
ingred_1605,mushroom stems and pieces
ingred_1606,baby potatoes
ingred_1607,mussels
ingred_1608,hass avocado
ingred_1609,green cardamom pods
ingred_1610,fresh goat cheese
ingred_1611,black cardamom pods
ingred_1612,chopped pimiento
ingred_1613,whole wheat hamburger buns
ingred_1614,blanched almond
ingred_1615,hamburger meat
ingred_1616,fresh cream
ingred_1617,catfish fillets
ingred_1618,flat bread
ingred_1619,green peppercorn
ingred_1620,anaheim chilies
ingred_1621,raspberry vinaigrette dressing
ingred_1622,mexicanstyle corn
ingred_1623,frozen blueberries
ingred_1624,vanilla essence
ingred_1625,raspberries
ingred_1626,berries
ingred_1627,whole wheat bread crumbs
ingred_1628,pickled jalapeno peppers
ingred_1629,tater tots
ingred_1630,salt pork
ingred_1631,canned pumpkin puree
ingred_1632,crookneck yellow squash
ingred_1633,tricolor spiral pasta
ingred_1634,guar gum
ingred_1635,ground walnuts
ingred_1636,boneless pork
ingred_1637,minute rice
ingred_1638,french baguettes
ingred_1639,smooth peanut butter
ingred_1640,fontina
ingred_1641,cracked wheat
ingred_1642,almond flour
ingred_1643,brussels sprout
ingred_1644,rosemary sprig
ingred_1645,whole turkey
ingred_1646,unsweetened cocoa powder
ingred_1647,vegan butter
ingred_1648,emerils original essence
ingred_1649,garlic butter
ingred_1650,long grain and wild rice blend
ingred_1651,fresh lemon zest
ingred_1652,dried brown lentils
ingred_1653,bacon drippings
ingred_1654,ground meat
ingred_1655,sweet italian sausage
ingred_1656,fresh nutmeg
ingred_1657,chunky peanut butter
ingred_1658,pickling cucumbers
ingred_1659,sorghum flour
ingred_1660,cayenne powder
ingred_1661,colby cheese
ingred_1662,msg
ingred_1663,vegan cream cheese
ingred_1664,granola cereal
ingred_1665,phyllo pastry sheets
ingred_1666,black bean sauce
ingred_1667,cheddar cheese soup
ingred_1668,honeydew melon
ingred_1669,reducedsodium fatfree chicken broth
ingred_1670,green leaf lettuce
ingred_1671,squash
ingred_1672,canning salt
ingred_1673,rosemary sprigs
ingred_1674,glutenfree flour
ingred_1675,anaheim chili
ingred_1676,whole cumin seed
ingred_1677, lean ground beef
ingred_1678,fresh bean sprouts
ingred_1679,refrigerated pie crusts
ingred_1680,soya milk
ingred_1681,whole wheat breadcrumbs
ingred_1682,serrano chili pepper
ingred_1683,french rolls
ingred_1684,lowfat cooking spray
ingred_1685,bulb of garlic
ingred_1686,boston lettuce
ingred_1687,stirfry sauce
ingred_1688,nonfat vanilla yogurt
ingred_1689,lavender
ingred_1690,dried kidney beans
ingred_1691,edam cheese
ingred_1692, cheddar cheese
ingred_1693,frozen hash brown potatoes
ingred_1694,leg of lamb
ingred_1695,skinless chicken thighs
ingred_1696,rubbed sage
ingred_1697,bocconcini
ingred_1698,serrano chilies
ingred_1699,sushi rice
ingred_1700,frozen sweet corn
ingred_1701,boneless chicken breast halves
ingred_1702,whole green chilies
ingred_1703,solid white tuna packed in water
ingred_1704,hidden valley ranch dressing mix
ingred_1705,fresh peaches
ingred_1706,fresh rosemary leaf
ingred_1707,baby bok choy
ingred_1708,unbleached bread flour
ingred_1709,tortellini
ingred_1710,cracker crumb
ingred_1711,dark molasses
ingred_1712,millet flour
ingred_1713,marinated artichokes
ingred_1714,shaoxing wine
ingred_1715,ham bone
ingred_1716,preserved lemons
ingred_1717,chipotle pepper
ingred_1718,dry vermouth
ingred_1719,burgundy wine
ingred_1720,canned kidney beans
ingred_1721,chutney
ingred_1722,thai basil
ingred_1723,unbleached cane sugar
ingred_1724,blackening seasoning
ingred_1725,italian cheese blend
ingred_1726,firm ripe tomatoes
ingred_1727,sumac
ingred_1728,squid
ingred_1729,red snapper fillets
ingred_1730,curds
ingred_1731,dark raisin
ingred_1732,boursin cheese
ingred_1733,whole grain bread
ingred_1734,hot chili powder
ingred_1735,rice vermicelli
ingred_1736,passata
ingred_1737,jiffy cornbread mix
ingred_1738,seedless raisin
ingred_1739,cardamom powder
ingred_1740,baby arugula
ingred_1741,pillsbury refrigerated crescent dinner rolls
ingred_1742,italian tomatoes
ingred_1743,creamstyle cottage cheese
ingred_1744,oysters
ingred_1745,salted peanuts
ingred_1746,savory
ingred_1747,cereal
ingred_1748,pepperoncini peppers
ingred_1749,chicken bouillon powder
ingred_1750,dried rosemary leaves
ingred_1751,clarified butter
ingred_1752,juice
ingred_1753,cream cheese with garlic and herbs
ingred_1754,stale bread
ingred_1755,english muffin
ingred_1756,apricots
ingred_1757,small curd cottage cheese
ingred_1758,kiwi
ingred_1759,plums
ingred_1760,pickles
ingred_1761,turkey breast
ingred_1762,grapefruit juice
ingred_1763,grand marnier
ingred_1764,butternut pumpkin
ingred_1765,refrigerated biscuits
ingred_1766,fish fillet
ingred_1767,prepared yellow mustard
ingred_1768,multigrain bread
ingred_1769,almond meal
ingred_1770,roasting chicken
ingred_1771,frozen pearl onions
ingred_1772,masa harina
ingred_1773,dill seed
ingred_1774,bulk italian sausage
ingred_1775,fajita seasoning mix
ingred_1776,wholemeal selfrising flour
ingred_1777,green grape
ingred_1778,bulk sausage
ingred_1779,hot chili paste
ingred_1780,apple butter
ingred_1781,celery root
ingred_1782,shiitake mushroom caps
ingred_1783,pimento stuffed olive
ingred_1784,smoked gouda cheese
ingred_1785,dry basil
ingred_1786,grainy mustard
ingred_1787,brown onions
ingred_1788,pork butt
ingred_1789,tuna fish
ingred_1790,kernel corn
ingred_1791,steak seasoning
ingred_1792,french style green beans
ingred_1793,equal sugar substitute
ingred_1794,ears of corn
ingred_1795,chicken tenderloins
ingred_1796,brown rice syrup
ingred_1797,pimento stuffed olives
ingred_1798,real maple syrup
ingred_1799,fatfree buttermilk
ingred_1800,madras curry powder
ingred_1801,plantains
ingred_1802,quickcooking rolled oats
ingred_1803,italian style breadcrumbs
ingred_1804,mixed baby lettuces and spring greens
ingred_1805,raspberry jam
ingred_1806,dried sweetened cranberries
ingred_1807,lawrys seasoned salt
ingred_1808,a original sauce
ingred_1809,salt water
ingred_1810,chicken meat
ingred_1811,chard leaves
ingred_1812,parsley stems
ingred_1813,garlic  herb spreadable cheese
ingred_1814,strong white flour
ingred_1815,broilerfryer chickens
ingred_1816,veal stock
ingred_1817,fresh garlic clove
ingred_1818,dry green lentils
ingred_1819,quickcooking grits
ingred_1820,heirloom tomatoes
ingred_1821,red chili peppers
ingred_1822,dill pickle slices
ingred_1823,all purpose greek seasoning
ingred_1824,ground veal
ingred_1825,spanish onions
ingred_1826,champagne
ingred_1827,pico de gallo
ingred_1828,green onion top
ingred_1829,meatless spaghetti sauce
ingred_1830,dried mexican oregano
ingred_1831,cavatappi pasta
ingred_1832,steak
ingred_1833,boneless pork loin roast
ingred_1834,corn flake crumbs
ingred_1835,lean bacon
ingred_1836,chicken cutlets
ingred_1837,hot italian sausage
ingred_1838,fat
ingred_1839,celery  leaves
ingred_1840,sundried tomato paste
ingred_1841,mandarin orange
ingred_1842,blanched almonds
ingred_1843,dried italian herb seasoning
ingred_1844,chili pepper flakes
ingred_1845,pecan pieces
ingred_1846,sausages
ingred_1847,vermouth
ingred_1848,pork loin chops
ingred_1849,soy margarine
ingred_1850,brown basmati rice
ingred_1851,tasty cheese
ingred_1852,seasoned flour
ingred_1853,mixed salad green
ingred_1854,sweet pepper
ingred_1855,yellow split peas
ingred_1856,coconut flour
ingred_1857,ground sausage
ingred_1858,dark chocolate
ingred_1859,stew meat
ingred_1860,cabbage leaves
ingred_1861,habanero peppers
ingred_1862,whole allspice
ingred_1863,spring roll wrappers
ingred_1864,arugula leaves
ingred_1865,long grain brown rice
ingred_1866,corn on the cob
ingred_1867,large raw shrimp
ingred_1868,halibut fillets
ingred_1869,whole wheat rotini
ingred_1870,cooked basmati rice
ingred_1871,jaggery
ingred_1872,smoked mozzarella cheese
ingred_1873,pancake mix
ingred_1874,cooked wild rice
ingred_1875,lowfat swiss cheese
ingred_1876,dried apple
ingred_1877,unsalted sunflower seeds
ingred_1878,cooked chicken breast
ingred_1879,mushroom caps
ingred_1880,frozen cauliflower
ingred_1881,matzo meal
ingred_1882,green curry paste
ingred_1883,lowfat cheese
ingred_1884,dried mustard
ingred_1885,japanese eggplants
ingred_1886,condensed cream of potato soup
ingred_1887,whipped cream
ingred_1888,malt vinegar
ingred_1889,light margarine
ingred_1890,serrano pepper
ingred_1891,steamed rice
ingred_1892,hellmanns mayonnaise
ingred_1893,black sesame seed
ingred_1894,ancho chilies
ingred_1895,sweet bell peppers
ingred_1896,frozen tater tots
ingred_1897,franks red hot sauce
ingred_1898,soybeans
ingred_1899,tzatziki
ingred_1900,boneless chicken
ingred_1901,roasted sesame seeds
ingred_1902,soup
ingred_1903,lowfat parmesan cheese
ingred_1904,burritosize flour tortillas
ingred_1905,lemonsc zest of
ingred_1906,string
ingred_1907,corn niblets
ingred_1908,pineapple tidbits
ingred_1909,sweet hungarian paprika
ingred_1910,black cardamom pod
ingred_1911,canned plum tomatoes
ingred_1912,crab
ingred_1913,minced clams
ingred_1914,pomegranate molasses
ingred_1915,tarragon leaf
ingred_1916,maraschino cherries
ingred_1917,pork and beans
ingred_1918,banana pepper
ingred_1919,quickcooking tapioca
ingred_1920,turbinado sugar
ingred_1921,canned tomato sauce
ingred_1922,dried bay leaf
ingred_1923,small onion
ingred_1924,preshredded mozzarella cheese
ingred_1925,allspice berries
ingred_1926,lean boneless pork
ingred_1927,deli turkey
ingred_1928,light oil
ingred_1929,broad beans
ingred_1930,dried chilies
ingred_1931,frozen raspberries
ingred_1932,pickled ginger
ingred_1933,reducedcalorie mayonnaise
ingred_1934,french onion soup
ingred_1935,pink grapefruit
ingred_1936,tahini paste
ingred_1937,nonfat cottage cheese
ingred_1938,boiling potatoes
ingred_1939,skewers
ingred_1940,frozen vegetables
ingred_1941,assorted fresh vegetables
ingred_1942,yellow hominy
ingred_1943,sorrel
ingred_1944,endive
ingred_1945,hot red chili peppers
ingred_1946,mung bean sprouts
ingred_1947,hash brown potatoes
ingred_1948,fat free egg substitute
ingred_1949,cinnamon sugar
ingred_1950,brown bread
ingred_1951,fat free feta cheese
ingred_1952,salmon steaks
ingred_1953,smoked tofu
ingred_1954,demerara sugar
ingred_1955,fireroasted tomatoes
ingred_1956,beef gravy
ingred_1957,red miso
ingred_1958,white sauce
ingred_1959,stuffed green olives
ingred_1960,beetroot
ingred_1961,roasted peppers
ingred_1962,nonfat powdered milk
ingred_1963,ground chipotle chile pepper
ingred_1964,amish starter
ingred_1965,lowfat margarine
ingred_1966,red radishes
ingred_1967,chow mein noodles
ingred_1968,canned pinto beans
ingred_1969,green chili sauce
ingred_1970,sweet green pepper
ingred_1971,french lentils
ingred_1972,fresh rosemary leaves
ingred_1973,sofrito sauce
ingred_1974,condensed cheddar cheese soup
ingred_1975,fresh figs
ingred_1976,liquid
ingred_1977,sundried tomato pesto
ingred_1978,instant minced garlic
ingred_1979,frozen lima beans
ingred_1980,pepperoni slices
ingred_1981,extra large eggs
ingred_1982,diced green chilis
ingred_1983,mustard greens
ingred_1984,tap water
ingred_1985,ruby port
ingred_1986,fine dry breadcrumbs
ingred_1987,dried hot red chili pepper
ingred_1988,white pearl onions
ingred_1989,soy cheese
ingred_1990,white peppercorns
ingred_1991,whole coriander seed
ingred_1992,waterpacked artichoke hearts
ingred_1993,natural almonds
ingred_1994,cardamoms
ingred_1995,scotch bonnet pepper
ingred_1996,unsweetened chocolate
ingred_1997,energ egg substitute
ingred_1998,toasted almond
ingred_1999,fastrising active dry yeast
ingred_2000,beefsteak tomatoes
ingred_2001,bouquet garni
ingred_2002,frozen edamame
ingred_2003,dry buttermilk
ingred_2004,pineapple slices
ingred_2005,diced fireroasted tomatoes
ingred_2006,halibut
ingred_2007,pickle relish
ingred_2008,borlotti beans
ingred_2009,croissants
ingred_2010,broccoli rabe
ingred_2011,dried blackeyed peas
ingred_2012,soy yogurt
ingred_2013,sharp white cheddar cheese
ingred_2014,fresh pepper
ingred_2015,ground fenugreek
ingred_2016,unsweetened dried shredded coconut
ingred_2017,grapefruit
ingred_2018,nosaltadded diced tomatoes
ingred_2019,crawfish
ingred_2020,skinless chicken pieces
ingred_2021,soft tacosize flour tortillas
ingred_2022,chive  onion cream cheese
ingred_2023,cooked longgrain brown rice
ingred_2024,green onions with tops
ingred_2025,amaretto
ingred_2026,fresh lemongrass
ingred_2027,ice cube
ingred_2028,dill pickle relish
ingred_2029,chipotle chiles
ingred_2030,brie round
ingred_2031,bouillon
ingred_2032,hot green chili pepper
ingred_2033,baked corn tortilla chips
ingred_2034,greek feta cheese
ingred_2035,meatballs
ingred_2036,asparagus spear
ingred_2037,chicken liver
ingred_2038,yellow lentils
ingred_2039,tomatillo
ingred_2040,wheat
ingred_2041,bouillon cubes
ingred_2042,shrimp paste
ingred_2043,baby clams
ingred_2044,yellow sweet pepper
ingred_2045,canned corn niblets
ingred_2046,cooked penne
ingred_2047,fresh chili pepper
ingred_2048,fresh pumpkin
ingred_2049,pork shoulder
ingred_2050,macaroni noodles
ingred_2051,bran flakes
ingred_2052,pea pods
ingred_2053,v vegetable juice
ingred_2054,bibb lettuce
ingred_2055,summer savory
ingred_2056,toor dal
ingred_2057,ground paprika
ingred_2058,bay scallop
ingred_2059,cranberry juice
ingred_2060,old cheddar cheese
ingred_2061,white hominy
ingred_2062,blackstrap molasses
ingred_2063,pepper sauce
ingred_2064,dried chinese mushrooms
ingred_2065,bengal gram dal
ingred_2066,unsweetened pineapple chunks
ingred_2067,premade puff pastry
ingred_2068,cayenne pepper sauce
ingred_2069,peach preserves
ingred_2070,roquefort cheese
ingred_2071,beefsteak tomato
ingred_2072,skinless chicken breast
ingred_2073,cream cheese with chives
ingred_2074,freerange eggs
ingred_2075,ditalini
ingred_2076,fresh fettuccine
ingred_2077,mild green chili
ingred_2078,green food coloring
ingred_2079,nectarines
ingred_2080,beef short ribs
ingred_2081,kumara
ingred_2082,lipton onion soup mix
ingred_2083,dried red chili pepper
ingred_2084,ritz cracker
ingred_2085,whole wheat couscous
ingred_2086,refried black beans
ingred_2087,grana padano
ingred_2088,egg wash
ingred_2089,lowfat cream of mushroom soup
ingred_2090,roasted almonds
ingred_2091,stove top stuffing mix
ingred_2092,chayotes
ingred_2093,golden syrup
ingred_2094,creamed horseradish
ingred_2095,italian rolls
ingred_2096,farmer cheese
ingred_2097,dried great northern beans
ingred_2098,sodiumfree seasoning
ingred_2099,dried garlic
ingred_2100,ice cubes
ingred_2101,ranch salad dressing
ingred_2102,vegetarian cheddar cheese
ingred_2103,string bean
ingred_2104,vanilla yogurt
ingred_2105,vanillaflavored soymilk
ingred_2106,diced tomatoes with mild green chilies
ingred_2107,garlic heads
ingred_2108,chicken breast tenders
ingred_2109,californiablend frozen vegetables
ingred_2110,reducedfat parmesan cheese
ingred_2111,canned chicken
ingred_2112,fresh sage leaf
ingred_2113,plain white flour
ingred_2114,white breadcrumb
ingred_2115,dried red kidney beans
ingred_2116,unsalted pumpkin seeds
ingred_2117,fine salt
ingred_2118,anchovy paste
ingred_2119,seafood
ingred_2120,skinless chicken
ingred_2121,amaranth
ingred_2122,quickcooking oatmeal
ingred_2123,green seedless grapes
ingred_2124,unsweetened pineapple juice
ingred_2125,pak choi
ingred_2126,small red potato
ingred_2127,wonton skins
ingred_2128,roasted garlic cloves
ingred_2129,instant couscous
ingred_2130,brewers yeast
ingred_2131,porridge oats
ingred_2132,fresh kale
ingred_2133,dried shiitake mushroom
ingred_2134,lite olive oil
ingred_2135,almond paste
ingred_2136,stuffed olives
ingred_2137,miniature semisweet chocolate chips
ingred_2138,fresh bay leaf
ingred_2139,sour milk
ingred_2140,crescent roll dough
ingred_2141,turkey sausage
ingred_2142, cream
ingred_2143,dried rubbed sage
ingred_2144,white potato
ingred_2145,mustard oil
ingred_2146,pizza seasoning
ingred_2147,great northern bean
ingred_2148,quickcooking barley
ingred_2149,sweet mustard
ingred_2150,chili with beans
ingred_2151,thai red chili peppers
ingred_2152,andouille sausage
ingred_2153,sweet sherry
ingred_2154,boneless beef roast
ingred_2155,swede
ingred_2156,garlic oil
ingred_2157,herbed goat cheese
ingred_2158,vegetarian oyster sauce
ingred_2159,wasabi paste
ingred_2160,lowsodium chickpeas
ingred_2161,seeds
ingred_2162,granulated onion
ingred_2163,fresh bean sprout
ingred_2164,pastry dough
ingred_2165,belgian endive
ingred_2166,orange slice
ingred_2167,dry oregano
ingred_2168,cooking sherry
ingred_2169,lemon extract
ingred_2170,french style green bean
ingred_2171,white breadcrumbs
ingred_2172,orange liqueur
ingred_2173,cornbread mix
ingred_2174,fresh dill weed
ingred_2175,rotini noodles
ingred_2176,ground marjoram
ingred_2177,dried sweet basil leaves
ingred_2178,canned corn
ingred_2179,dried blueberries
ingred_2180,red sweet peppers
ingred_2181,raw carrots
ingred_2182,countrystyle dijon mustard
ingred_2183,tuna steaks
ingred_2184,english peas
ingred_2185,raisin bread
ingred_2186,pineapple rings
ingred_2187,head lettuce
ingred_2188,coleslaw
ingred_2189,chipotle chile
ingred_2190,peas and carrots
ingred_2191,ground celery seed
ingred_2192,creamed coconut
ingred_2193,green apple
ingred_2194,instant chicken bouillon
ingred_2195,strawberry jam
ingred_2196,liquid egg substitute
ingred_2197,tabasco jalapeno sauce
ingred_2198,havarti cheese
ingred_2199,fatfree parmesan cheese
ingred_2200,fresh onion
ingred_2201,roast
ingred_2202,corned beef brisket
ingred_2203,calamari
ingred_2204,bay scallops
ingred_2205,frozen white bread dough
ingred_2206,solidpack pumpkin
ingred_2207,beet juice
ingred_2208,mushroom gravy
ingred_2209,black bean paste
ingred_2210,whipped cream cheese
ingred_2211,garbanzo flour
ingred_2212,flank steak
ingred_2213,sesame seed oil
ingred_2214,cognac
ingred_2215,herb seasoned stuffing mix
ingred_2216,cream of potato soup
ingred_2217,diced tomatoes with basil oregano and garlic
ingred_2218,lemonsc rind of
ingred_2219,processed cheese
ingred_2220,medium rye flour
ingred_2221,fresh green chilies
ingred_2222,jeera powder
ingred_2223,beef hot dogs
ingred_2224,pink peppercorns
ingred_2225,seasoned rice wine vinegar
ingred_2226,thickened cream
ingred_2227,fritos corn chips
ingred_2228,catalina dressing
ingred_2229,bottled garlic
ingred_2230,asparagus tips
ingred_2231,cream of shrimp soup
ingred_2232,unsweetened apple juice
ingred_2233,dandelion greens
ingred_2234,reducedfat sharp cheddar cheese
ingred_2235,vegan mozzarella cheese
ingred_2236,canned vegetable broth
ingred_2237,puff pastry sheets
ingred_2238,epazote
ingred_2239,italian turkey sausage
ingred_2240,red apples
ingred_2241,poblano chile
ingred_2242,instant mashed potatoes
ingred_2243,sausage links
ingred_2244,frozen okra
ingred_2245,dried navy beans
ingred_2246,prunes
ingred_2247,rump roast
ingred_2248,sugarfree maple syrup
ingred_2249,heinz  steak sauce
ingred_2250,sweet rice flour
ingred_2251,russian salad dressing
ingred_2252,prepared stuffing
ingred_2253,corn tortilla strips
ingred_2254,figs
ingred_2255,condensed beef broth
ingred_2256,orecchiette
ingred_2257,jam
ingred_2258,frozen baby peas
ingred_2259,unbaked pie shells
ingred_2260,campbells cream of chicken soup
ingred_2261,fresh curlyleaf parsley
ingred_2262,taco shell
ingred_2263,mild chili powder
ingred_2264,yves veggie ground round
ingred_2265,canned red kidney beans
ingred_2266,sweet whole kernel corn
ingred_2267,mung beans
ingred_2268,quickcooking brown rice
ingred_2269,noaddedsalt tomato paste
ingred_2270,grapefruits
ingred_2271,turkey cutlets
ingred_2272,cream of wheat
ingred_2273,light cheddar cheese
ingred_2274,nonhydrogenated margarine
ingred_2275,dried funghi porcini
ingred_2276,mild enchilada sauce
ingred_2277,fast rise yeast
ingred_2278,wheat gluten
ingred_2279,cornish hens
ingred_2280,capicola
ingred_2281,aged cheddar cheese
ingred_2282,carom seeds
ingred_2283,turkey gravy
ingred_2284,white fish fillet
ingred_2285,coconut extract
ingred_2286,honey mustard dressing
ingred_2287,shell pasta
ingred_2288,ground ham
ingred_2289,oyster
ingred_2290,lean ground lamb
ingred_2291,fresh shiitake mushroom
ingred_2292,garlic chives
ingred_2293,seafood cocktail sauce
ingred_2294,bamboo skewers
ingred_2295,sweet peas
ingred_2296,gravy
ingred_2297,reducedfat milk
ingred_2298,toffee pieces
ingred_2299,powdered cumin
ingred_2300,spring greens
ingred_2301,lime rind
ingred_2302,good seasonings italian salad dressing mix
ingred_2303,bulk pork sausage
ingred_2304,beef roast
ingred_2305,candied ginger
ingred_2306,dried mushrooms
ingred_2307,galangal
ingred_2308,refrigerated buttermilk biscuits
ingred_2309,stout beer
ingred_2310,cashew pieces
ingred_2311,yellow wax beans
ingred_2312,semolina flour
ingred_2313,firm silken tofu
ingred_2314,bulgur wheat
ingred_2315,basil sprig
ingred_2316,leaf lettuce
ingred_2317,whiskey
ingred_2318,canned chicken broth
ingred_2319,round steak
ingred_2320,miniature chocolate chip
ingred_2321,papayas
ingred_2322,chili without beans
ingred_2323,converted rice
ingred_2324,camembert cheese
ingred_2325,wooden skewer
ingred_2326,manchego cheese
ingred_2327,unsweetened soymilk
ingred_2328,vegetable juice cocktail
ingred_2329,fines herbes
ingred_2330,red snapper
ingred_2331,duck breasts
ingred_2332,orange bell peppers
ingred_2333,wakame seaweed
ingred_2334,wheat flakes
ingred_2335,tritip steak
ingred_2336,fresh thyme sprig
ingred_2337,whole milk ricotta cheese
ingred_2338,mexican crema
ingred_2339,hot salsa
ingred_2340,frying chicken
ingred_2341,corkscrew macaroni
ingred_2342,boneless pork loin chops
ingred_2343,bamboo skewer
ingred_2344,medium raw shrimp
ingred_2345, evaporated milk
ingred_2346,red bliss potatoes
ingred_2347,campbells cream of mushroom soup
ingred_2348,habanero sauce
ingred_2349,dried fenugreek leaves
ingred_2350,dried hijiki seaweed
ingred_2351,instant coffee
ingred_2352,quickrising yeast
ingred_2353,ground venison
ingred_2354,dried chives
ingred_2355,marsala
ingred_2356,vegan chicken
ingred_2357,chicken thigh
ingred_2358,konbu
ingred_2359,plum sauce
ingred_2360,dry linguine
ingred_2361,baking cocoa
ingred_2362,soy sausage
ingred_2363,cinnamonsugar mixture
ingred_2364,mild italian sausage
ingred_2365,truffle oil
ingred_2366,fresh savory
ingred_2367,greek salad dressing
ingred_2368,pita pocket bread
ingred_2369,morningstar farms grillers
ingred_2370,dried red pepper
ingred_2371,red onion ring
ingred_2372,wheat flour tortillas
ingred_2373,fuji apples
ingred_2374,thick  chunky salsa
ingred_2375,food coloring
ingred_2376,golden delicious apple
ingred_2377,light vanilla soymilk
ingred_2378,pomegranate
ingred_2379,idaho potato
ingred_2380,onion rings
ingred_2381,tiny peas
ingred_2382,tomato and basil pasta sauce
ingred_2383,oyster mushroom
ingred_2384,coarse sugar
ingred_2385,puff pastry sheet
ingred_2386,masala
ingred_2387,yams
ingred_2388,whole wheat tortilla
ingred_2389,chinese egg noodles
ingred_2390,file powder
ingred_2391,italian cheese
ingred_2392,chocolate
ingred_2393,fatfree vegetable broth
ingred_2394,dried figs
ingred_2395,ricotta salata
ingred_2396,gluten flour
ingred_2397,spicy hot v
ingred_2398,reducedfat monterey jack cheese
ingred_2399,cooked beef
ingred_2400,red pepper powder
ingred_2401,ketjap manis
ingred_2402,bosc pears
ingred_2403,fresh white mushrooms
ingred_2404,ravioli
ingred_2405,salsa verde
ingred_2406,fresh shrimp
ingred_2407,fresh scallops
ingred_2408,quorn mince
ingred_2409,celery hearts
ingred_2410,seasoned dry bread crumbs
ingred_2411,lowfat greek yogurt
ingred_2412,buffalo wing sauce
ingred_2413,dinner rolls
ingred_2414,whole canned tomatoes
ingred_2415,dried tart cherry
ingred_2416,red pepper paste
ingred_2417,tarragon leaves
ingred_2418,unsalted dry roasted peanuts
ingred_2419,refrigerated pie crust
ingred_2420,liquid hot pepper sauce
ingred_2421,potato flour
ingred_2422,english mustard powder
ingred_2423,browning sauce
ingred_2424,dry vegetable soup mix
ingred_2425,fresh pasta
ingred_2426,small mushrooms
ingred_2427,dashi
ingred_2428,pistachio nut
ingred_2429,salted cashews
ingred_2430,whole cumin seeds
ingred_2431,agaragar
ingred_2432,italianstyle tomatoes
ingred_2433,unsulphured molasses
ingred_2434,german mustard
ingred_2435,prune
ingred_2436,chive blossoms
ingred_2437,spicy mustard
ingred_2438,grapenuts cereal
ingred_2439,whole wheat linguine
ingred_2440,garlic and herb seasoning
ingred_2441,gala apples
ingred_2442,fat free greek yogurt
ingred_2443,dry pectin
ingred_2444,cola
ingred_2445,frozen cheese tortellini
ingred_2446,medium egg noodles
ingred_2447,pot roast
ingred_2448,velveeta reduced fat cheese product
ingred_2449,kelp powder
ingred_2450,whole wheat bread flour
ingred_2451,frozen bread dough
ingred_2452,grilled chicken
ingred_2453,sazon goya con culantro y achiote
ingred_2454,smoked turkey sausage
ingred_2455,dried pinto bean
ingred_2456,light italian dressing
ingred_2457,corn tortilla chips
ingred_2458,ground chicken breast
ingred_2459,navel orange
ingred_2460,orangesc zest of
ingred_2461,cornichons
ingred_2462,hidden valleyregb original ranchregb dressing
ingred_2463,sandwich bread
ingred_2464,duck
ingred_2465,fresh cilantro stems
ingred_2466,silver beet
ingred_2467,toasted sliced almonds
ingred_2468,fresh chili peppers
ingred_2469,cherry preserves
ingred_2470,liver
ingred_2471,light vegetable oil
ingred_2472,instant brown rice
ingred_2473,liquid smoke flavoring
ingred_2474,mascarpone
ingred_2475,sweet green peppers
ingred_2476,boneless leg of lamb
ingred_2477,unrefined sugar
ingred_2478,seafood seasoning
ingred_2479,tapenade
ingred_2480,tostadas
ingred_2481,cooked italian sausage
ingred_2482,cos lettuce
ingred_2483,dumplings
ingred_2484,light bread
ingred_2485,ciabatta rolls
ingred_2486,meatloaf seasoning mix
ingred_2487,whole grain buns
ingred_2488,flaked sea salt
ingred_2489,hot peppers
ingred_2490,black vinegar
ingred_2491,fresh bay leaves
ingred_2492,straw mushrooms
ingred_2493,wild mushroom
ingred_2494,gumbo file
ingred_2495,apple pie filling
ingred_2496,red jalapeno chile
ingred_2497,brown mustard
ingred_2498,yellow potatoes
ingred_2499,boboli pizza crusts
ingred_2500,tangerine juice
ingred_2501,pork ribs
ingred_2502,mild paprika
ingred_2503,boneless beef chuck roast
ingred_2504,raspberry preserves
ingred_2505,fuji apple
ingred_2506,white cheese
ingred_2507,potato flakes
ingred_2508,lamb shoulder
ingred_2509,dried whole thyme
ingred_2510,tomato with juice
ingred_2511,frozen hash browns
ingred_2512,ajwain
ingred_2513,turkey stock
ingred_2514,chipotle hot sauce
ingred_2515,yogurt cheese
ingred_2516,maraschino cherry
ingred_2517,baby back ribs
ingred_2518,palm oil
ingred_2519,granulated yeast
ingred_2520,biscuits
ingred_2521,frozen green peas
ingred_2522,szechuan sauce
ingred_2523,new potato
ingred_2524,honey dijon mustard
ingred_2525,carnation evaporated milk
ingred_2526,danish blue cheese
ingred_2527,tapioca
ingred_2528,snap peas
ingred_2529,sirloin steak
ingred_2530,orangec juice and zest of
ingred_2531,naan bread
ingred_2532,seasoned pepper
ingred_2533,jalapeno jelly
ingred_2534,chips
ingred_2535,oyster crackers
ingred_2536,white truffle oil
ingred_2537,medium cheddar
ingred_2538,prime rib roast
ingred_2539,refrigerated cheese tortellini
ingred_2540,mixed nuts
ingred_2541,ground aniseed
ingred_2542,penne rigate
ingred_2543,lowfat refried beans
ingred_2544,french haricots vert
ingred_2545,cheezit crackers
ingred_2546,nicoise olives
ingred_2547,chipotle peppers
ingred_2548,jamaican jerk spice
ingred_2549,mixed fresh herbs
ingred_2550,clam
ingred_2551,hot green peppers
ingred_2552,canned diced green chiles
ingred_2553,saffron strand
ingred_2554,hidden valley original ranch seasoning mix
ingred_2555,chinese noodles
ingred_2556,protein powder
ingred_2557,lemonsc juice and zest of
ingred_2558,split red lentils
ingred_2559,citric acid
ingred_2560,boneless pork roast
ingred_2561,bottled lemon juice
ingred_2562,cooked pumpkin
ingred_2563,ras el hanout spice mix
ingred_2564,light miso
ingred_2565,tamarind juice
ingred_2566,venison
ingred_2567,japanese soy sauce
ingred_2568,bagels
ingred_2569,allpurpose white flour
ingred_2570,masoor dal
ingred_2571,crepes
ingred_2572,crisco
ingred_2573,fresh mango
ingred_2574,marmite
ingred_2575,smoked ham hocks
ingred_2576,fruit juice
ingred_2577,fatfree lowsodium chicken broth
ingred_2578,hazelnut oil
ingred_2579,red currant jelly
ingred_2580, fatfree cream of mushroom soup
ingred_2581,bottled hot pepper sauce
ingred_2582,fine egg noodles
ingred_2583,enoki mushrooms
ingred_2584,lean beef
ingred_2585,sweet butter
ingred_2586,smoked kielbasa
ingred_2587,italian stewed tomatoes
ingred_2588,cod fish fillet
ingred_2589,vegetarian chili
ingred_2590, fatfree cream of chicken soup
ingred_2591,shelled peas
ingred_2592,baby beets
ingred_2593,hot chili peppers
ingred_2594,pastry shells
ingred_2595,baby red potatoes
ingred_2596,avocado oil
ingred_2597,green onions with top
ingred_2598,morningstar farms meal starters grillers recipe crumbles
ingred_2599,major grey chutney
ingred_2600,white chocolate chips
ingred_2601,apple juice concentrate
ingred_2602,chicken stock powder
ingred_2603,honey crunch wheat germ
ingred_2604,jiffy corn muffin mix
ingred_2605,dried italian salad dressing mix
ingred_2606,maple flavoring
ingred_2607,andouille sausages
ingred_2608,halibut steaks
ingred_2609,fresh whole wheat breadcrumbs
ingred_2610,lowmoisture partskim mozzarella cheese
ingred_2611,raw potatoes
ingred_2612,corn husks
ingred_2613,chat masala
ingred_2614,texas toast thick bread
ingred_2615,readytobake refrigerated buttermilk flaky biscuits
ingred_2616,lean pork
ingred_2617,green asparagus
ingred_2618,fresh salmon
ingred_2619,white cornmeal
ingred_2620,spanish olives
ingred_2621,brewed coffee
ingred_2622,yeast extract
ingred_2623,good seasons italian dressing
ingred_2624,italian vinaigrette dressing
ingred_2625,lowfat coconut milk
ingred_2626,cubed ham
ingred_2627,medium pasta shell
ingred_2628,canola oil cooking spray
ingred_2629,field mushrooms
ingred_2630,merlot
ingred_2631,anchovies packed in oil
ingred_2632,plain croissants
ingred_2633,apple jelly
ingred_2634,mint sprig
ingred_2635,pecan nuts
ingred_2636,canned artichoke hearts
ingred_2637,chicken leg quarters
ingred_2638,smoked turkey
ingred_2639,fresh scallions
ingred_2640,countrystyle pork ribs
ingred_2641,oldfashioned oatmeal
ingred_2642,light molasses
ingred_2643,chicken strips
ingred_2644,cocacola
ingred_2645,sweet smoked paprika
ingred_2646,splenda brown sugar blend
ingred_2647,beef base
ingred_2648,lobster meat
ingred_2649,fresh raspberry
ingred_2650,dry coconut powder
ingred_2651,bleu cheese salad dressing
ingred_2652,malt syrup
ingred_2653,bread cubes
ingred_2654,sirloin steaks
ingred_2655,bittersweet chocolate
ingred_2656,riesling wine
ingred_2657,mcintosh apples
ingred_2658,spam
ingred_2659,minced beef
ingred_2660,reducedsodium vegetable broth
ingred_2661,dried chipotle peppers
ingred_2662,orangesc juice of
ingred_2663,white flour tortillas
ingred_2664,inch pizza crust
ingred_2665,hot mustard
ingred_2666,small caper
ingred_2667,blackberries
ingred_2668,cheese slices
ingred_2669,boneless chuck roast
ingred_2670,kraft macaroni and cheese
ingred_2671,pimentostuffed green olives
ingred_2672,boston lettuce leaves
ingred_2673,miniature marshmallows
ingred_2674,cornish hen
ingred_2675, fat buttermilk
ingred_2676,boneless skinless cod
ingred_2677,pita chips
ingred_2678,alphabet pasta
ingred_2679,curly endive lettuce
ingred_2680,pork loin roast
ingred_2681,pork baby back ribs
ingred_2682,buttery crackers
ingred_2683,fruit chutney
ingred_2684,frozen broccoli spears
ingred_2685,coconut water
ingred_2686,lime peel
ingred_2687,unsalted macadamia nuts
ingred_2688,ale
ingred_2689,sweet pickle
ingred_2690,whole meal flour
ingred_2691,ground red chili pepper
ingred_2692,fresh horseradish
ingred_2693,vanilla pod
ingred_2694,vegetarian chicken flavored broth mix
ingred_2695,brinecured black olives
ingred_2696,fullfat milk
ingred_2697,fresh lump crabmeat
ingred_2698,flakey biscuits
ingred_2699,gelatin
ingred_2700,extract
ingred_2701,seltzer water
ingred_2702,head romaine lettuce
ingred_2703,top ramen noodles
ingred_2704,fresh button mushrooms
ingred_2705,light beer
ingred_2706,condensed cream of mushroom  garlic soup
ingred_2707,ground hazelnuts
ingred_2708,green seedless grape
ingred_2709,coleslaw dressing
ingred_2710,squash puree
ingred_2711,oriental sesame oil
ingred_2712,lowfat tofu
ingred_2713,sirloin tip roast
ingred_2714,bread machine quickacting active dry yeast
ingred_2715,mexican seasoning
ingred_2716,old el paso taco sauce
ingred_2717,dried pinto beans
ingred_2718,garlicflavored olive oil
ingred_2719,italianstyle stewed tomatoes
ingred_2720,nacho chips
ingred_2721,wraps
ingred_2722,dried wood ear mushrooms
ingred_2723,garlic seasoning
ingred_2724,real butter
ingred_2725,honeydews
ingred_2726,wax bean
ingred_2727,shell macaroni
ingred_2728,kohlrabi
ingred_2729,red radish
ingred_2730,pappardelle pasta
ingred_2731,apricot halves
ingred_2732,cooked macaroni
ingred_2733,tomatillo salsa
ingred_2734,pastry for doublecrust pie
ingred_2735,frozen shrimp
ingred_2736,italianstyle crushed tomatoes
ingred_2737,ham hocks
ingred_2738,horseradish sauce
ingred_2739,dill sprigs
ingred_2740,seedless oranges
ingred_2741,green onion stems
ingred_2742,fat free tortillas
ingred_2743,maple extract
ingred_2744,green apples
ingred_2745,agave
ingred_2746,colby
ingred_2747,cheese spread
ingred_2748,powdered saffron
ingred_2749,vegetarian bacon
ingred_2750,whole wheat pizza dough
ingred_2751,mole
ingred_2752,laughing cow light swiss cheese
ingred_2753,sesame dressing
ingred_2754,pitted prunes
ingred_2755,selfrising cornmeal
ingred_2756,inch pie shell
ingred_2757,centercut pork loin chops
ingred_2758,winter savory
ingred_2759,corn chex
ingred_2760,baking sheet
ingred_2761,guinness stout
ingred_2762,boiled potatoes
ingred_2763,white radish
ingred_2764,lager beer
ingred_2765,lowcarb flour tortillas
ingred_2766,cube steaks
ingred_2767,lowfat soymilk
ingred_2768,fresh dill leaves
ingred_2769,stone ground mustard
ingred_2770,haddock
ingred_2771,minced  fresh garlic cloves
ingred_2772,champignon mushrooms
ingred_2773,chicken gravy mix
ingred_2774,frozen apple juice concentrate
ingred_2775,new mexico chile powder
ingred_2776,hamburger patties
ingred_2777,canned unsweetened coconut milk
ingred_2778,sweet marsala wine
ingred_2779,tomatoes with jalapeno peppers
ingred_2780,portabella mushroom cap
ingred_2781,phyllo pastry sheet
ingred_2782,waffle
ingred_2783,sweetened condensed milk
ingred_2784,lowsodium kidney beans
ingred_2785,mexicanstyle stewed tomatoes
ingred_2786,vegan chicken bouillon powder
ingred_2787,crusty italian bread
ingred_2788,grilled chicken breasts
ingred_2789,white horseradish
ingred_2790,black forest ham
ingred_2791,fresh edible flowers
ingred_2792,cantaloupes
ingred_2793,sweet white wine
ingred_2794,dried shrimp
ingred_2795,butter flavoring
ingred_2796,ground fennel
ingred_2797,veal
ingred_2798,whole wheat english muffins
ingred_2799,baby eggplants
ingred_2800,soy mozzarella cheese
ingred_2801,fresh edible flower
ingred_2802,tony chacheres seasoning
ingred_2803,i cant believe its not buttercae spread
ingred_2804,crawfish tails
ingred_2805,lemonc juice and rind of
ingred_2806,lowfat monterey jack cheese
ingred_2807,yellow rice
ingred_2808,streaky bacon
ingred_2809,hot sausage
ingred_2810,turkey legs
ingred_2811,reducedsugar orange marmalade
ingred_2812,tomatoes in puree
ingred_2813,sour kimchee
ingred_2814,buckwheat groats
ingred_2815,carnaroli rice
ingred_2816,smoked cheddar cheese
ingred_2817,instant beef bouillon
ingred_2818,top round beef
ingred_2819,crushed pineapple in juice
ingred_2820,ground annatto seed
ingred_2821,okara
ingred_2822,toothpicks
ingred_2823,canned red beans
ingred_2824,snow pea sprouts
ingred_2825,cooked broccoli
ingred_2826,dried peaches
ingred_2827,mochiko sweet rice flour
ingred_2828,pomegranate juice
ingred_2829,cinnamon baking chips
ingred_2830,knorr vegetable soup mix
ingred_2831,nigella seeds
ingred_2832,ice
ingred_2833,chicken seasoning
ingred_2834,salt free herb and spice seasoning mix
ingred_2835,rye flakes
ingred_2836,roasted soybeans
ingred_2837,spaghettini
ingred_2838,salad supreme dry seasoning
ingred_2839,boneless pork chop
ingred_2840,mixed fruit
ingred_2841,green chili paste
ingred_2842,berbere
ingred_2843,pie dough
ingred_2844,quick oatmeal
ingred_2845,garlic scapes
ingred_2846,bartlett pears
ingred_2847,frozen peas and carrot
ingred_2848,boca meatless ground burger
ingred_2849,sweet sausage
ingred_2850,fryer chickens
ingred_2851,fatfree italian salad dressing
ingred_2852,cashew halves
ingred_2853,condensed cream of celery soup
ingred_2854,sweet peppers
ingred_2855,jalapeno cheddar cheese dip
ingred_2856,cooked elbow macaroni
ingred_2857,raw cashew nuts
ingred_2858,filet mignon
ingred_2859,kitchen bouquet
ingred_2860,frozen brussels sprouts
ingred_2861,pizza toppings
ingred_2862,romaine lettuce leaf
ingred_2863,george washington broth
ingred_2864,blueberry yogurt
ingred_2865,cracker crumbs
ingred_2866,bermuda onions
ingred_2867,beef sirloin
ingred_2868,top sirloin steak
ingred_2869,white pearl onion
ingred_2870,tomatoes with garlic
ingred_2871,bengali fivespice mix
ingred_2872,lavash bread
ingred_2873,baked tofu
ingred_2874,cooked corned beef
ingred_2875,miracle whip light
ingred_2876,pickling cucumber
ingred_2877,daikon radishes
ingred_2878,cooked egg noodles
ingred_2879,strawberry preserves
ingred_2880,fillets
ingred_2881,whole mushrooms
ingred_2882,pattypan squash
ingred_2883,gherkins
ingred_2884,reducedfat mexican cheese blend
ingred_2885,red ripe tomatoes
ingred_2886,fresh lime leaves
ingred_2887,amaretto liqueur
ingred_2888,raw peanuts
ingred_2889,turkey kielbasa
ingred_2890,onion seeds
ingred_2891,steaks
ingred_2892,chocolate protein powder
ingred_2893,pastrami
ingred_2894,anasazi beans
ingred_2895,dry parsley flakes
ingred_2896,dried hot chili peppers
ingred_2897,lean ground chuck
ingred_2898,tomatoes with onion and garlic
ingred_2899,orange flower water
ingred_2900,pizza crusts
ingred_2901,celery heart
ingred_2902,chicken flavor stuffing mix
ingred_2903,white sauce mix
ingred_2904,pear halves
ingred_2905,bacon grease
ingred_2906,okra pods
ingred_2907,mexicorn
ingred_2908,wax paper
ingred_2909,dryroasted unsalted peanuts
ingred_2910,frozen hash browns with onions and peppers
ingred_2911,cabernet sauvignon wine
ingred_2912,boneless center cut pork chops
ingred_2913,semisweet vegan chocolate chips
ingred_2914,frozen peas and carrots
ingred_2915,fine noodles
ingred_2916,lime jello gelatin
ingred_2917,turkish bread
ingred_2918,instant coffee granules
ingred_2919,instant bouillon granules
ingred_2920,nacho cheese flavored tortilla chips
ingred_2921,white corn tortillas
ingred_2922,chorizo sausages
ingred_2923,chocolate syrup
ingred_2924,calvados
ingred_2925,ground sichuan pepper
ingred_2926,red delicious apple
ingred_2927,hoagie roll
ingred_2928,fresh ricotta
ingred_2929,vegetable soup
ingred_2930,mediumdry sherry
ingred_2931,heads cauliflower
ingred_2932,medium hot salsa
ingred_2933,soy mayonnaise
ingred_2934,chuck steaks
ingred_2935,smoked turkey breast
ingred_2936,dried bay leaves
ingred_2937,black olive paste
ingred_2938,red salmon
ingred_2939,hash browns
ingred_2940,hidden valley original ranch dips mix
ingred_2941,herbseasoned stuffing cubes
ingred_2942,lowfat sharp cheddar cheese
ingred_2943,buffalo mozzarella
ingred_2944,roasted sunflower seeds
ingred_2945,cinnamon bark
ingred_2946,green salad
ingred_2947,backfin crab meat
ingred_2948,yellow capsicum
ingred_2949,lowfat butter
ingred_2950,dried beans
ingred_2951,tea bags
ingred_2952,unsalted chicken stock
ingred_2953,smoked cheese
ingred_2954,bass fillets
ingred_2955,saffron threads
ingred_2956,bonito flakes
ingred_2957,rice paper sheet
ingred_2958,cellophane noodle
ingred_2959,pillsbury grands refrigerated buttermilk biscuits
ingred_2960,star fruit
ingred_2961,tagliatelle pasta noodles
ingred_2962,pernod
ingred_2963,oxtails
ingred_2964,lardons
ingred_2965,herbseasoned salt
ingred_2966,spike seasoning
ingred_2967,spinach pasta
ingred_2968,szechwan pepper
ingred_2969,soy coffee creamer
ingred_2970,ground rosemary
ingred_2971,whole almonds
ingred_2972,hoagie rolls
ingred_2973,lebanese cucumbers
ingred_2974,agave syrup
ingred_2975,boneless salmon fillets
ingred_2976,rump steak
ingred_2977,limesc juice and zest of
ingred_2978,baby greens
ingred_2979,baby tomatoes
ingred_2980,dried morel
ingred_2981,cooked boneless skinless chicken breast
ingred_2982,sausage meat
ingred_2983,tomatoes with basil
ingred_2984,red skin white potato
ingred_2985,beef steaks
ingred_2986,white chocolate
ingred_2987,mexicanstyle tomatoes
ingred_2988,ponzu sauce
ingred_2989,brown button mushroom
ingred_2990,lean ground meat
ingred_2991,french mustard
ingred_2992,heads of garlic
ingred_2993,unsweetened flaked coconut
ingred_2994,wheat toast
ingred_2995,vegetable bouillon
ingred_2996,gluten free baking powder
ingred_2997,maize flour
ingred_2998,lamb chops
ingred_2999,pastry flour
ingred_3000,chunk light tuna
ingred_3001,reducedcalorie margarine
ingred_3002,lowfat jalapeno cheddar cheese
ingred_3003,assorted fresh vegetable
ingred_3004,vanilla ice cream
ingred_3005,paneer cheese
ingred_3006,malt drink powder
ingred_3007,tiny pasta
ingred_3008,red paprika
ingred_3009,head of garlic
ingred_3010,deep dish pie shells
ingred_3011,sweet and sour sauce
ingred_3012,relish
ingred_3013,dried white bean
ingred_3014,cooked jasmine rice
ingred_3015,capellini
ingred_3016,fresh curds
ingred_3017,hot pork sausage
ingred_3018,pickled beets
ingred_3019,dried tarragon leaves
ingred_3020,cinnamon raisin bread
ingred_3021,quickcooking rice
ingred_3022,chestnuts
ingred_3023,mini marshmallows
ingred_3024,dried coriander
ingred_3025,kabocha squash
ingred_3026,toothpick
ingred_3027,consomme
ingred_3028,sumaq
ingred_3029,frisee
ingred_3030,lebanese cucumber
ingred_3031,whole cardamom pods
ingred_3032,flageolet beans
ingred_3033,whole coriander seeds
ingred_3034,bottom round steaks
ingred_3035,dry roasted salted peanut
ingred_3036,dried savory
ingred_3037,low fat mozzarella
ingred_3038,buttermilk biscuits
ingred_3039,kale leaves
ingred_3040,sweet apples
ingred_3041,half  half light cream
ingred_3042,oleo
ingred_3043,red pasta sauce
ingred_3044,coconuts
ingred_3045,stevia powder
ingred_3046,orange roughy fillets
ingred_3047,albacore tuna
ingred_3048,greek oregano
ingred_3049,pasilla chiles
ingred_3050,ground star anise
ingred_3051,tuna in vegetable oil
ingred_3052,cream soup
ingred_3053,lowcarb tortilla
ingred_3054,bean curd
ingred_3055,dried mushroom
ingred_3056,chanterelle mushrooms
ingred_3057,polish sausage
ingred_3058,canned whole tomatoes
ingred_3059,fresh carrots
ingred_3060,garlic flakes
ingred_3061,fingerling potatoes
ingred_3062,hamburger buns with sesame seeds
ingred_3063,frozen chopped onions
ingred_3064,sweet relish
ingred_3065,raw rice
ingred_3066,israeli couscous
ingred_3067,quorn tenders
ingred_3068,black cumin seeds
ingred_3069,mature cheddar cheese
ingred_3070,shirataki noodles
ingred_3071,boneless skinless chicken breast half
ingred_3072,fried onions
ingred_3073,cooked lasagna noodles
ingred_3074,fresh apricots
ingred_3075,waffles
ingred_3076,oilcured olives
ingred_3077,centercut pork chops
ingred_3078,dark seedless raisins
ingred_3079,red fresno chiles
ingred_3080,allspice berry
ingred_3081,sesame
ingred_3082,vanilla instant pudding mix
ingred_3083,barley flour
ingred_3084,crushed tomatoes in puree
ingred_3085,gin
ingred_3086,brazil nuts
ingred_3087,stoneground yellow cornmeal
ingred_3088,garlic sauce
ingred_3089,artisan bread
ingred_3090,brown button mushrooms
ingred_3091,mostaccioli pasta
ingred_3092,smoked ham hock
ingred_3093,thai chiles
ingred_3094,dried dates
ingred_3095,italian seasoning mix
ingred_3096, buttermilk
ingred_3097,sweet white onion
ingred_3098,canned mushroom slices
ingred_3099,somen noodles
ingred_3100,doubleacting baking powder
ingred_3101,instant chicken bouillon granules
ingred_3102,balsamic glaze
ingred_3103,mushroom pieces
ingred_3104,beef bouillon powder
ingred_3105,soybean paste
ingred_3106,hot red pepper
ingred_3107,cooked couscous
ingred_3108,cipollini onions
ingred_3109,doritos
ingred_3110,lemon thyme
ingred_3111,dried hot red chili peppers
ingred_3112,honeyroasted ham
ingred_3113,cellophane noodles
ingred_3114,fig jam
ingred_3115,squash blossoms
ingred_3116,salt substitute
ingred_3117,dried red peppers
ingred_3118,red chili sauce
ingred_3119,fresh parsley sprig
ingred_3120,medium firm tofu
ingred_3121,coffee
ingred_3122,fresh cherries
ingred_3123,almond oil
ingred_3124,dried red beans
ingred_3125,tomato sauce with garlic
ingred_3126,lobster tails
ingred_3127,pork fillets
ingred_3128,lea  perrins worcestershire sauce
ingred_3129,chardonnay wine
ingred_3130,sardines
ingred_3131,semisweet chocolate
ingred_3132,boneless pork butt
ingred_3133,chinese white rice vinegar
ingred_3134,sweet bell pepper
ingred_3135,frozen snow peas
ingred_3136,blackberry
ingred_3137,recipe pizza dough
ingred_3138,whole black peppercorns
ingred_3139,rice krispies
ingred_3140,filet of beef
ingred_3141,bosc pear
ingred_3142,pigeon peas
ingred_3143,minestrone soup
ingred_3144,london broil beef
ingred_3145,delicata squash
ingred_3146,linguica sausage
ingred_3147,canned beets
ingred_3148,fresh pear
ingred_3149,skinless chicken breast half
ingred_3150,rotel diced tomatoes with peppers
ingred_3151,cardamom seed
ingred_3152,pignolis
ingred_3153,dried tomatoe
ingred_3154,dried summer savory
ingred_3155,cooked salmon
ingred_3156,squirrels
ingred_3157,vindaloo curry paste
ingred_3158,beau monde spice
ingred_3159,birds eye chile
ingred_3160,lamb rib chops
ingred_3161,fatfree miracle whip
ingred_3162,crab claws
ingred_3163,sweet creamy butter
ingred_3164,garlic bread
ingred_3165,pepperoni slice
ingred_3166,cream of coconut
ingred_3167,golden seedless raisins
ingred_3168,baby bella mushrooms
ingred_3169,tomatoes seasoned with basil garlic  oregano
ingred_3170,stewing chicken
ingred_3171,small elbow macaroni
ingred_3172,seafood stock
ingred_3173,cream of tomato soup
ingred_3174,nam pla
ingred_3175,yellow cake mix
ingred_3176,horseradish cream
ingred_3177,tomato soup mix
ingred_3178,lemon jello gelatin
ingred_3179,ground caraway
ingred_3180,firm white fish
ingred_3181,fresh mozzarella balls
ingred_3182,raw chicken
ingred_3183,california avocados
ingred_3184,crabs
ingred_3185,sticks
ingred_3186,runner beans
ingred_3187,top sirloin steaks
ingred_3188,sole fillets
ingred_3189,turkey thighs
ingred_3190,packaged coleslaw mix
ingred_3191,cubanelle peppers
ingred_3192,green bananas
ingred_3193,vegetable soup mix
ingred_3194,hot red pepper sauce
ingred_3195,fresh large mushrooms
ingred_3196,dried cannellini beans
ingred_3197,dashi stock
ingred_3198,gelatin powder
ingred_3199,light whole wheat bread
ingred_3200,cheesecloth
ingred_3201,veal loin
ingred_3202,potato water
ingred_3203,rennet
ingred_3204,artichoke bottoms
ingred_3205,dried hot red chiles
ingred_3206,marinated mushrooms
ingred_3207,chili bean sauce
ingred_3208,lime slice
ingred_3209,plain doritos
ingred_3210,italian sauce
ingred_3211,head of broccoli
ingred_3212,hickory flavored barbecue sauce
ingred_3213,whole mustard seeds
ingred_3214,glutenfree vegetable stock
ingred_3215,seedless raspberry jam
ingred_3216,whole wheat elbow macaroni
ingred_3217,boneless skinned chicken breasts
ingred_3218,plain tomato juice
ingred_3219,chinese black mushrooms
ingred_3220, inch pie shell
ingred_3221,vegan sugar
ingred_3222,cooked lamb
ingred_3223,frozen butternut squash
ingred_3224,sugar cubes
ingred_3225,readytoserve chicken broth
ingred_3226,arm roast
ingred_3227,cheese nips
ingred_3228,dill seeds
ingred_3229,robin hood nutri flour blend
ingred_3230,sweet oranges
ingred_3231,lowsodium taco seasoning
ingred_3232,grain bread
ingred_3233,masa harina flour
ingred_3234,canned peas
ingred_3235,unsweetened crushed canned pineapple
ingred_3236,multigrain hot cereal
ingred_3237,grouper fillets
ingred_3238,kokum
ingred_3239,lowsodium black beans
ingred_3240,head broccoli
ingred_3241,jalapeno juice
ingred_3242,parmesan rind
ingred_3243,whole oat groats
ingred_3244,dried mulberries
ingred_3245,freerange chicken
ingred_3246,chihuahua cheese
ingred_3247,whole mushroom
ingred_3248,red grapefruit
ingred_3249,pasta noodles
ingred_3250,corn cobs
ingred_3251,chicken fat
ingred_3252,mineral water
ingred_3253,spelt berries
ingred_3254,sticky rice
ingred_3255,dried currants
ingred_3256,tart green apple
ingred_3257,multigrain flour
ingred_3258,sicilian olives
ingred_3259,extrafirm silken tofu
ingred_3260,dried prune
ingred_3261,chinese braised gluten
ingred_3262,birds eye chiles
ingred_3263,walla walla onion
ingred_3264,kirby cucumbers
ingred_3265,fish oil
ingred_3266,thick slab bacon
ingred_3267,herb with garlic soup mix
ingred_3268,roll
ingred_3269,doves
ingred_3270,hot ketchup
ingred_3271,strawberry jello gelatin dessert
ingred_3272,turkey carcass
ingred_3273,fresh mussels
ingred_3274,caribbean jerk seasoning
ingred_3275,chicken fillets
ingred_3276,bean threads
ingred_3277,pita pocket
ingred_3278,vegetarian beef stock cube
ingred_3279,mild taco sauce
ingred_3280,frozen leaf spinach
ingred_3281,sweetened coconut
ingred_3282,creamy garlic dressing
ingred_3283,anjou pear
ingred_3284,apricot nectar
ingred_3285,dried prunes
ingred_3286,peppadew peppers
ingred_3287,fryer
ingred_3288,vegetable dip
ingred_3289,diced tomatoes with jalapenos
ingred_3290,baby sweet corn cobs
ingred_3291,tofu crumbles
ingred_3292,kashmiri chili powder
ingred_3293,chicken stock cubes
ingred_3294,tilapia fillet
ingred_3295,frankfurters
ingred_3296,ginger ale
ingred_3297,campbells condensed tomato soup
ingred_3298,capers in brine
ingred_3299, in unbaked pastry shell
ingred_3300,sour curd
ingred_3301,fat free monterey jack pepper cheese
ingred_3302,medium noodles
ingred_3303,radiatore
ingred_3304,lean stewing beef
ingred_3305,pink salmon
ingred_3306,ginger juice
ingred_3307,pepper bacon
ingred_3308,cooked pork
ingred_3309,pickled beet
ingred_3310,mini sweet peppers
ingred_3311,taco cheese
ingred_3312,dutchprocessed cocoa powder
ingred_3313,good seasons salad dressing mix
ingred_3314,pumpernickel cocktail bread
ingred_3315,pistachio nuts
ingred_3316,green coriander
ingred_3317,gem lettuce
ingred_3318,hemp seeds
ingred_3319,top round steaks
ingred_3320,dry lasagna noodles
ingred_3321,wood chips
ingred_3322,turkey meat
ingred_3323,boiling onions
ingred_3324,soft shelled crabs
ingred_3325,kraftregb grated parmesan cheese
ingred_3326,mrs dash onion and herb seasoning
ingred_3327,swiss brown mushrooms
ingred_3328,fresh rhubarb
ingred_3329,honey ham deli meat
ingred_3330,heinzregb sweet relish
ingred_3331,inch tortillas
ingred_3332,hunts tomato paste
ingred_3333,spinach fettuccine
ingred_3334,meatless deli slices
ingred_3335,skinless chicken drumsticks
ingred_3336,dried limes
ingred_3337,paper baking cups
ingred_3338,refrigerated reducedfat crescent rolls
ingred_3339,ovenroasted turkey breast
ingred_3340,cream of chicken and mushroom soup
ingred_3341,whole boneless skinless chicken breasts
ingred_3342,caramel syrup
ingred_3343,tofu sour cream
ingred_3344,herb seasoning mix
ingred_3345,baby rocket
ingred_3346,reducedfat firm tofu
ingred_3347,dry penne pasta
ingred_3348,minute tapioca
ingred_3349,oregano flakes
ingred_3350,worchestershire sauce
ingred_3351,vanilla flavoring
ingred_3352,vegan burgers
ingred_3353,morton lite salt
ingred_3354,black treacle
ingred_3355,fruit cocktail
ingred_3356,flax seed whole wheat tortillas
ingred_3357,king prawns
ingred_3358,orange section
ingred_3359,whole duck
ingred_3360,purple onions
ingred_3361,croutons
ingred_3362,yellow sweet onions
ingred_3363,seedless raisins
ingred_3364,chunk pineapple
ingred_3365,purple potatoes
ingred_3366,fruit pectin
ingred_3367,hard rolls
ingred_3368,hot chicken stock
ingred_3369,endives
ingred_3370,white and yellow corn
ingred_3371,french vanilla flavored coffee creamer
ingred_3372,lemon yogurt
ingred_3373,ham hock
ingred_3374,lowfat alfredo sauce
ingred_3375,fire oil
ingred_3376,romaine leaves
ingred_3377,purslane
ingred_3378,light muscovado sugar
ingred_3379,nosaltadded stewed tomatoes
ingred_3380,unsifted allpurpose flour
ingred_3381,nosaltadded black beans
ingred_3382,mediumgrain white rice
ingred_3383,prego spaghetti sauce
ingred_3384,reducedfat cheese
ingred_3385,garlic sausage
ingred_3386,littleneck clams
ingred_3387,pappadams
ingred_3388,tangerines
ingred_3389,chicken livers
ingred_3390,black walnut
ingred_3391,orange slices
ingred_3392,broccoli coleslaw mix
ingred_3393,coconut flakes
ingred_3394,reducedfat ricotta cheese
ingred_3395,fleischmanns active dry yeast
ingred_3396,readytouse baked pizza crust
ingred_3397,corn mixed with chopped peppers
ingred_3398,lawry teriyaki marinade with pineapple juice
ingred_3399,nonfat tortilla chips
ingred_3400,sweet white onions
ingred_3401,soya flour
ingred_3402,roasted chicken meat
ingred_3403,original ranch dressing mix
ingred_3404,sirloin beef
ingred_3405,rice paper sheets
ingred_3406,canned clams
ingred_3407,canned crabmeat
ingred_3408,wheat hamburger buns
ingred_3409,fatfree cream cheese with chives
ingred_3410,triscuit crackers
ingred_3411,dried beef
ingred_3412,pork belly
ingred_3413,onion soup
ingred_3414,fresh rose petals
ingred_3415,walnut extract
ingred_3416,boiling potato
ingred_3417,tricolored pasta
ingred_3418,shoe peg corn
ingred_3419,healthy request cream of mushroom soup
ingred_3420,nicoise olive
ingred_3421,mache
ingred_3422,sparerib racks
ingred_3423,cooked sweet potatoes
ingred_3424,velveeta mexican cheese
ingred_3425,egg roll wrap
ingred_3426,whole corn
ingred_3427,saltine
ingred_3428,annies goddess dressing
ingred_3429,sweet pickles
ingred_3430,hot bean paste
ingred_3431,anise seeds
ingred_3432,capsicums
ingred_3433,cooking apple
ingred_3434,ground pecans
ingred_3435,turkey stuffing
ingred_3436,smoked mackerel
ingred_3437,maggi seasoning
ingred_3438,red onion rings
ingred_3439,lovage
ingred_3440,bechamel sauce
ingred_3441,raw carrot
ingred_3442,atkins baking mix
ingred_3443,sucanat
ingred_3444,dark chocolate chips
ingred_3445,paprika paste
ingred_3446,vegan pie crusts
ingred_3447,yellow sweet peppers
ingred_3448,reducedfat ranch dressing
ingred_3449,canned milk
ingred_3450,turkey gravy mix
ingred_3451,romano beans
ingred_3452,crisco shortening
ingred_3453,dried leaf thyme
ingred_3454,herbed croutons
ingred_3455,broccoli slaw mix
ingred_3456,shredded reduced fat cheddar cheese
ingred_3457,healthy request tomato soup
ingred_3458,simple syrup
ingred_3459,anchovy
ingred_3460,dried tomatoes
ingred_3461,parmesan asiago and romano cheese blend
ingred_3462,gingersnap cookie
ingred_3463,rutabagas
ingred_3464,lychees
ingred_3465, milk
ingred_3466,pork sausage casing
ingred_3467,coconut meat
ingred_3468,reducedfat baking mix
ingred_3469,dayold white bread
ingred_3470,nonfat beef broth
ingred_3471,dry rub seasonings
ingred_3472,quark
ingred_3473,glutinous rice
ingred_3474,dried arbol chiles
ingred_3475,cascabel chiles
ingred_3476,barley malt syrup
ingred_3477,pork fat
ingred_3478,potato peels
ingred_3479,multigrain cereal
ingred_3480,whole meal bread
ingred_3481,lean hamburger
ingred_3482,ice cream
ingred_3483,nonfat cheddar cheese
ingred_3484,mandarin orange sections
ingred_3485,kelp
ingred_3486,navel orangec zest of
ingred_3487,ground horseradish
ingred_3488,canned jalapeno slices
ingred_3489,seasonall salt
ingred_3490,vegetable beef soup
ingred_3491,dry marsala wine
ingred_3492,apple brandy
ingred_3493,nettles
ingred_3494,vegetarian canadian bacon
ingred_3495,vegetarian baked beans
ingred_3496,pear halves in natural juice
ingred_3497,beef flank steak
ingred_3498,chicken thigh fillets
ingred_3499,coriander roots
ingred_3500,whole wheat spiral pasta
ingred_3501,snow pea pods
ingred_3502,honey roasted peanuts
ingred_3503,green sweet peppers
ingred_3504,whole grain cereal
ingred_3505,frozen baby lima beans
ingred_3506,special k cereal
ingred_3507,red delicious apples
ingred_3508,cheesefilled tortellini
ingred_3509,sirloin
ingred_3510,surejell
ingred_3511,canned pineapple chunks
ingred_3512,shelled pistachios
ingred_3513,fresh parsley sprigs
ingred_3514,vegan chorizo sausage
ingred_3515,dried strawberries
ingred_3516,reducedfat colbymonterey jack cheese
ingred_3517,cider
ingred_3518,hatch chiles
ingred_3519,puff pastry shells
ingred_3520,celery soup
ingred_3521,black cumin
ingred_3522,blue cheese dressing
ingred_3523,green tomato
ingred_3524,instant polenta
ingred_3525,dark rye bread
ingred_3526,fat free balsamic vinaigrette
ingred_3527,other seasoning
ingred_3528,crystal hot sauce
ingred_3529,kitchen twine
ingred_3530,stoneground white cornmeal
ingred_3531,nutella
ingred_3532,spiral shaped pasta
ingred_3533,ground mixed spice
ingred_3534,tuna in brine
ingred_3535,fried chinese noodles
ingred_3536,pickle spears
ingred_3537,red hot sauce
ingred_3538,sazon goya
ingred_3539,pierogies
ingred_3540,pectin
ingred_3541,lamb loin chops
ingred_3542,lemon thyme leaves
ingred_3543,caramel ice cream topping
ingred_3544,shortgrain brown rice
ingred_3545,frozen cut okra
ingred_3546,yellow curry paste
ingred_3547,apricots in juice
ingred_3548,puree
ingred_3549,sauerkraut juice
ingred_3550,charcoal
ingred_3551,maui onion
ingred_3552,maui onions
ingred_3553,cavatelli
ingred_3554,masa corn flour
ingred_3555,multigrain hamburger buns
ingred_3556,crushed red chile flakes
ingred_3557,dried white beans
ingred_3558,raw cacao powder
ingred_3559,brown sugar substitute
ingred_3560,nondairy milk substitute
ingred_3561,campanelle pasta
ingred_3562,split yellow lentils
ingred_3563,whole wheat crackers
ingred_3564,cherry pepper
ingred_3565,callaloo
ingred_3566,mortadella
ingred_3567,cornbread stuffing mix
ingred_3568,lowfat soft cheese
ingred_3569,canned cannellini
ingred_3570,tritip roast
ingred_3571,mexicorn whole kernel corn
ingred_3572,crisp rice cereal
ingred_3573,pickapeppa sauce
ingred_3574,saltines
ingred_3575,semisweet chocolate baking squares
ingred_3576,rack of lamb
ingred_3577,bean thread noodles
ingred_3578,pickled peppers
ingred_3579,saltpeter
ingred_3580,roasted turkey
ingred_3581,hot dog
ingred_3582,xylitol sweetener
ingred_3583,nacho cheese flavor doritos
ingred_3584,lowsodium tamari
ingred_3585,ouzo
ingred_3586,maple sugar
ingred_3587,preserved lemon
ingred_3588,breakfast sausage links
ingred_3589,canned white beans
ingred_3590,prosciutto ham
ingred_3591,dry parmesan cheese
ingred_3592,fermented black beans
ingred_3593,lavender honey
ingred_3594,chinese rice wine
ingred_3595,jars
ingred_3596,frozen cut broccoli in cheese sauce
ingred_3597,hash brown patties
ingred_3598,no yolks egg noodle substitute
ingred_3599,lean lamb fillets
ingred_3600,wood chunks
ingred_3601,rapeseed oil
ingred_3602,sifted flour
ingred_3603,lancashire cheese
ingred_3604,dill leaves
ingred_3605,fatfree ham
ingred_3606,breadstick
ingred_3607,astragalus root
ingred_3608,buttered bread crumb
ingred_3609,limoncello
ingred_3610,beef short rib
ingred_3611,rock shrimp
ingred_3612,frozen onion and three pepper blend
ingred_3613,mixed peppercorns
ingred_3614,classico alfredo with sun dried tomatoes
ingred_3615,jimmy dean sausage
ingred_3616,roasted cashew nuts
ingred_3617,feta cheese with garlic and herbs
ingred_3618,beef tenderloin steaks
ingred_3619,bratwurst
ingred_3620,dry white beans
ingred_3621,pastry for a doublecrust inch pie
ingred_3622,margarita mix
ingred_3623,knockwurst
ingred_3624,unsweetened apple butter
ingred_3625,dried ancho chiles
ingred_3626,dry dill weed
ingred_3627,unsifted flour
ingred_3628,live lobsters
ingred_3629,baby marrows
ingred_3630,italian vegetables
ingred_3631,fresh dill sprigs
ingred_3632,red grapefruits
ingred_3633,gold medal allpurpose flour
ingred_3634,ham steaks
ingred_3635,fiber one cereal
ingred_3636,orange sections
ingred_3637,cooked vermicelli
ingred_3638,honeydew balls
ingred_3639,fresh water
ingred_3640,shiso leaves
ingred_3641,lean ham
ingred_3642,beaufort cheese
ingred_3643,veal shanks
ingred_3644,green olives in brine
ingred_3645,turkey broth
ingred_3646,cooking onion
ingred_3647,dried mission figs
ingred_3648,green sweet pepper
ingred_3649,frozen unsweetened raspberries
ingred_3650,kiwi fruit
ingred_3651,mexican chili powder
ingred_3652,mexican tomato sauce
ingred_3653,longhorn cheese
ingred_3654,thin egg noodles
ingred_3655,vegetarian ham
ingred_3656,yellow cherry tomatoes
ingred_3657,chile salsa
ingred_3658,chervil
ingred_3659,popcorn shrimp
ingred_3660,hot chicken broth
ingred_3661,butter lettuce leaves
ingred_3662,key lime juice
ingred_3663,string beans
ingred_3664,swordfish
ingred_3665,pepper rings
ingred_3666,fresh tuna
ingred_3667,chinese vegetables
ingred_3668,back bacon
ingred_3669,frozen meatballs
ingred_3670,okra and tomatoes
ingred_3671,dipping sauce
ingred_3672,lo mein noodles
ingred_3673,black salt
ingred_3674,yellow food coloring
ingred_3675,chicken sausage
ingred_3676,green zucchini
ingred_3677,light chunk tuna in water
ingred_3678,hickory chips
ingred_3679,cabbage kimchi
ingred_3680,roasted sweet red peppers
ingred_3681,floury potatoes
ingred_3682,beef tongue
ingred_3683,garlic head
ingred_3684,clementinesc zest of
ingred_3685,clementinesc juice and zest of
ingred_3686,rock salt
ingred_3687,prune juice
ingred_3688,pie shells
ingred_3689,light raspberry walnut salad dressing
ingred_3690,rice cakes
ingred_3691,light ranch salad dressing
ingred_3692,mixed peppers
ingred_3693,cane syrup
ingred_3694,fresh portabella mushrooms
ingred_3695,yam
ingred_3696,mixed berries
ingred_3697,lowsodium beef bouillon granules
ingred_3698,diced tomatoes with green pepper and onion
ingred_3699,cajun blackened spice mix
ingred_3700,reduced sodium black beans
ingred_3701,tomato bouillon
ingred_3702,amaretti cookies
ingred_3703,pheasant
ingred_3704,spanish rice mix
ingred_3705,red pepper jelly
ingred_3706,fresh yeast
ingred_3707,frozen artichoke heart
ingred_3708,english walnuts
ingred_3709,refrigerated breadstick dough
ingred_3710,peasant bread
ingred_3711,vegan worcestershire sauce
ingred_3712,dried mango
ingred_3713,cashew nuts paste
ingred_3714,whole tomato
ingred_3715,candy sprinkles
ingred_3716,cardamom pod
ingred_3717,vegan pasta
ingred_3718,fresh lotus root
ingred_3719,cooked red quinoa
ingred_3720,firm banana
ingred_3721,konnyaku
ingred_3722,burdock root
ingred_3723,triple sec
ingred_3724,shortcrust pastry dough
ingred_3725,chicken stock cube
ingred_3726,lean ground pork
ingred_3727,cooked ground beef
ingred_3728,picante salsa
ingred_3729,canned chipotle chiles
ingred_3730,reducedsodium beef broth
ingred_3731,fennel leaves
ingred_3732,dry salami
ingred_3733,fresh chervil
ingred_3734,perciatelli
ingred_3735,anchovy fillet
ingred_3736,cacao
ingred_3737,lamb stock
ingred_3738,spicy vegetable juice
ingred_3739,hamburger bun with sesame seeds
ingred_3740,hot red peppers
ingred_3741,stuffed green olive
ingred_3742,satay sauce
ingred_3743,chicory lettuce
ingred_3744,fiddleheads
ingred_3745,carbonated lemonlime beverage
ingred_3746,beef steak
ingred_3747,greek olive
ingred_3748,frozen sugar snap peas
ingred_3749,khoya
ingred_3750,deli roast beef
ingred_3751,head iceberg lettuce
ingred_3752,clay
ingred_3753,eggnog
ingred_3754,smoked streaky bacon
ingred_3755,whole grain pita
ingred_3756,ground sumac
ingred_3757,hp steak sauce
ingred_3758,back ribs
ingred_3759,plum
ingred_3760,brioche rolls
ingred_3761,guajillo chilies
ingred_3762,coriander sprig
ingred_3763,scallion tops
ingred_3764,red ripe tomato
ingred_3765,sugar pumpkin
ingred_3766,dandelion flowers
ingred_3767,banana chips
ingred_3768,nosaltadded whole tomatoes
ingred_3769,fresh blackberries
ingred_3770,lowfat chicken broth
ingred_3771,wonton wrapper
ingred_3772,roast pork
ingred_3773,glutenfree soy sauce
ingred_3774,lean beef chuck
ingred_3775,lowsodium tomato paste
ingred_3776,dijonnaise mustard
ingred_3777,carrot juice
ingred_3778,pink grapefruit juice
ingred_3779,graham cracker crumbs
ingred_3780,dark chicken meat
ingred_3781,imitation bacon
ingred_3782,beef sirloin steaks
ingred_3783,capers packed in salt
ingred_3784,lowfat flour tortillas
ingred_3785,salt and fresh pepper
ingred_3786,dried kasha
ingred_3787,dry onion flakes
ingred_3788,chicken soup
ingred_3789,reynolds wrap foil
ingred_3790,blanched slivered almond
ingred_3791,dill pickle spears
ingred_3792,dry pinto beans
ingred_3793,instant vanilla pudding
ingred_3794,hardcooked egg
ingred_3795,fromage frais
ingred_3796,canned salmon
ingred_3797,plantain
ingred_3798,boneless beef short ribs
ingred_3799,fresh snow peas
ingred_3800,marmalade
ingred_3801,pork liver
ingred_3802,porcini mushroom
ingred_3803,amaranth flour
ingred_3804,persian cucumbers
ingred_3805,cooked angel hair pasta
ingred_3806,shrimp crackers
ingred_3807,agaragar flakes
ingred_3808,ground flax seed
ingred_3809,red chicory
ingred_3810,tofu mayonnaise
ingred_3811,canned pineapple
ingred_3812,sweet milk
ingred_3813,plum jam
ingred_3814,ear of corn
ingred_3815,besan
ingred_3816,matzo farfel
ingred_3817,raw cauliflower
ingred_3818,bottled clam juice
ingred_3819,yellow wax bean
ingred_3820,shrimp stock
ingred_3821,cheez whiz
ingred_3822,filet mignon steaks
ingred_3823,trout fillets
ingred_3824,grey poupon dijon mustard
ingred_3825,macaroni and cheese mix
ingred_3826,whole wheat pizza crust
ingred_3827,ground habanero chile pepper
ingred_3828,bisquick heart smart mix
ingred_3829,fried shallots
ingred_3830,tuna in olive oil
ingred_3831,skinless chicken legs
ingred_3832,cooked sausage
ingred_3833,mushroom stems
ingred_3834,whey powder
ingred_3835,cardamom seeds
ingred_3836,tabascocae brand chipotle pepper sauce
ingred_3837,bottled chili sauce
ingred_3838,tea
ingred_3839,hemp milk
ingred_3840,extralight vegetable oil spread
ingred_3841,fresh tarragon sprigs
ingred_3842,earth balance margarine
ingred_3843,whole chicken breasts
ingred_3844,dungeness crabmeat
ingred_3845,canned corn niblet
ingred_3846,soy protein powder
ingred_3847,white creamstyle corn
ingred_3848,whole wheat english muffin
ingred_3849,spanish olive oil
ingred_3850,frying chickens
ingred_3851,sweet vermouth
ingred_3852,wesson oil
ingred_3853,green cabbage head
ingred_3854,pie shell
ingred_3855,heinz chili sauce
ingred_3856,smoked link sausage
ingred_3857,seasoned croutons
ingred_3858,onion juice
ingred_3859,achiote paste
ingred_3860,orange blossom water
ingred_3861,frenchs french fried onions
ingred_3862,red jalapeno chiles
ingred_3863,spicy bulk sausage
ingred_3864,turkey hot dogs
ingred_3865,pork loin chops with bone
ingred_3866,green chili powder
ingred_3867,pork stuffing mix
ingred_3868,canned artichoke heart
ingred_3869,irish whiskey
ingred_3870,small mushroom
ingred_3871,homemade vegetable stock
ingred_3872,fat free cheese
ingred_3873,muesli
ingred_3874,bouillon cube
ingred_3875,mild sausage
ingred_3876,thai curry paste
ingred_3877,light cream cheese with vegetables
ingred_3878,soy lecithin
ingred_3879,yellowfin tuna fillet
ingred_3880,seedless european cucumber
ingred_3881,frozen blackeyed peas
ingred_3882,glaze
ingred_3883,kahlua
ingred_3884,asian pear
ingred_3885,nonstick spray coating
ingred_3886,gewurztraminer wine
ingred_3887,fatfree margarine
ingred_3888,meatless sauce
ingred_3889,coconut pudding mix
ingred_3890,butter pecan cake mix
ingred_3891,bratwursts
ingred_3892,pace picante sauce
ingred_3893,greek olives
ingred_3894,bean dip
ingred_3895,cassava
ingred_3896,conch
ingred_3897,chicken legs with thigh
ingred_3898,maida flour
ingred_3899,hunts tomato sauce
ingred_3900,frozen carrots
ingred_3901,linseeds
ingred_3902,wild blueberries
ingred_3903,campbells cheddar cheese soup
ingred_3904,unsalted creamy peanut butter
ingred_3905,natural applesauce
ingred_3906,marjoram leaves
ingred_3907,crushed pineapple in syrup
ingred_3908,cream sherry
ingred_3909,chili lime salsa
ingred_3910,kikkoman soy sauce
ingred_3911,raspberry yogurt
ingred_3912,green chili salsa
ingred_3913,roasted red peppers packed in oil
ingred_3914,lean veal
ingred_3915,challah
ingred_3916,refined flour
ingred_3917,barbecued chicken
ingred_3918,adzuki beans
ingred_3919,vanilla powder
ingred_3920,butter substitute
ingred_3921,shitake mushrooms
ingred_3922,rib roast
ingred_3923,bucatini pasta
ingred_3924,dried sour cherries
ingred_3925,country ham
ingred_3926,frozen strawberries
ingred_3927,blueberry almond cereal
ingred_3928,frozen cranberries
ingred_3929,meat tenderizer
ingred_3930,tempeh burgers
ingred_3931,pollock
ingred_3932,fresh raspberries
ingred_3933,dr pepper cola
ingred_3934,garlic and red chile paste
ingred_3935,lean ground sirloin
ingred_3936,lean ground veal
ingred_3937,shortcut bacon
ingred_3938,pork rib chops
ingred_3939,cherry peppers
ingred_3940,fresh snow pea
ingred_3941,skewer
ingred_3942,dried wild mushrooms
ingred_3943,grape juice
ingred_3944,rotelle pasta
ingred_3945,beef tenderloin steak
ingred_3946,wagon wheel macaroni
ingred_3947,yellow potato
ingred_3948,lavender flowers
ingred_3949,blood oranges
ingred_3950,whole wheat ditalini
ingred_3951,crisp bacon
ingred_3952,readymade pie crust
ingred_3953,shoestring carrots
ingred_3954,anjou pears
ingred_3955,red raspberries
ingred_3956,candlenuts
ingred_3957,boneless center cut pork loin roast
ingred_3958,bisquick reducedfat baking mix
ingred_3959,earth balance whipped spread
ingred_3960,gourd
ingred_3961,reducedfat butter
ingred_3962,pickled pepper
ingred_3963,pastry crust
ingred_3964,coffee creamer
ingred_3965,garlicflavored croutons
ingred_3966,condensed milk
ingred_3967,sliced apple
ingred_3968,brown rice vinegar
ingred_3969,spanish rice
ingred_3970,pork  beans
ingred_3971,lowfat vanilla yogurt
ingred_3972,whole chicken breast
ingred_3973,swiss chard leaves
ingred_3974,roasted cashews
ingred_3975,cedar plank
ingred_3976,banana pepper ring
ingred_3977,top round roast
ingred_3978,red burgundy wine
ingred_3979,scrod fish
ingred_3980,ground oats
ingred_3981,dry bow tie pasta
ingred_3982,hot chili beans
ingred_3983,clam broth
ingred_3984,coconut aminos
ingred_3985,medium sherry
ingred_3986,red cayenne pepper
ingred_3987,cracker meal
ingred_3988,campbells tomato soup
ingred_3989,lean ground chicken
ingred_3990,manzanilla olives
ingred_3991,italianstyle tomato sauce
ingred_3992,i cant believe its not butter
ingred_3993,butter flavored cracker
ingred_3994,lowfat tomato soup
ingred_3995,fresh spearmint
ingred_3996,morton tender quick salt
ingred_3997,vegetable dip mix
ingred_3998,hickory smoke salt
ingred_3999,smooth cashew butter
ingred_4000,french onion soup mix
ingred_4001,spareribs
ingred_4002,mexican chocolate
ingred_4003,paper towels
ingred_4004,pork stock
ingred_4005,tiny new potatoes
ingred_4006,anise
ingred_4007,boiled ham
ingred_4008,pig
ingred_4009,dried chervil
ingred_4010,piloncillo
ingred_4011,lowfat peanut butter
ingred_4012,soy sour cream
ingred_4013,chestnut meats
ingred_4014,boneless lamb shoulder
ingred_4015,malt extract
ingred_4016,chicken leg
ingred_4017,dried chipotle chiles
ingred_4018,bread and butter pickles
ingred_4019,pepperidge farm herb stuffing
ingred_4020,ziploc bag
ingred_4021,cornbread
ingred_4022,green mango
ingred_4023,fatfree swiss cheese
ingred_4024,rice sticks
ingred_4025,frozen broccoli carrots cauliflower mix
ingred_4026,kraft zesty italian dressing
ingred_4027,lightlife gimme lean ground beef
ingred_4028,dried papaya
ingred_4029,sharp american cheese
ingred_4030,wheat crackers
ingred_4031,canned mushroom
ingred_4032,rich chicken broth
ingred_4033,cooked lobster meat
ingred_4034,frozen raspberry concentrate
ingred_4035,melon
ingred_4036,dole italian blend
ingred_4037,cilantro stems
ingred_4038,citron
ingred_4039,kangkong
ingred_4040,boars head maple honey turkey
ingred_4041,red pepper pods
ingred_4042,cilantro leaves and stems
ingred_4043,lowfat granola
ingred_4044,rice syrup
ingred_4045,creme de cassis
ingred_4046,vegall
ingred_4047,banana extract
ingred_4048,green ginger
ingred_4049,nondairy coffee creamer
ingred_4050,cholesterolfree egg substitute
ingred_4051,tabbouleh
ingred_4052,lipton onion mushroom dry soup mix
ingred_4053,pillsbury refrigerated classic pizza crust
ingred_4054,deep dish pie shell
ingred_4055,dried pineapple
ingred_4056,meatloaf mix
ingred_4057,chocolate instant pudding
ingred_4058,garlicflavored red wine vinegar
ingred_4059,fudge cake mix
ingred_4060,basil vinaigrette
ingred_4061,saltfree garlic powder
ingred_4062,unsweetened plain yogurt
ingred_4063,saltfree onion powder
ingred_4064,frozen veggie sausage
ingred_4065,boneless turkey breast halves
ingred_4066,assorted herbs
ingred_4067,instant chocolate drink mix
ingred_4068,glutenfree vegetable bouillon cubes
ingred_4069,nori sushi sheets
ingred_4070,fine dry white bread crumbs
ingred_4071,wondra flour
ingred_4072,greek dressing
ingred_4073,nonfat soymilk
ingred_4074,haldi powder
ingred_4075,pancakes
ingred_4076,campbell mediterranean herbed tomato soup
ingred_4077,vegetable soup with beef stock
ingred_4078,asadero cheese
ingred_4079,pocketless pita
ingred_4080,powdered chipotle pepper
ingred_4081,nosugaradded relish
ingred_4082,frosting
ingred_4083,cream cheese with vegetables
ingred_4084,medium grain rice
ingred_4085,dippers
ingred_4086,yellow cheese
ingred_4087,quickcooking polenta
ingred_4088,starch
ingred_4089,vermicelli rice noodles
ingred_4090,mild chiles
ingred_4091,peanut butter cup
ingred_4092,bean with bacon soup
ingred_4093,reducedsodium tomato sauce
ingred_4094,nonfat asianstyle dressing
ingred_4095,sparkling water
ingred_4096,chinese chives
ingred_4097,roasted cumin seeds
ingred_4098,cookie
ingred_4099,teriyaki marinade
ingred_4100,dried fruits
ingred_4101,lowfat lowcarb whole wheat tortilla
ingred_4102,whole grain brown rice
ingred_4103,soy oil
ingred_4104,firm bananas
ingred_4105,round loaf italian bread
ingred_4106,mint sprigs
ingred_4107,steak fillets
ingred_4108,lowfat ricotta
ingred_4109,habanero
ingred_4110,korma paste
ingred_4111,sourdough bread rounds
ingred_4112,reducedcalorie stick margarine
ingred_4113,instant butterscotch pudding mix
ingred_4114,reducedsodium worcestershire sauce
ingred_4115,barley malt
ingred_4116,sandwich steaks
ingred_4117,dried shrimp paste
ingred_4118,blueberry preserves
ingred_4119,cubanelle pepper
ingred_4120,buttercup squash
ingred_4121,herbflavored vinegar
ingred_4122,erythritol
ingred_4123,unbaked inch pie shell
ingred_4124,dayold french bread
ingred_4125,cacio di roma cheese
ingred_4126,crusty hamburger bun
ingred_4127,green mangoes
ingred_4128,liquid amino acid
ingred_4129,honeybaked ham
ingred_4130,vegetarian beef strips
ingred_4131,chinese pea pods
ingred_4132,matcha green tea powder
ingred_4133,peppercorn blend
ingred_4134,jellied cranberry sauce
ingred_4135,cooked sweet potato
ingred_4136,extralarge egg
ingred_4137,sesame round cracker
ingred_4138,inch deep dish pie crust
ingred_4139,rum extract
ingred_4140,rack of ribs
ingred_4141,ground dried chile
ingred_4142,whole grain english muffins
ingred_4143,caul
ingred_4144,refrigerated diced potatoes with onions
ingred_4145,instant oxo
ingred_4146,morningstar farms veggie bacon strips
ingred_4147,red peppercorns
ingred_4148,potato gnocchi
ingred_4149,frozen mixed berries
ingred_4150,best foods mayonnaise
ingred_4151,cinnamon rolls
ingred_4152,bird chile
ingred_4153,truffle
ingred_4154,icing
ingred_4155,venison loin
ingred_4156,oaxaca cheese
ingred_4157,coconut juice
ingred_4158,gelling sugar
ingred_4159,margarine spread
ingred_4160,dried hot pepper
ingred_4161,ham bouillon cube
ingred_4162,sunflower seed butter
ingred_4163,sourdough bread cubes
ingred_4164,cookie dough
ingred_4165,ovendried tomato halves
ingred_4166,nutmeats
ingred_4167,top sirloin roast
ingred_4168,mixed dried fruit
ingred_4169,frozen inch deep dish pie shell
ingred_4170,chocolate whey protein powder
ingred_4171,mexicanstyle diced tomatoes
ingred_4172,soy miso
ingred_4173,green chard leaves
ingred_4174,oz pouch precooked basmati rice
ingred_4175,mixed grains
ingred_4176,sour apple liqueur
ingred_4177,pasta sauce with meat
ingred_4178,honeyflavored barbecue sauce
ingred_4179,au jus mix
ingred_4180,red chili paste
ingred_4181,unsalted almonds
ingred_4182,canned pineapple chunk
ingred_4183,golden brown sugar
ingred_4184,lowsodium peanut butter
ingred_4185,turkey fillets
ingred_4186,pimento cheese
ingred_4187,fruit salad
ingred_4188,black lentils
ingred_4189,smoked back bacon
ingred_4190,baharat
ingred_4191,cuban bread
ingred_4192,kumquats
ingred_4193,light maple syrup
ingred_4194,organic virgin coconut oil
ingred_4195,pineapple extract
ingred_4196,teaspoon lightly dried or fresh gingerc finely grated
ingred_4197,dried lemongrass
ingred_4198,canned oysters
ingred_4199,coconut essence
ingred_4200,low fat chicken in water
ingred_4201,ground white pepper
ingred_4202,lowsodium tomatoes
ingred_4203,pickled red cabbage
ingred_4204,hard egg yolk
ingred_4205,shaosing wine
ingred_4206,dried kaffir lime leaf
ingred_4207,apple liqueur
ingred_4208,dried orange peel
ingred_4209,chicken consomme
ingred_4210,buttered bread crumbs
ingred_4211,broccoli spears
ingred_4212,peapods
ingred_4213,baby onions
ingred_4214,pecan meal
ingred_4215,dried pasta shapes
ingred_4216,sugarfree cherry pie filling
ingred_4217,green grapes
ingred_4218,light margarine spread
ingred_4219,boneless beef top sirloin steak
ingred_4220,spiced rum
ingred_4221,pita bread round
ingred_4222,potato hamburger buns
ingred_4223,baby back rib racks
ingred_4224,butterscotch chips
ingred_4225,cooked bow tie pasta
ingred_4226,kombu
ingred_4227,thai rice noodles
ingred_4228,sugarfree chocolate chips
ingred_4229,cabrales cheese
ingred_4230,hawaij
ingred_4231,lowcarb whole wheat tortillas
ingred_4232,dried pear half
ingred_4233,shiritaki noodles
ingred_4234,dried plums
ingred_4235,reducedfat extrafirm tofu
ingred_4236,lowsodium teriyaki sauce
ingred_4237,methi seeds
ingred_4238,instant coffee powder
ingred_4239,cream crackers
ingred_4240,green plantains
ingred_4241,pork cutlets
ingred_4242,sirloin tip steak
ingred_4243,swansons beef and onion broth
ingred_4244,kefir
ingred_4245,reduced sodium ketchup
ingred_4246,tuna packed in oil
ingred_4247,vanilla greek yogurt
ingred_4248,chinese sausage
ingred_4249,orientalflavor instant ramen noodles
ingred_4250,boneless turkey breast
ingred_4251,methi leaves
ingred_4252,fresh sea scallops
ingred_4253,roasted garlic alfredo sauce
ingred_4254,pretzel
ingred_4255,bob evans sausage
ingred_4256,dill relish
ingred_4257,calf liver
ingred_4258,veal scallopini
ingred_4259,honeybalsamic vinaigrette
ingred_4260,evaporated lowfat milk
ingred_4261,guinness draught
ingred_4262,whole grain dijon mustard
ingred_4263,japanese eggplant
ingred_4264,raspberry spreadable fruit
ingred_4265,soda cracker
ingred_4266,cooked sushi rice
ingred_4267,chicken carcasses
ingred_4268,saltfree tomato sauce
ingred_4269,spaetzle noodles
ingred_4270,frozen dough rolls
ingred_4271,taro chips
ingred_4272,soybean oil
ingred_4273,dried lily buds
ingred_4274,boneless sirloin tip roast
ingred_4275,chinese pancakes
ingred_4276,zinfandel
ingred_4277,eggfree pasta
ingred_4278,chicken breast fillet
ingred_4279,chapati flour
ingred_4280,purple seedless grapes
ingred_4281,frito scoops
ingred_4282,vegan edam cheese
ingred_4283,vegan pepperoni
ingred_4284,black gram
ingred_4285,lamb backstraps
ingred_4286,almond flavoring
ingred_4287,chicken gizzards
ingred_4288,psyllium
ingred_4289,beef liver
ingred_4290,cinnamonswirl bread
ingred_4291,asian noodles
ingred_4292,lowsodium chicken bouillon cubes
ingred_4293,atta flour
ingred_4294,beef tongues
ingred_4295,black soybeans
ingred_4296,beef heart
ingred_4297,soya granules
ingred_4298,bulbs shallots
ingred_4299,roasted pistachios
ingred_4300,pesto sauce mix
ingred_4301,buttermilk baking mix
ingred_4302,bean flour
ingred_4303,melba toast
ingred_4304,wood ear mushrooms
ingred_4305,tea bag
ingred_4306,mexican style beans
ingred_4307,boneless skinless smoked chicken breasts
ingred_4308,white asparagus
ingred_4309,spaghetti sauce mix
ingred_4310,fatfree american cheese
ingred_4311,green cherry tomatoes
ingred_4312,serrano chili peppers
ingred_4313,pureed chipotle chiles
ingred_4314,cheese whiz
ingred_4315,fajitasize flour tortillas
ingred_4316,smoked oysters
ingred_4317,lowfat creme fraiche
ingred_4318,pumpkin butter
ingred_4319,parmesan salad dressing
ingred_4320,whole wheat macaroni
ingred_4321,pie filling
ingred_4322,stir fry seasoning
ingred_4323,white bread cubes
ingred_4324,pizza crust mix
ingred_4325,cajunstyle rice
ingred_4326,hormel chili
ingred_4327,fatfree cream cheese
ingred_4328,italian peppers
ingred_4329,beef caps
ingred_4330,creamy corn and roasted pepper soup
ingred_4331,chipotle peanuts
ingred_4332,flat rice noodles
ingred_4333,ginkgo nuts
ingred_4334,yellow miso
ingred_4335,maitake mushroom
ingred_4336,ribs
ingred_4337,reducedfat soy mayonnaise
ingred_4338,dark rye flour
ingred_4339,lite firm tofu
ingred_4340,habaneros
ingred_4341,soppressata
ingred_4342,lowsodium pinto beans
ingred_4343,dried lavender flowers
ingred_4344,spanish saffron threads
ingred_4345,campbells condensed cream of celery soup
ingred_4346,powdered thyme
ingred_4347,japanesestyle bread crumbs
ingred_4348,hot pepper jelly
ingred_4349,mornay sauce
ingred_4350,club crackers
ingred_4351,concord grapes
ingred_4352,bermuda onion
ingred_4353,fresh white garlic
ingred_4354,hot red chili pepper flakes
ingred_4355,reducedcalorie maple syrup
ingred_4356,beef round steak
ingred_4357,frozen pineapple chunks
ingred_4358,sweet red pepper relish
ingred_4359,turkey pastrami
ingred_4360,dried chestnuts
ingred_4361,fresh pears
ingred_4362,clay flower pots
ingred_4363,fiddlehead
ingred_4364,lowsugar pizza sauce
ingred_4365,acai pulp
ingred_4366,unsweetened vanilla almond breeze
ingred_4367,dried pitted prunes
ingred_4368,whole grain wheat bread
ingred_4369,root vegetables
ingred_4370,blintzes
ingred_4371,dried mint flakes
ingred_4372,truvia
ingred_4373,marbled cheddar and swiss cheese
ingred_4374,salted anchovies
ingred_4375,persimmons
ingred_4376,unsweetened chocolate squares
ingred_4377,chicken soup powder
ingred_4378,vegan soy cheese
ingred_4379,frozen peaches
ingred_4380,marinated artichoke
ingred_4381,filberts
ingred_4382,summer sausage
ingred_4383,morel
ingred_4384,club soda
ingred_4385,mushroom tortellini
ingred_4386,vlasic dill pickle relish
ingred_4387,doughnuts
ingred_4388,lemon salt
ingred_4389,pickled jalapeno chilies
ingred_4390,puffed wheat cereal
ingred_4391,puffed corn cereal
ingred_4392,key limes
ingred_4393,redfish fillet
ingred_4394,calabaza squash
ingred_4395,hamour fish
ingred_4396,jalapeno relish
ingred_4397,harusame noodles
ingred_4398,cream of broccoli soup mix
ingred_4399,black walnut flavoring
ingred_4400,chicken carcass
ingred_4401,turkish bay leaves
ingred_4402,moose rump roast
ingred_4403,fromage blanc
ingred_4404,shredded hash brown potatoes
ingred_4405,shichimitogarashi
ingred_4406,garfava flour
ingred_4407,sheep stomach
ingred_4408,roasted sweet peppers
ingred_4409,ground basil
ingred_4410,candied almonds
ingred_4411,hot chinese chili paste
ingred_4412,horseradish root
ingred_4413,mcintosh apple
ingred_4414,centercut bacon
ingred_4415,sweet italian turkey sausage
ingred_4416,white lentils
ingred_4417,red pear tomatoes
ingred_4418,grated fresh coconut
ingred_4419,cavolo nero
ingred_4420,jalapeno seasoning salt
ingred_4421,peppar vodka
ingred_4422,pickle mix
ingred_4423,black grapes
ingred_4424,potato dinner rolls
ingred_4425,tikka paste
ingred_4426,sheep liver
ingred_4427,wishbone deluxe french salad dressing
ingred_4428,barilla angel hair pasta
ingred_4429,reducedfat reducedsodium swiss cheese
ingred_4430,fatfree thousand island salad dressing
ingred_4431,tortilla flour
ingred_4432,turkey breast tenderloins
ingred_4433,diced tomatoes with sweet onions
ingred_4434,italian tomato soup
ingred_4435,vegan cheddar cheese
ingred_4436,pork sausage link
ingred_4437,soy burgers
ingred_4438,reduced fat margarine
ingred_4439,leaf thyme
ingred_4440,ranch style bean
ingred_4441,pork blade steaks
ingred_4442,szechwan chili sauce
ingred_4443,nosaltadded garbanzo beans
ingred_4444,olive juice
ingred_4445,pineapple slices in juice
ingred_4446,st louis cut rib racks
ingred_4447,sheep heart
ingred_4448,bergamot petals
ingred_4449,sheep tongue
ingred_4450,suet
ingred_4451,chickenflavored ramen noodles
ingred_4452,urad dal flour
ingred_4453,snails
ingred_4454,cabbage leaf
ingred_4455,pork chop
ingred_4456,fresh pumpkin puree
ingred_4457,banana cream instant pudding
ingred_4458,twelvegrain bread
ingred_4459,vanilla bean paste
ingred_4460,white karo
ingred_4461,swordfish steaks
ingred_4462,vegetarian sausage patties
ingred_4463,cucumber salad dressing
ingred_4464,white tequila
ingred_4465,jumbo black olives
ingred_4466,thai peppers
ingred_4467,straw mushroom
ingred_4468,peach juice
ingred_4469,dried morels
ingred_4470,zatarainscae spanish rice
ingred_4471,lime gelatin
ingred_4472,jack daniels whiskey
ingred_4473,chocolate frosting
ingred_4474,chocolate cookies
ingred_4475,whole green onions
ingred_4476,duck breast halves
ingred_4477,pudding mix
ingred_4478,whole oats
ingred_4479,crawfish tail
ingred_4480,fresh cayenne peppers
ingred_4481,light cheese
ingred_4482,vegetable suet
ingred_4483,fantastic foods vegetarian chili mix
ingred_4484,purple cauliflower
ingred_4485,jelly
ingred_4486,dough enhancer
ingred_4487,dried cayenne peppers
ingred_4488,kraft sundried tomato salad dressing
ingred_4489,boneless short ribs
ingred_4490,lowfat cheese ravioli
ingred_4491,homemade mayonnaise
ingred_4492,soft silken tofu
ingred_4493,kraft old english cheese spread
ingred_4494,lowfat mexican cheese blend
ingred_4495,bell pepper bruschetta topping
ingred_4496,crabapples
ingred_4497,baby green pea
ingred_4498,white port
ingred_4499,honey oat bread
ingred_4500,baked beans in tomato sauce
ingred_4501,shredded wheat biscuits
ingred_4502,lecithin granules
ingred_4503,crab cakes
ingred_4504,scampi
ingred_4505,green giant sliced mushrooms
ingred_4506,fresh ripe pineapple
ingred_4507,teff
ingred_4508,corn flakes cereal
ingred_4509,beefy mushroom soup
ingred_4510,miso soup
ingred_4511,red pepper vinaigrette
ingred_4512,english seedless cucumbers
ingred_4513,vanilla icing
ingred_4514,chocolate icing
ingred_4515,hardshelled clams
ingred_4516,vegetarian stilton cheese
ingred_4517,onion white
ingred_4518,cranberry jelly
ingred_4519,tapioca pudding
ingred_4520,strawberry gelatin
ingred_4521,fresh sorrel
ingred_4522,knackwurst of frankfurters
ingred_4523,bean medley
ingred_4524,wasabi peas
ingred_4525,heinz ketchup
ingred_4526,italian cut green beans
ingred_4527,brown sauce
ingred_4528,frypowder
ingred_4529,lemon leaves
ingred_4530,caviar
ingred_4531,baby red potato
ingred_4532,mint jelly
ingred_4533,english pea
ingred_4534,canola oil mayonnaise
ingred_4535,minced chicken
ingred_4536,sesame or everything pretzel crispscae
ingred_4537,pureed chipotle chile
ingred_4538,italian turkey sausage links
ingred_4539,hawaiian sea salt
ingred_4540,ti leaves
ingred_4541,pillsbury refrigerated biscuits
ingred_4542,asian chili sauce
ingred_4543,boneless eye of round beef steak
ingred_4544,carob powder
ingred_4545,serrano ham
ingred_4546,sundried tomato olive oil
ingred_4547,chicken cheese enchilada soup
ingred_4548,canned jalapeno peppers
ingred_4549,lemon vinaigrette
ingred_4550,post grapenuts cereal
ingred_4551,extralarge shrimp
ingred_4552,fresh chestnuts
ingred_4553,meat stock
ingred_4554,italian plum tomato
ingred_4555,white raisins
ingred_4556,montasio cheese
ingred_4557,whole green onion
ingred_4558,mapleflavor syrup
ingred_4559,dry apple cider
ingred_4560,whole pumpkin
ingred_4561,nosaltadded chicken broth
ingred_4562,ginger in syrup
ingred_4563,beef sirloin tip
ingred_4564,caramel topping
ingred_4565,lemonade concentrate
ingred_4566,half cream
ingred_4567,maple ham
ingred_4568,gourmet salad greens
ingred_4569,weight watcher mozzarella cheese stick
ingred_4570,crusty bread rolls
ingred_4571,microwave popcorn
ingred_4572,pineapple ring
ingred_4573,reducedfat creamy peanut butter
ingred_4574,pastry for singlecrust pie
ingred_4575,light vegetable stock
ingred_4576,hard alcoholic cider
ingred_4577,cheddar cheese cube
ingred_4578,gingersnaps
ingred_4579,mexican red sauce
ingred_4580,passion fruit
ingred_4581,beef roast seasoning
ingred_4582,yellowfin tuna steaks
ingred_4583,beet leaves
ingred_4584,dried ginger
ingred_4585,sweet red wine
ingred_4586,vegetarian broth
ingred_4587,worcestershire sauce for chicken
ingred_4588,chickenflavored vegetarian seasoning
ingred_4589,catfish
ingred_4590,white minute rice
ingred_4591,lemon basil
ingred_4592,oven cooking bag
ingred_4593,rice bran powder
ingred_4594,hickory wood chunks
ingred_4595,dried lima beans
ingred_4596,vegan taco seasoning
ingred_4597,boneless pork loin steaks
ingred_4598,barley rusks
ingred_4599,mizithra cheese
ingred_4600,lowcarb pasta
ingred_4601,vegetarian parmesan cheese
ingred_4602,pork heart
ingred_4603,pork tongue
ingred_4604,kraft mayonnaise
ingred_4605,malted milk balls
ingred_4606, mozzarella cheese
ingred_4607,borage
ingred_4608,frozen dark sweet cherries
ingred_4609,reducedfat basil pesto
ingred_4610,mincemeat
ingred_4611,treacle
ingred_4612,compressed yeast cakes
ingred_4613,tofu hot dogs
ingred_4614,boneless beef round steak
ingred_4615,coke
ingred_4616,lemon flavor instant pudding and pie filling
ingred_4617,goose liver
ingred_4618,goose fat
ingred_4619,bun
ingred_4620,kraft shredded parmesan cheese
ingred_4621,condensed chicken broth
ingred_4622,dried hot peppers
ingred_4623,gravymaster
ingred_4624,shiso
ingred_4625,umeboshi
ingred_4626,parmesan croutons
ingred_4627,nonstick baking spray with flour
ingred_4628,dry roasted salted peanuts
ingred_4629,molly mcbutter
ingred_4630,midori melon liqueur
ingred_4631,raisin walnut bread
ingred_4632,crema
ingred_4633,minced clams with juice
ingred_4634,raw sweet potato
ingred_4635,black and red pepper blend
ingred_4636,unsweetened pineapple
ingred_4637,fresh peach
ingred_4638,sweethot mustard
ingred_4639,garlicinfused olive oil
ingred_4640,roast chicken seasoning
ingred_4641,cooked orzo pasta
ingred_4642,pimento pepper
ingred_4643,stone ground corn grits
ingred_4644,walla walla onions
ingred_4645,kraft creamy cucumber ranch salad dressing
ingred_4646,orange wedge
ingred_4647,gyoza skins
ingred_4648,basmati rice pilaf
ingred_4649,shichimi togarashi
ingred_4650,creamy italian dressing
ingred_4651,prepared hot mustard
ingred_4652,muffuletta bread
ingred_4653,cocktail onions
ingred_4654,orange gelatin
ingred_4655,condensed vegetable broth
ingred_4656,protein shake mix
ingred_4657,vegetarian hamburger patty
ingred_4658,ammonium chloride
ingred_4659,dried green onion flakes
ingred_4660,cantaloupe balls
ingred_4661,gebhardtregb chili powder
ingred_4662,old milwaukee beer
ingred_4663,unsalted vegetable stock
ingred_4664,ladyfingers
ingred_4665,serranos
ingred_4666,glutenfree tamari
ingred_4667,toast points
ingred_4668,frozen sweetened strawberries
ingred_4669,golden grahams cereal
ingred_4670,pillsbury sugar cookie dough
ingred_4671,granola bars
ingred_4672,kraft caramels
ingred_4673,reducedfat coconut milk
ingred_4674,reducedfat cream of chicken soup
ingred_4675,nosugaradded marinara sauce
ingred_4676,oilcured black olive
ingred_4677,boneless duck meat
ingred_4678,canadian cheddar cheese
ingred_4679,solid white tuna
ingred_4680,diced pimento
ingred_4681,lowfat vanilla soymilk
ingred_4682,whole wheat fettuccine
ingred_4683,tangerinec zest of
ingred_4684,whipped topping
ingred_4685,dry champagne
ingred_4686,low fat herb vinaigrette dressing
ingred_4687,pisco
ingred_4688,fourbean mix
ingred_4689,honeydew
ingred_4690,vanilla frozen yogurt
ingred_4691,yellow moong and urad dal paste
ingred_4692,heads of cabbage
ingred_4693,lamb cutlets
ingred_4694,aji yellow paste
ingred_4695,mung dal
ingred_4696,dried ancho chile
ingred_4697,carrot sticks
ingred_4698,ricearoni
ingred_4699,red thai chile
ingred_4700,plum preserves
ingred_4701,currant jelly
ingred_4702,blackberry pie filling
ingred_4703,hot red chili pepper
ingred_4704,mixed cheeses
ingred_4705,rajma
ingred_4706,mrs dash table blend seasoning
ingred_4707,sugarfree instant pistachio pudding
ingred_4708,instant banana pudding mix
ingred_4709,pasta roni
ingred_4710,ragu pizza sauce
ingred_4711,breaded chicken patties
ingred_4712,mutton
ingred_4713,kibbeh
ingred_4714,crushed unsweetened pineapple
ingred_4715,unsweetened fruit cocktail
ingred_4716,nopales
ingred_4717,mandarin oranges in light syrup
ingred_4718,light whipped topping
ingred_4719,mixed glace fruit
ingred_4720,flavored oil
ingred_4721,italian flat beans
ingred_4722,small potatoes
ingred_4723,dill vinegar
ingred_4724,dry whole wheat breadcrumbs
ingred_4725,leek white
ingred_4726,lipton beef and onion soup mix
ingred_4727,unbaked pie shell
ingred_4728,canned ham
ingred_4729,baby swiss cheese
ingred_4730,california walnut
ingred_4731,herb stuffing mix
ingred_4732,frozen broccoli cauliflower red sweet pepper mix
ingred_4733,nosugaradded applesauce
ingred_4734,cool whip free
ingred_4735,frozen pizza dough
ingred_4736,semisoft goat cheese
ingred_4737,tomato paste with garlic
ingred_4738,duck breast
ingred_4739,ground cilantro
ingred_4740,maca
ingred_4741,watermelon rind
ingred_4742,planters pecans
ingred_4743,fresh egg noodles
ingred_4744,sugarfree banana cream pudding mix
ingred_4745,chili bean
ingred_4746,thai chile
ingred_4747,wheatberries
ingred_4748,tom yum paste
ingred_4749,beefflavored vegetarian seasoning
ingred_4750,blue food coloring
ingred_4751,mccormick salad supreme seasoning
ingred_4752,lettuce greens
ingred_4753,long beans
ingred_4754,paad thai sauce
ingred_4755,grated fesh coconut
ingred_4756,dry white vermouth
ingred_4757,stirfry beef
ingred_4758,barbecue potato chips
ingred_4759,frozen cheese ravioli
ingred_4760,campbells chunky ready to serve vegetable soup
ingred_4761,meat broth
ingred_4762,empanada wrappers
ingred_4763,lavender buds
ingred_4764,fresh ahi tuna
ingred_4765,pure olive oil
ingred_4766,baby back rib rack
ingred_4767,dryroasted cashews
ingred_4768,puffed rice cereal
ingred_4769,mushroom stock
ingred_4770,turkey giblets
ingred_4771,broccoli stem
ingred_4772,celery top
ingred_4773,cauliflower stem
ingred_4774,potato skins
ingred_4775,taco bell home originals thick n chunky salsa
ingred_4776,milk chocolate
ingred_4777,garlic and herb goat cheese
ingred_4778,grey poupon
ingred_4779,mushroom gravy mix
ingred_4780,lowsodium tomato soup
ingred_4781,wild salmon
ingred_4782,perejil
ingred_4783,heads of belgian endives
ingred_4784,pickled sweet peppers
ingred_4785,short rib of beef
ingred_4786,white corn tortilla chips
ingred_4787,homemade chicken stock
ingred_4788,preserves
ingred_4789,pork rib roast
ingred_4790,wild wings asian zing sauce
ingred_4791,montreal chicken seasoning
ingred_4792,enriched rice
ingred_4793,unseasoned breadcrumbs
ingred_4794,rose water
ingred_4795,dried jalapeno pepper
ingred_4796,kale leaf
ingred_4797,frozen tofu
ingred_4798,broad egg noodle
ingred_4799,rice paper
ingred_4800,mixed grain bread
ingred_4801,hot salt
ingred_4802,pineapple sage
ingred_4803,spicy bbq sauce
ingred_4804,chinese eggplant
ingred_4805,frozen tiny peas
ingred_4806,korma sauce
ingred_4807,blood orange
ingred_4808,wax pepper
ingred_4809,frozen french fries
ingred_4810,fresh zucchini
ingred_4811,feta cheese with dried basil and tomato
ingred_4812,pomegranate syrup
ingred_4813,veal cutlet
ingred_4814,diced tomatoes with green pepper celery and onion
ingred_4815,lean meat
ingred_4816,bean sauce
ingred_4817,fried rice
ingred_4818,pineappleorangebanana juice
ingred_4819,scotch
ingred_4820,white wine worcestershire sauce
ingred_4821,dried rice koji
ingred_4822,yellow fin potatoes
ingred_4823,prepared polenta
ingred_4824,chicken gumbo soup
ingred_4825,edible silver foil
ingred_4826,broiler chickens
ingred_4827,green serrano chilies
ingred_4828,vegan sausage patties
ingred_4829,vegan american cheese
ingred_4830,meatless italian sausage
ingred_4831,red raspberry preserves
ingred_4832,vanilla protein powder
ingred_4833,frenchstyle green beans
ingred_4834,salted sunflower seeds
ingred_4835,lowfat whole grain waffles
ingred_4836,rye chips
ingred_4837,peanut sauce
ingred_4838,broccoli cole slaw
ingred_4839,spinach and garlic egg noodles
ingred_4840,beef stew seasoning
ingred_4841,double crust pie crust
ingred_4842,rotel mexican festival tomatoes
ingred_4843,goji berry
ingred_4844,ritz cracker crumbs
ingred_4845,lowfat kielbasa
ingred_4846,bagel
ingred_4847,frozen potato pierogies
ingred_4848,brown sesame seed
ingred_4849,white pea beans
ingred_4850,chocolate hazelnut spread
ingred_4851,broad egg noodles
ingred_4852,hazelnutflavored liqueur
ingred_4853,soft margarine
ingred_4854,boneless skinless salmon fillets
ingred_4855,texmex seasoning
ingred_4856,pimento strips
ingred_4857,lean boneless leg of lamb
ingred_4858,nectarine
ingred_4859,budweiser beer
ingred_4860,light teriyaki sauce
ingred_4861,pumpkin pie filling
ingred_4862,countrystyle spareribs
ingred_4863,pork shoulder butt
ingred_4864,dip mix
ingred_4865,cannelloni tubes
ingred_4866,chicken piece
ingred_4867,kashk
ingred_4868,orange roughy
ingred_4869,smart balance light butter spread
ingred_4870,boneless bottom round roast
ingred_4871,tenderloin
ingred_4872,sogogi dashida
ingred_4873,fresh turmeric
ingred_4874,au gratin potatoes
ingred_4875,simply potatoes shredded hash browns
ingred_4876,garlic and onion tofu
ingred_4877,blueberries in light syrup
ingred_4878,mixed seeds
ingred_4879,rose petal
ingred_4880,vegan sausage links
ingred_4881,bourbon whiskey
ingred_4882,dry basil leaves
ingred_4883,dumpling wrappers
ingred_4884,loin lamb
ingred_4885,powdered oregano
ingred_4886,fat free lowsodium beef broth
ingred_4887, bean soup mix
ingred_4888,mediumsized shrimp
ingred_4889,butter croissants
ingred_4890,lean ground buffalo
ingred_4891,fresh linguine
ingred_4892,dried fennel
ingred_4893,water crackers
ingred_4894,red michigan apple
ingred_4895,contadina tomato paste
ingred_4896,whole wheat bread dough
ingred_4897,dulse flakes
ingred_4898,pigs foot
ingred_4899,salt beef
ingred_4900,lamb necks
ingred_4901,lamb stock cube
ingred_4902,dried soybeans
ingred_4903,italianstyle peeled tomatoes
ingred_4904,espresso powder
ingred_4905,frozen potato and onion pierogies
ingred_4906,vegetarian chicken substitute
ingred_4907,bottlegourd
ingred_4908,bloody mary mix
ingred_4909,ground savory
ingred_4910,mccormick mild chili seasoning
ingred_4911,granular fructose
ingred_4912,lebanon bologna
ingred_4913,macaroni  cheese dinner mix
ingred_4914,roasted garlic and sweet onion jam
ingred_4915,miniature party rye rounds
ingred_4916,tofutti sour cream
ingred_4917,monterey jackstyle soy cheese
ingred_4918,parmesan soy cheese
ingred_4919,guava paste
ingred_4920,chocolate piece
ingred_4921,tiger shrimp
ingred_4922,sauvignon blanc wine
ingred_4923,kamaboko
ingred_4924,bitters
ingred_4925,green onion tops
ingred_4926,fatfree raspberry vinaigrette
ingred_4927,southwest seasoning
ingred_4928,italian chicken sausage
ingred_4929,hunts dinner starters seasoned tomato sauce for meatloaf
ingred_4930,bread stuffing mix
ingred_4931,fillets of sole
ingred_4932,basic pizza dough
ingred_4933,carrot greens
ingred_4934,salted almonds
ingred_4935,unsalted nuts
ingred_4936,frozen squash
ingred_4937,red snapper fillet
ingred_4938,rye berries
ingred_4939,whole bay leaf
ingred_4940,waffle batter
ingred_4941,southern comfort
ingred_4942,chili bricks
ingred_4943,sourdough rolls
ingred_4944,hard salami
ingred_4945,pineapple juice concentrate
ingred_4946,processed cheese spread
ingred_4947,garden salad
ingred_4948,lamb stew meat
ingred_4949,vegetable seasoning
ingred_4950,achar
ingred_4951,light ricotta cheese
ingred_4952,spicy clamato juice
ingred_4953,apricot marmalade
ingred_4954,dried coriander leaves
ingred_4955,gemelli pasta
ingred_4956,cassia
ingred_4957,boneless ham
ingred_4958,condensed cream of broccoli soup
ingred_4959,leek soup mix
ingred_4960,sultana raisins
ingred_4961,san marzano tomatoes
ingred_4962,graham cracker
ingred_4963,radish sprouts
ingred_4964,rock cornish game hens
ingred_4965,medium curry paste
ingred_4966,lamb gravy
ingred_4967,fiesta nacho cheese soup
ingred_4968,biscuit dough
ingred_4969,sevengrain cereal
ingred_4970,morningstar farms meal starters chicken strips
ingred_4971,kalonji
ingred_4972,ground roasted cumin seeds
ingred_4973,star anise pods
ingred_4974,decorative candies
ingred_4975,fresh tarragon leaves
ingred_4976,skinless turkey breast
ingred_4977,eggshells
ingred_4978,rabbit joints
ingred_4979,raspberry jello gelatin
ingred_4980,sage leaf
ingred_4981,candied fruit
ingred_4982,fatfree turkey chili
ingred_4983,green pepper ring
ingred_4984,romaine leaf
ingred_4985,chile sauce with garlic
ingred_4986,tuna salad
ingred_4987,hot chili flakes
ingred_4988,garlicstuffed olives
ingred_4989,red wine marinara sauce
ingred_4990,white pumpkin
ingred_4991,bread rounds
ingred_4992,pineapple sauce
ingred_4993,bing cherry
ingred_4994,almond liqueur
ingred_4995,red bean paste
ingred_4996,fresh rosemary needles
ingred_4997,chicken bone
ingred_4998,medium pasta shells
ingred_4999,pie pastry
ingred_5000,dried hibiscus flowers
ingred_5001,ham shank
ingred_5002,sweet corn cobs
ingred_5003,reducedfat mixedgrain bread
ingred_5004,reducedsodium taco seasoning mix
ingred_5005,frozen french toast
ingred_5006,fruit cocktail in light syrup
ingred_5007,red plum
ingred_5008,simply potatoes red potato wedges
ingred_5009,round rice paper sheets
ingred_5010,chablis
ingred_5011,umeboshi vinegar
ingred_5012,pommery mustard
ingred_5013,jalapeno pepper cheese
ingred_5014,chinese sesame paste
ingred_5015,frozen broccoli cuts
ingred_5016,lowcarb breadcrumbs
ingred_5017,lowcarb penne
ingred_5018,sorghum
ingred_5019,lowcarb barbecue sauce
ingred_5020,garlic sea salt
ingred_5021,basil olive oil
ingred_5022,boysenberries
ingred_5023,whey protein
ingred_5024,raspberry gelatin powder
ingred_5025,globe eggplant
ingred_5026,cacio di fossa cheese
ingred_5027,sea bass
ingred_5028,red currants
ingred_5029,whole wheat egg noodles
ingred_5030,soy pepperoni
ingred_5031,defatted chicken broth
ingred_5032,tahini sesame butter
ingred_5033,kraft shredded monterey jack cheese
ingred_5034,kraftregb shredded mozzarella cheese
ingred_5035,kraft shredded sharp cheddar cheese
ingred_5036,hidden valleyregb original ranchregb dressing and seasoning mix
ingred_5037,potato  cheese pierogies
ingred_5038,vegetarian chicken bouillon cube
ingred_5039,vegetarian chicken strips
ingred_5040,campbells halffat condensed cream of mushroom soup
ingred_5041,haricot beans
ingred_5042,banana yogurt
ingred_5043,persimmon peel
ingred_5044,panettone
ingred_5045,organic unbleached white flour
ingred_5046,lime mayonnaise
ingred_5047,natural cane sugar
ingred_5048,tawny port
ingred_5049,rice pilaf and lentil mix
ingred_5050,lowfat cream of chicken soup
ingred_5051,campbell southweststyle pepper jack soup
ingred_5052,vegetarian enchilada sauce
ingred_5053,progresso italianstyle fine bread crumbs
ingred_5054,hidden valley ranch dip
ingred_5055,lean stew meat
ingred_5056,canned peach halves
ingred_5057,tomato cocktail juice
ingred_5058,dark corn syrup
ingred_5059,instant flour
ingred_5060,hot green chili peppers
ingred_5061,readytoserve beef broth
ingred_5062,lean sirloin steaks
ingred_5063,baby peas
ingred_5064,reducedfat chicken broth
ingred_5065,nonpareils
ingred_5066,butterflied leg of lamb
ingred_5067,tostados
ingred_5068,rainbow trout
ingred_5069,ancho chili
ingred_5070,pumpkin pie mix
ingred_5071,braggs aminos
ingred_5072,sole
ingred_5073,bean thread vermicelli
ingred_5074,vegetable stock cubes
ingred_5075,chinese mushroom
ingred_5076,liquid sweetener
ingred_5077,pickled okra
ingred_5078,goose
ingred_5079,sausage pattie
ingred_5080,chicken giblets
ingred_5081,pineapple tidbits in juice
ingred_5082,lemonade
ingred_5083,quail eggs
ingred_5084,roasted sweet red pepper
ingred_5085,tomato base chili sauce
ingred_5086,  fresh cream
ingred_5087,coriander sprigs
ingred_5088,sweet apple cider
ingred_5089,prepared sweetandsour mix
ingred_5090,peppercorn ranch dressing
ingred_5091,dehydrated onion
ingred_5092,raspberry jelly
ingred_5093,stevia truvia
ingred_5094,dried pink beans
ingred_5095,canned mandarin oranges
ingred_5096,miniature marshmallow
ingred_5097,veal shoulder
ingred_5098,parchment paper
ingred_5099,english mustard
ingred_5100,duck legs
ingred_5101,duck stock
ingred_5102,italian salad mix
ingred_5103,camargue red rice
ingred_5104,lowfat marinara sauce
ingred_5105,mexican rice mix
ingred_5106,dry mixed beans
ingred_5107,fresh onion ring
ingred_5108,sugarfree syrup
ingred_5109,chipotle chili sauce
ingred_5110,jar
ingred_5111,fruit preserves
ingred_5112,reducedfat peanut butter
ingred_5113,boneless skinless duck breast halves
ingred_5114,ginger marmalade
ingred_5115,green wax beans
ingred_5116,white distilled vinegar
ingred_5117,ranch dip mix
ingred_5118,johnsonville italian mild sausage links
ingred_5119,blueberry muffins
ingred_5120,sour dill pickles
ingred_5121,dried split green peas
ingred_5122,lowsodium vegetable juice
ingred_5123,kidney beans in chili sauce
ingred_5124,free range boneless skinless chicken fillets
ingred_5125,mild cheese
ingred_5126,sweetened whipped cream
ingred_5127,mild curry paste
ingred_5128,chianti wine
ingred_5129,tamarind powder
ingred_5130,lowfat neufchatel cheese
ingred_5131,plum tomatoes in puree
ingred_5132,bitesize cheddar cheese crackers
ingred_5133,cooked barley
ingred_5134,dried hot red chilies
ingred_5135,drambuie
ingred_5136,fat free beef gravy
ingred_5137,reducedsodium fatfree beef broth
ingred_5138,textured soy protein granules
ingred_5139,whole grain wheat flour
ingred_5140,extralarge eggs
ingred_5141,angostura bitters
ingred_5142,chicken cutlet
ingred_5143,yellow corn grits
ingred_5144,sour cream and cheddar potato chips
ingred_5145,red table wine
ingred_5146,diced tomatoes with onion garlic and basil
ingred_5147,pineapple chunks in heavy syrup
ingred_5148,sweet pickle juice
ingred_5149,lean pork spareribs
ingred_5150,refrigerated pie dough
ingred_5151,chicken stuffing mix
ingred_5152,mexican style pinto beans
ingred_5153,mccormickcae grill matescae mexican fiesta marinade
ingred_5154,gai lan
ingred_5155,mashed sweet potatoes
ingred_5156,decorator sugar
ingred_5157,inch corn tortillas
ingred_5158,lowfat corn tortillas
ingred_5159,campbells french onion soup
ingred_5160,lowfat extrafirm silken tofu
ingred_5161,cherry juice
ingred_5162,black greek olives
ingred_5163,pork trotter
ingred_5164,hickory smoked bacon
ingred_5165,fig preserves
ingred_5166,apple pie spice
ingred_5167,nanami togarashi
ingred_5168,choy sum
ingred_5169,stock cubes
ingred_5170,dried whole dill weed
ingred_5171,crazy salt
ingred_5172,hazelnutflavored liquid coffee creamer
ingred_5173,steakstyle french fries
ingred_5174,sauterne white wine
ingred_5175,link sausage
ingred_5176,sweet and sour sauce mix
ingred_5177,mandarin orange pieces
ingred_5178,unsweetened berries
ingred_5179,fritos chili cheese corn chips
ingred_5180,pineappleorange marmalade
ingred_5181,pomonas pectin
ingred_5182,peach schnapps
ingred_5183,popped popcorn
ingred_5184,dry marsala
ingred_5185,spirulina powder
ingred_5186,brazil nut
ingred_5187,fresh okra
ingred_5188,chicken ricearoni
ingred_5189,chokecherries
ingred_5190,ground buffalo meat
ingred_5191,vegetarian hamburger patties
ingred_5192,blackberry wine
ingred_5193,dried greek oregano
ingred_5194,reducedfat goat cheese
ingred_5195,lobster
ingred_5196,healthy request cream of chicken soup
ingred_5197,cranberry beans
ingred_5198,black mission figs
ingred_5199,argan oil
ingred_5200,boneless beef cubes
ingred_5201,haddock fillets
ingred_5202,soup stock
ingred_5203,hash brown
ingred_5204,chokecherry juice
ingred_5205,rhine wine
ingred_5206,recao
ingred_5207,taro root
ingred_5208,cumin coriander powder
ingred_5209,arbol chile
ingred_5210,dried baby lima beans
ingred_5211,round sourdough loaf
ingred_5212,drippings
ingred_5213,deer
ingred_5214,frozen sweet peas
ingred_5215,scrod fillets
ingred_5216,canned beef broth
ingred_5217,standing rib roast
ingred_5218,baby turnips
ingred_5219,crossrib roasts
ingred_5220,small whole wheat pasta shells
ingred_5221,vegetarian chorizo
ingred_5222,romanesco
ingred_5223,italianstyle tomato paste
ingred_5224,bread mix
ingred_5225,beet horseradish sauce
ingred_5226,tangerine peel
ingred_5227,bologna sausage
ingred_5228,cilantro roots
ingred_5229,honey bunches of oats cereal
ingred_5230,turkey pepperoni
ingred_5231,pineapple slice
ingred_5232,laughing cow cheese
ingred_5233,light peach yogurt
ingred_5234,peach applesauce
ingred_5235,fatfree liquid egg product
ingred_5236,bobs red mill glutenfree allpurpose baking flour
ingred_5237,asian pears
ingred_5238,ragu tomato sauce
ingred_5239,vegan brown sugar
ingred_5240,carob chips
ingred_5241,pickled vegetables
ingred_5242,kaiser roll
ingred_5243,ginger and chili paste
ingred_5244,dried split yellow peas
ingred_5245,light cottage cheese
ingred_5246,basil chiffonade
ingred_5247,kraft healthy favorites fat free cheddar
ingred_5248,red hot pepper sauce
ingred_5249,spicy sausage
ingred_5250,chunky garden combination pasta sauce
ingred_5251,egg bread
ingred_5252,fat free blue cheese dressing
ingred_5253,fresh sorrel leaves
ingred_5254,boneless pork loin chop
ingred_5255,shrimp bouillon cube
ingred_5256,biscuit
ingred_5257,fatfree cream of mushroom soup
ingred_5258,soft cracker bread
ingred_5259,fatfree ranch dressing mix
ingred_5260,campbells golden mushroom soup
ingred_5261,dried chipotle pepper
ingred_5262,thin pizza crust
ingred_5263,nabisco triscuits
ingred_5264,apricot
ingred_5265,apricot curry sauce
ingred_5266,pan drippings
ingred_5267,cooked chicken breast strips
ingred_5268,whey
ingred_5269,liverwurst
ingred_5270,desiccated unsweetened coconut
ingred_5271,roma
ingred_5272,beef stock powder
ingred_5273,buddig beef
ingred_5274,vegetarian blue cheese
ingred_5275,key lime zest
ingred_5276,pork mince
ingred_5277,light cream cheese with roasted garlic
ingred_5278,mesquite flour
ingred_5279,green pickled jalapeno peppers
ingred_5280,mexican rice
ingred_5281,ruby grapefruits
ingred_5282,miniature phyllo cups
ingred_5283,conchiglie
ingred_5284,canned consomme
ingred_5285,cinnamon flavored apple juice
ingred_5286,instant malted milk powder
ingred_5287,near east taboule wheat salad
ingred_5288,unsweetened dried cranberries
ingred_5289,whole wheat pancake mix
ingred_5290,roasted unsalted peanuts
ingred_5291,feta cheese with lemon garlic and oregano
ingred_5292,banana leaves
ingred_5293,simply macaroni  cheese
ingred_5294,amchur powder
ingred_5295,cream of rice
ingred_5296,dried fava beans
ingred_5297,tahini sauce
ingred_5298,smoked gruyere cheese
ingred_5299,lipton golden onion soup mix
ingred_5300,canned navy beans
ingred_5301,cavenders all purpose greek seasoning
ingred_5302,jeera seeds
ingred_5303,pomegranate arils
ingred_5304,fullcream milk
ingred_5305,vanilla sugar
ingred_5306,brioche bread
ingred_5307,pork rinds
ingred_5308,bisto
ingred_5309,bison round roast
ingred_5310,graham crackers
ingred_5311,smart balance butter spread
ingred_5312,italian turkey sausage link
ingred_5313,hot green pepper
ingred_5314,refrigerated bread dough
ingred_5315,dry oregano leaves
ingred_5316,porcini mushrooms
ingred_5317,nepitella
ingred_5318,fat free spicy refried beans
ingred_5319,sage sprig
ingred_5320,cherry pie filling
ingred_5321,knorr chicken bouillon
ingred_5322,chia powder
ingred_5323,flax powder
ingred_5324,passover wine
ingred_5325,oatmeal bread
ingred_5326,golden delicious apples
ingred_5327,kasuri methi
ingred_5328,hamburger relish
ingred_5329,turkey drumsticks
ingred_5330,fried bacon
ingred_5331,vegetarian italian sausages
ingred_5332,monterey jack queso dip
ingred_5333,hidden valley original ranch dressing mix
ingred_5334,smoked trout fillets
ingred_5335,organic carrots
ingred_5336,nosaltadded peas
ingred_5337,inch baked pie shell
ingred_5338,spice essence
ingred_5339,wide rice noodles
ingred_5340,dry red wine vinegar
ingred_5341,cornichon
ingred_5342,head of celery
ingred_5343,refrigerated crescent dinner roll
ingred_5344,dry bread
ingred_5345,mixed pepper
ingred_5346,fruit salt
ingred_5347,taco chips
ingred_5348,rotel tomatoes and onions
ingred_5349,freekeh
ingred_5350,fryer chicken
ingred_5351,extra lean beef
ingred_5352,sodiumfree chicken flavor instant bouillon
ingred_5353,low sodium tomato
ingred_5354,pork sausage links
ingred_5355,red pumpkin
ingred_5356,cooked turkey sausage
ingred_5357,macaroni shells and cheese
ingred_5358,dried portabella mushrooms
ingred_5359,nuoc cham sauce
ingred_5360,bacon fat
ingred_5361, bean mix
ingred_5362,caramel sauce
ingred_5363,fat free tortilla
ingred_5364,fish powder
ingred_5365,hawaiian bread
ingred_5366,tacosize corn tortillas
ingred_5367,deviled ham
ingred_5368,custard
ingred_5369,breadfruit
ingred_5370,chipotle pepper tortillas
ingred_5371,dry fettuccine
ingred_5372,beef consomme soup
ingred_5373,frozen cubed hash brown potatoes
ingred_5374,shortbread cookies
ingred_5375,winecured sauerkraut
ingred_5376,lowfat refried black beans
ingred_5377,queso blanco
ingred_5378,crab boil seasoning
ingred_5379,fried tofu
ingred_5380,dinner roll
ingred_5381,lemon curd
ingred_5382,roux
ingred_5383,tamarind chutney
ingred_5384,manioc starch
ingred_5385,dried thai chiles
ingred_5386,frosted flakes
ingred_5387,ball pickle crisp
ingred_5388,pork necks
ingred_5389,saunf
ingred_5390,boneless ribeye roast
ingred_5391,pea shoots
ingred_5392,french onion dip
ingred_5393,country sausage
ingred_5394,orangec rind of
ingred_5395,cut wax beans
ingred_5396,dried chipotle chile
ingred_5397,broad bean
ingred_5398,powdered soy protein concentrate
ingred_5399,frozen baby lima bean
ingred_5400,mccormickcae chicken taco seasoning mix
ingred_5401,pickling onions
ingred_5402,lobsters
ingred_5403,rib chops
ingred_5404,kamut
ingred_5405,baby turnip
ingred_5406,roasted pepper
ingred_5407,shoestring potatoes
ingred_5408,shrimp broth
ingred_5409,boneless beef top round
ingred_5410,cheese crackers
ingred_5411,pickling vinegar
ingred_5412,soymilk powder
ingred_5413,shin beef
ingred_5414,corn chowder
ingred_5415,cranberryraspberry juice
ingred_5416,soup bone
ingred_5417,patty shells
ingred_5418,masterpiece original barbecue sauce
ingred_5419,pork spare rib racks
ingred_5420,cooked beets
ingred_5421,espresso coffee
ingred_5422,melon balls
ingred_5423,cinnamon raisin bagel
ingred_5424,au jus sauce
ingred_5425,chili bean paste
ingred_5426, fatfree condensed mushroom soup
ingred_5427,ahi tuna steaks
ingred_5428,frozen lemonade
ingred_5429,canned mushrooms
ingred_5430,canned fruit
ingred_5431,evaporated  milk
ingred_5432,imitation bacon bits
ingred_5433,apricot fruit spread
ingred_5434,iceberg lettuce leaves
ingred_5435,canned spaghetti in tomato sauce with cheese
ingred_5436,glutenfree cornmeal
ingred_5437,glutenfree pasta
ingred_5438,fatfree french dressing
ingred_5439,lebanese bread
ingred_5440,sugarfree raspberry jam
ingred_5441,soft bread cubes
ingred_5442,wishbone italian dressing
ingred_5443,green pepper rings
ingred_5444,ciabatta roll
ingred_5445,lemon grass root
ingred_5446,fatfree salad dressing
ingred_5447,fresh galangal root
ingred_5448,dulse seaweed
ingred_5449,rambutans
ingred_5450,pineapplec juice of
ingred_5451,pot stickers
ingred_5452,elderflower heads
ingred_5453,boston butt
ingred_5454,glutenfree breadcrumbs
ingred_5455,mahi mahi
ingred_5456,cherry jam
ingred_5457,pretzel stick
ingred_5458,fresh herbs of choice
ingred_5459,pimentos
ingred_5460,mixed candied fruit
ingred_5461,sweet gherkin
ingred_5462,frozen inch deep dish pie shells
ingred_5463,monosodium glutamate
ingred_5464,flavor enhancer
ingred_5465,candied pecans
ingred_5466,bottled water
ingred_5467,dried red serrano chilies
ingred_5468,lipton recipe secrets savory herb with garlic soup mix
ingred_5469,chana
ingred_5470,racks of lamb
ingred_5471,green peppercorns in brine
ingred_5472,fatfree american cheese slices
ingred_5473,potato buns
ingred_5474,dried black fungus
ingred_5475,snowshoe hares
ingred_5476,beef tamales
ingred_5477,soy nut butter
ingred_5478,frozen orange juice
ingred_5479,mitsuba
ingred_5480,calrose rice
ingred_5481,broccoli stems
ingred_5482,alfredo sauce mix
ingred_5483,ham soup base
ingred_5484,boboli thin pizza shell
ingred_5485,lemon verbena leaves
ingred_5486,paraffin wax
ingred_5487,lowsodium tomato sauce
ingred_5488,dry enchilada mix
ingred_5489,oilandvinegar dressing
ingred_5490,deep frying oil
ingred_5491,duck hindquarters
ingred_5492,fresh carrot
ingred_5493,aleppo pepper
ingred_5494,rapini
ingred_5495,cheddar cheese sauce
ingred_5496,strong black coffee
ingred_5497,balsamic dressing
ingred_5498,shreddies cereal
ingred_5499,cheerios toasted oat cereal
ingred_5500,pretzels
ingred_5501,mexican vegetarian ground meat substitute
ingred_5502,chili hot beans
ingred_5503,pork steaks
ingred_5504,meal
ingred_5505,vegetarian beef substitute
ingred_5506,chunky picante sauce
ingred_5507,sweet potato puree
ingred_5508,scotch bonnet peppers
ingred_5509,lowfat italian salad dressing
ingred_5510,culantro
ingred_5511,meyer lemon
ingred_5512,condensed mushroom soup
ingred_5513,dark cocoa
ingred_5514,fatfree saltine crackers
ingred_5515,roasted red and yellow peppers
ingred_5516,mushroom soup mix
ingred_5517,brown sugar twin
ingred_5518,jalapenostuffed pimientos
ingred_5519,boneless beef rib roast
ingred_5520,chicken quarters
ingred_5521,smoked mussels
ingred_5522,bean liquid
ingred_5523,lowsodium garbanzo beans
ingred_5524,europes best sunburst mangoes
ingred_5525,nonfat cooking spray
ingred_5526,mandarin pancake
ingred_5527,dried unsulfured apricots
ingred_5528,maytag blue cheese
ingred_5529,hot italian turkey sausage
ingred_5530,candied orange peel
ingred_5531,instant dry milk powder
ingred_5532,mandarin segment
ingred_5533,salad seasoning
ingred_5534,koshian
ingred_5535,dark muscovado sugar
ingred_5536,hokkien noodles
ingred_5537,bagel chips
ingred_5538,toast rounds
ingred_5539,honey teriyaki sauce
ingred_5540,large scallops
ingred_5541,fresh pumpkin ravioli
ingred_5542,lowfat taco cheese
ingred_5543,rotel diced tomatoes
ingred_5544,katakuriko
ingred_5545,beef silverside
ingred_5546,white beef stock
ingred_5547,cake crumbs
ingred_5548,dry whole grain breadcrumbs
ingred_5549,hard cheese
ingred_5550,pork loin chop with bone
ingred_5551,crispy rice cereal
ingred_5552,light multigrain english muffins
ingred_5553,orange peppers
ingred_5554,red chili oil
ingred_5555,lowsodium instant chicken bouillon granules
ingred_5556,pastastyle chunky tomatoes
ingred_5557,lowfat ranch dressing
ingred_5558,corn muffins
ingred_5559,boneless pork cushion roast
ingred_5560,vanilla custard powder
ingred_5561,black pudding
ingred_5562,pita pockets
ingred_5563,lowfat sausage
ingred_5564,pickled cucumbers
ingred_5565,cheese slice
ingred_5566,muffins
ingred_5567,raw beets
ingred_5568,mandarin juice
ingred_5569,middle loin chops
ingred_5570,french bread cubes
ingred_5571,beef ribs
ingred_5572,bay bugs
ingred_5573,pickled herring
ingred_5574,low sugar jam
ingred_5575,readymade bruschetta
ingred_5576,baking chocolate squares
ingred_5577,dripping
ingred_5578,crushed pineapple with juice
ingred_5579,yellow pear tomatoes
ingred_5580,taco blend cheese
ingred_5581,periperi
ingred_5582,spaghetti sauce with parmesan
ingred_5583,hot italian sausage links
ingred_5584,chile pepper jam
ingred_5585,golden caster sugar
ingred_5586,preserved gingerroot
ingred_5587,canned crushed pineapple
ingred_5588,vegan mincemeat
ingred_5589,hollandaise sauce mix
ingred_5590,herring fillets
ingred_5591,whole trout
ingred_5592,saltfree cajun seasoning
ingred_5593,racks of babyback pork ribs
ingred_5594,canned italian tomatoes
ingred_5595,coconut sugar
ingred_5596,apple cinnamon perky os cereal
ingred_5597,skor english toffee bit
ingred_5598,honey carob spread
ingred_5599,frankfurter buns
ingred_5600,ground pork breakfast sausage
ingred_5601,lowsodium lowfat chicken broth
ingred_5602,light mozzarella cheese
ingred_5603,limesc zest of
ingred_5604,garlic melba toast rounds
ingred_5605,crab boil
ingred_5606,cabbage and carrot coleslaw mix
ingred_5607,morningstar farms vegetarian breakfast links
ingred_5608,dried seaweed flakes
ingred_5609,lowfat panir
ingred_5610,split chickpeas
ingred_5611,boneless lamb
ingred_5612,tamarind extract
ingred_5613,onion bagels
ingred_5614,skinless boneless turkey breasts
ingred_5615,baby lima beans
ingred_5616,mirepoix
ingred_5617,whole grain bagels
ingred_5618,red pepper rings
ingred_5619,spanish peanut
ingred_5620,diced pickled jalapeno
ingred_5621,canned pimiento
ingred_5622,chicken gravy
ingred_5623,mutton mince
ingred_5624,taco soup mix
ingred_5625,chuck
ingred_5626,pomegranates
ingred_5627,vegan egg replacer powder
ingred_5628,tomato chutney
ingred_5629,lowsodium beef bouillon powder
ingred_5630,boboli pizza crust
ingred_5631,alfredo sauce with parmesan cheese
ingred_5632,cashew paste
ingred_5633,white meat chicken
ingred_5634,instant miso soup mix
ingred_5635,sundried tomato polenta
ingred_5636,guava
ingred_5637,mrs dashs extra spicy seasoning
ingred_5638,ginger and green chili paste
ingred_5639,bugles original flavor snacks
ingred_5640,crayfish tail
ingred_5641,smelt
ingred_5642,vegan cream of mushroom soup
ingred_5643,green pepper strip
ingred_5644,whole wheat pizza crusts
ingred_5645,cream of chicken soup mix
ingred_5646,prepared pizza
ingred_5647,del montecae recipe ready mirepoix soup starter
ingred_5648,freerange egg
ingred_5649,brewed decaffeinated coffee
ingred_5650,lady fingers
ingred_5651,dense bread
ingred_5652,dark cherries
ingred_5653,cake
ingred_5654,garlic vinaigrette dressing
ingred_5655,dried coconut
ingred_5656,fresh whole wheat bread crumbs
ingred_5657,turkey breast cutlets
ingred_5658,bakers special dry milk
ingred_5659,weetabix
ingred_5660,raw beet
ingred_5661,marinated tofu
ingred_5662,vegan egg substitute
ingred_5663,lean pork chops
ingred_5664,boneless pork sirloin
ingred_5665,rose wine
ingred_5666,stone ground dijon mustard
ingred_5667,whole wheat rolls
ingred_5668,toasted almonds
ingred_5669,frozen italian cut green beans
ingred_5670,rice bran
ingred_5671,poppy seed paste
ingred_5672,sea bass fillets
ingred_5673,unsweetened orange juice
ingred_5674,pineapple syrup
ingred_5675,garnet yam
ingred_5676,ham slices
ingred_5677,artichoke hearts packed in oil
ingred_5678,beau monde seasoning
ingred_5679,whole mixed pickling spices
ingred_5680,pierogi
ingred_5681,real vanilla
ingred_5682,solid pack pumpkin
ingred_5683,sweet cherries
ingred_5684,wheatena
ingred_5685,tempeh bacon
ingred_5686,white grape juice
ingred_5687,chipped beef
ingred_5688,lowsodium worcestershire sauce
ingred_5689,whole wheat orzo
ingred_5690,chili paste with soybean
ingred_5691,wildflower honey
ingred_5692,fat free sodium free chicken broth
ingred_5693,french vanilla instant pudding
ingred_5694,hot smoked paprika
ingred_5695,fat free ovenroasted turkey breast
ingred_5696,distilled vinegar
ingred_5697,beef gravy granules
ingred_5698,chipotle paste
ingred_5699,fatfree cream of chicken soup
ingred_5700,butter flavored crackers
ingred_5701,mccormick herb garden seasoning blend
ingred_5702,seedless blackberry preserves
ingred_5703,whole nutmeg
ingred_5704,light cream cheese with chives and onions
ingred_5705,peach juice concentrate
ingred_5706,orangec juice and rind of
ingred_5707,panch phoron
ingred_5708,bitter melons
ingred_5709,grenadine
ingred_5710,butterhead lettuce
ingred_5711,yellow zucchini
ingred_5712,canned peaches
ingred_5713,fat free tomato basil pasta sauce
ingred_5714,yoshida gourmet sauce
ingred_5715,korean red pepper paste
ingred_5716,sugar water
ingred_5717,watercress leaf
ingred_5718,small capers
ingred_5719,skirt steaks
ingred_5720,mixed candied peel
ingred_5721,simply potatoes
ingred_5722,egg tomatoes
ingred_5723,roasted cumin
ingred_5724,berry sugar
ingred_5725,fivespice seasoning
ingred_5726,beef extract
ingred_5727,nosaltadded chicken stock
ingred_5728,primo mixed beans
ingred_5729,ortega green chilies
ingred_5730,black sesame seeds
ingred_5731,dry tarragon
ingred_5732,prepared instant mashed potatoes
ingred_5733,rye crackers
ingred_5734,peach slices
ingred_5735,elephant garlic clove
ingred_5736,tandoori color powder
ingred_5737,tandoori paste
ingred_5738,measuring cup
ingred_5739,orange sweet bell pepper
ingred_5740,valencia oranges
ingred_5741,sweet yellow onions
ingred_5742,extra large egg
ingred_5743,worthington multigrain cutlets
ingred_5744,orange sweet potatoes
ingred_5745,white bread rolls dough
ingred_5746,lychees in heavy syrup
ingred_5747,green pepper slices
ingred_5748,deli corned beef
ingred_5749,garlic  herb salad dressing mix
ingred_5750,salmon head
ingred_5751,tart green apples
ingred_5752,lemon juice concentrate
ingred_5753,white grapes
ingred_5754,lentil soup
ingred_5755,sazon goya with coriander and annatto
ingred_5756,galanga powder
ingred_5757,rolled oatmeal
ingred_5758,cheese sauce
ingred_5759,tandoori masala
ingred_5760,boneless beef sirloin
ingred_5761,raspberry muffin mix
ingred_5762,organic cornmeal
ingred_5763,frozen strawberry daiquiri concentrate
ingred_5764,fresh fig
ingred_5765,partridge breasts
ingred_5766,mozzarella string cheese
ingred_5767,whole wheat hamburger bun
ingred_5768,unsweetened baking cocoa
ingred_5769,coating mix
ingred_5770,lean sausage meat
ingred_5771,coconut pecan frosting
ingred_5772,vitamin c powder
ingred_5773,gravy mix
ingred_5774,rice crackers
ingred_5775,zatarainscae yellow rice
ingred_5776,lowsodium cream of mushroom soup
ingred_5777,beef rib roast
ingred_5778,pork sirloin roast
ingred_5779,boneless lamb stewing meat
ingred_5780,custard powder
ingred_5781,wheat starch
ingred_5782,herb salad dressing mix
ingred_5783,pumpernickel rounds
ingred_5784,shoulder lamb chops
ingred_5785,boneless sirloin steak
ingred_5786,sodiumfree vegetable broth
ingred_5787,orange breakfast drink mix
ingred_5788,tomato bisque soup
ingred_5789,cornstarch paste
ingred_5790,vegetable stock base
ingred_5791,white poppy seeds
ingred_5792,unsweetened apple cider
ingred_5793,oven cooking bags
ingred_5794,whole wheat bun
ingred_5795,curing salt
ingred_5796,buckwheat flakes
ingred_5797,reducedsodium vegetable stock
ingred_5798,fresh seaweed
ingred_5799,muscat wine
ingred_5800,centercut pork loin
ingred_5801,southern style hash browns
ingred_5802,queso anejo
ingred_5803,lowsugar raspberry preserves
ingred_5804,transfat free margarine
ingred_5805,grain
ingred_5806,marrow
ingred_5807,milk chocolate chips
ingred_5808,dungeness crab
ingred_5809,lowcarb whole wheat tortilla
ingred_5810,nosaltadded tomato juice
ingred_5811,parsley sauce
ingred_5812,beet sugar
ingred_5813,vegetable margarine
ingred_5814,ham stock
ingred_5815,wheat flour tortilla
ingred_5816,hunts ready tomato sauces chunky special
ingred_5817,caribbeanstyle hot sauce
ingred_5818,dried peppermint
ingred_5819,pineapple preserves
ingred_5820,sweet bread
ingred_5821,kirsch liqueur
ingred_5822,cooked oatmeal
ingred_5823,red hot peppers
ingred_5824,lowsodium stewed tomatoes
ingred_5825,ground wattleseed
ingred_5826,ground lemon myrtle
ingred_5827,marbled rye bread
ingred_5828,pizza dough mix
ingred_5829,chinese wine
ingred_5830,turkey slices
ingred_5831,lemon cucumber
ingred_5832,chanterelle mushroom
ingred_5833,grain cereal
ingred_5834,clove powder
ingred_5835,chicken drumstick
ingred_5836,italian pork sausage
ingred_5837,sesame sticks
ingred_5838,anise flavoring
ingred_5839,dry wine
ingred_5840,dried red chili peppers
ingred_5841,javitri
ingred_5842,braggs amino acids
ingred_5843,dried apricot halves
ingred_5844,red hot pepper
ingred_5845,wensleydale cheese
ingred_5846,pasilla chile
ingred_5847,red swiss chard
ingred_5848,dried rose petals
ingred_5849,unsalted beef stock
ingred_5850,rice chex
ingred_5851,salted nuts
ingred_5852,beef double bouillon cubes
ingred_5853,lowsodium tomato juice
ingred_5854,pork cutlet
ingred_5855,green giant mexicorn
ingred_5856,guava jelly
ingred_5857,salad potatoes
ingred_5858,mafalda pasta
ingred_5859,yellow sunburst squash
ingred_5860,quickcooking couscous
ingred_5861,maitake mushrooms
ingred_5862,onion rolls
ingred_5863,fingerling potato
ingred_5864,chex cereal
ingred_5865,semisweet chocolate pieces
ingred_5866,chicken coating mix
ingred_5867,process american cheese
ingred_5868,jackfruit
ingred_5869,hershey bar
ingred_5870,marshmallows
ingred_5871,graham cracker crust
ingred_5872,veal cutlets
ingred_5873,albacore tuna in water
ingred_5874,raw spinach leaves
ingred_5875,inch fatfree flour tortillas
ingred_5876,tea leaves
ingred_5877,hickory and brown sugar barbecue sauce
ingred_5878,mint sauce
ingred_5879,black channa
ingred_5880,pork shanks
ingred_5881,jerusalem artichokes
ingred_5882,boneless beef top sirloin steaks
ingred_5883,reducedsodium beef stock
ingred_5884,lightbrown sugar
ingred_5885,instant oatmeal
ingred_5886,chicken burgers
ingred_5887,sour cream with chives
ingred_5888,kefalotyri
ingred_5889,low calorie catalina salad dressing
ingred_5890,sambal oelek chili paste
ingred_5891,pan juices
ingred_5892,homemade chicken broth
ingred_5893,beef schnitzel
ingred_5894,risoni
ingred_5895,fresh cayenne pepper
ingred_5896,fresh sweet basil leaves
ingred_5897,cotto salami
ingred_5898,toffee yogurt
ingred_5899,turkey sausage patties
ingred_5900,dried mixed fruit
ingred_5901,limeade
ingred_5902,cooked turkey breast
ingred_5903,elderberry wine vinegar
ingred_5904,black food coloring
ingred_5905,whitefleshed fish
ingred_5906,earth balance natural buttery spread
ingred_5907,sweet yellow onion
ingred_5908,lean salt pork
ingred_5909,spinach tortellini
ingred_5910,nosaltadded corn
ingred_5911,light raisins
ingred_5912,dried lemon peel
ingred_5913,sweet onion and pepper relish
ingred_5914,pamelas ultimate baking and pancake mix
ingred_5915,barbecueseasoned boneless chicken breasts
ingred_5916,frozen sliced carrots
ingred_5917,galanga root
ingred_5918,vanillaflavored syrup
ingred_5919,soft cheese
ingred_5920,garlic salt with parsley
ingred_5921,dried pasilla peppers
ingred_5922,skim milk ricotta cheese
ingred_5923,coffee liqueur
ingred_5924,brown beans
ingred_5925,navel orangesc juice of
ingred_5926,cherimoya
ingred_5927,sweetbreads
ingred_5928,barbecue spice
ingred_5929,chicken soup base
ingred_5930,frozen beef ravioli
ingred_5931,tom yam broth cubes
ingred_5932,fresh swiss chard
ingred_5933,large scallop
ingred_5934,smoked pork
ingred_5935,smoked chicken breasts
ingred_5936,mushroom marinara sauce
ingred_5937,bearnaise sauce
ingred_5938,banana leaf
ingred_5939,annatto seeds
ingred_5940,key lime
ingred_5941,large curd cottage cheese
ingred_5942,reblochon cheese
ingred_5943,orange lentils
ingred_5944,vegetarian sausage
ingred_5945,short pastry
ingred_5946,raw zucchini
ingred_5947,yellow rice mix
ingred_5948,venison steak
ingred_5949,mesquite wood chips
ingred_5950,nobean chili
ingred_5951,tostitos scoops
ingred_5952,dried fennel seed
ingred_5953,tart cooking apples
ingred_5954,simply potatoes steakhouse seasoned diced potatoes
ingred_5955,berry yogurt
ingred_5956,lemon verbena
ingred_5957,lemon verbena leaf
ingred_5958,mountain dew soda
ingred_5959,lean lamb stew meat
ingred_5960,small tomatillos
ingred_5961,gold tequila
ingred_5962,yellow moong dal
ingred_5963,mrs dash garlic and herb seasoning
ingred_5964,amaretto cookies
ingred_5965,soy protein
ingred_5966,sardines in oil
ingred_5967,bread pizza crust
ingred_5968,spiral cut ham
ingred_5969,pudding
ingred_5970,instant oats
ingred_5971,poha
ingred_5972,splenda sugar blend for baking
ingred_5973,lowcarbohydrate baking mix
ingred_5974,brown ale
ingred_5975,selfrising cornmeal mix
ingred_5976,instant plain oatmeal
ingred_5977,quaker oats
ingred_5978,red skin white potatoes
ingred_5979,apricot halves in light syrup
ingred_5980,rabbit
ingred_5981,small macaroni pasta
ingred_5982,meat pieces
ingred_5983,lean pork steak
ingred_5984,boilinthebag rice
ingred_5985,oilcured black olives
ingred_5986,broccoli and cheese flavored rice mix
ingred_5987,dry onion
ingred_5988,light rye flour
ingred_5989,lowfat peach yogurt
ingred_5990,rice powder
ingred_5991,powdered rice root
ingred_5992,arame seaweed
ingred_5993,sultana raisin
ingred_5994,olive oil vinaigrette
ingred_5995,thick bread
ingred_5996,celery  tops
ingred_5997,swanson chicken broth
ingred_5998,dark chili powder
ingred_5999,garlic cheese rolls
ingred_6000,vegetarian chicken broth
ingred_6001,vegetarian bouillon powder
ingred_6002,matzos
ingred_6003,goat meat
ingred_6004,stone ground whole wheat flour
ingred_6005,fresh udon noodles
ingred_6006,boneless beef chuck
ingred_6007,shanghai noodles
ingred_6008,dried scotch bonnet pepper
ingred_6009,lowfat lowcarb whole wheat tortillas
ingred_6010,semisweet chocolate baking square
ingred_6011,awamori
ingred_6012,whole wheat toast
ingred_6013,jumbo eggs
ingred_6014,condiments
ingred_6015,black gram dal
ingred_6016,skim milk powder
ingred_6017,bay shrimp
ingred_6018,pasteurized liquid eggwhites
ingred_6019,wonton
ingred_6020,pickled mustard greens
ingred_6021,herbed feta cheese
ingred_6022,beef bone
ingred_6023,szechuan peppercorns
ingred_6024,obrien frozen potatoes
ingred_6025,hallabong
ingred_6026,red gram
ingred_6027,crayfish
ingred_6028,frozen shredded hash browns
ingred_6029,sausagefilled ravioli
ingred_6030,pan dripping
ingred_6031,cooking wine
ingred_6032,caesarflavor croutons
ingred_6033,roasted deli chicken
ingred_6034,new mexico green chilies
ingred_6035,tomato tortillas
ingred_6036,eagle brand condensed milk
ingred_6037,hot apple salsa
ingred_6038,reducedfat cream of mushroom soup
ingred_6039,boneless ribs
ingred_6040,hard apple cider
ingred_6041,fresh baked bread
ingred_6042,glazed macadamia nuts
ingred_6043,pillsbury frozen oven baked flaky layers biscuits
ingred_6044,elephant garlic
ingred_6045,barramundi fillets
ingred_6046,pink beans
ingred_6047,dried new mexico chiles
ingred_6048,lean pork loin
ingred_6049,beef stock cube
ingred_6050,dark soya sauce
ingred_6051,minced meat
ingred_6052,frozen onion rings
ingred_6053,lobster base
