id,budget,homepage,original_language,original_title,popularity,release_date,revenue,runtime,status,title,vote_average,vote_count,Action,Adventure,Animation,Comedy,Crime,Documentary,Drama,Family,Fantasy,Foreign,History,Horror,Music,Mystery,Romance,Science Fiction,Thriller,TV Movie,War,Western
5,4000000,NA,en,Four Rooms,22.87623,12/9/95,43e5,98,Released,Four Rooms,6.5,530,0,0,0,1,1,0,0,0,0,0,0,0,0,0,0,0,0,0,0,0
11,11000000,http://www.starwars.com/films/star-wars-episode-iv-a-new-hope,en,Star Wars,126.393695,5/25/77,775398007,121,Released,Star Wars,8.1,6624,1,1,0,0,0,0,0,0,0,0,0,0,0,0,0,1,0,0,0,0
12,94000000,http://movies.disney.com/finding-nemo,en,Finding Nemo,85.688789,5/30/03,940335536,100,Released,Finding Nemo,7.6,6122,0,0,1,0,0,0,0,1,0,0,0,0,0,0,0,0,0,0,0,0
13,55000000,NA,en,Forrest Gump,138.133331,7/6/94,677945399,142,Released,Forrest Gump,8.2,7927,0,0,0,1,0,0,1,0,0,0,0,0,0,0,1,0,0,0,0,0
14,15000000,http://www.dreamworks.com/ab/,en,American Beauty,80.878605,9/15/99,356296601,122,Released,American Beauty,7.9,3313,0,0,0,0,0,0,1,0,0,0,0,0,0,0,0,0,0,0,0,0
16,12800000,NA,en,Dancer in the Dark,22.022228,5/17/00,40031879,140,Released,Dancer in the Dark,7.6,377,0,0,0,0,1,0,1,0,0,0,0,0,1,0,0,0,0,0,0,0
18,90000000,NA,en,The Fifth Element,109.528572,5/7/97,263920180,126,Released,The Fifth Element,7.3,3885,1,1,0,0,0,0,0,0,1,0,0,0,0,0,0,1,1,0,0,0
19,92620000,NA,de,Metropolis,32.351527,1/10/27,650422,153,Released,Metropolis,8,657,0,0,0,0,0,0,1,0,0,0,0,0,0,0,0,1,0,0,0,0
20,0,http://www.clubcultura.com/clubcine/clubcineastas/isabelcoixet/mividasinmi/index.htm,en,My Life Without Me,7.958831,3/7/03,9726954,106,Released,My Life Without Me,7.2,77,0,0,0,0,0,0,1,0,0,0,0,0,0,0,1,0,0,0,0,0
22,140000000,http://disney.go.com/disneyvideos/liveaction/pirates/main_site/main.html,en,Pirates of the Caribbean: The Curse of the Black Pearl,271.972889,7/9/03,655011224,143,Released,Pirates of the Caribbean: The Curse of the Black Pearl,7.5,6985,1,1,0,0,0,0,0,0,1,0,0,0,0,0,0,0,0,0,0,0
24,30000000,http://www.miramax.com/movie/kill-bill-volume-1/,en,Kill Bill: Vol. 1,79.754966,10/10/03,180949e3,111,Released,Kill Bill: Vol. 1,7.7,4949,1,0,0,0,1,0,0,0,0,0,0,0,0,0,0,0,0,0,0,0
25,72000000,NA,en,Jarhead,32.227223,11/4/05,96889998,125,Released,Jarhead,6.6,765,0,0,0,0,0,0,1,0,0,0,0,0,0,0,0,0,0,0,1,0
28,31500000,http://www.apocalypsenow.com,en,Apocalypse Now,49.973462,8/15/79,89460381,153,Released,Apocalypse Now,8,2055,0,0,0,0,0,0,1,0,0,0,0,0,0,0,0,0,0,0,1,0
33,14000000,NA,en,Unforgiven,37.380435,8/7/92,159157447,NA,Released,Unforgiven,7.7,1113,0,0,0,0,0,0,0,0,0,0,0,0,0,0,0,0,0,0,0,1
35,75000000,http://www.simpsonsmovie.com/,en,The Simpsons Movie,46.875375,7/25/07,527068851,87,Released,The Simpsons Movie,6.9,2264,0,0,1,1,0,0,0,1,0,0,0,0,0,0,0,0,0,0,0,0
38,20000000,http://www.eternalsunshine.com,en,Eternal Sunshine of the Spotless Mind,56.481487,3/19/04,72258126,108,Released,Eternal Sunshine of the Spotless Mind,7.9,3652,0,0,0,0,0,0,1,0,0,0,0,0,0,0,1,1,0,0,0,0
55,2000000,NA,es,Amores perros,23.281616,6/16/00,20908467,154,Released,Amores perros,7.6,521,0,0,0,0,0,0,1,0,0,0,0,0,0,0,0,0,1,0,0,0
58,200000000,http://disney.go.com/disneypictures/pirates/,en,Pirates of the Caribbean: Dead Man's Chest,145.847379,6/20/06,1065659812,151,Released,Pirates of the Caribbean: Dead Man's Chest,7,5246,1,1,0,0,0,0,0,0,1,0,0,0,0,0,0,0,0,0,0,0
59,32000000,NA,en,A History of Violence,34.628738,9/23/05,60740827,96,Released,A History of Violence,6.9,832,0,0,0,0,1,0,1,0,0,0,0,0,0,0,0,0,1,0,0,0
62,10500000,NA,en,2001: A Space Odyssey,86.201184,4/10/68,687e5,149,Released,2001: A Space Odyssey,7.9,2998,0,1,0,0,0,0,0,0,0,0,0,0,0,1,0,1,0,0,0,0
65,41000000,http://movies.uip.de/8mile/,en,8 Mile,32.798571,11/8/02,215e6,110,Released,8 Mile,6.8,1626,0,0,0,0,0,0,1,0,0,0,0,0,0,0,0,0,0,0,0,0
66,50000000,NA,en,Absolute Power,13.576765,2/14/97,50068310,121,Released,Absolute Power,6.4,223,0,0,0,0,1,0,1,0,0,0,0,0,0,0,0,0,1,0,0,0
68,15000000,NA,en,Brazil,41.089863,2/20/85,0,132,Released,Brazil,7.5,861,0,0,0,1,0,0,0,0,0,0,0,0,0,0,0,1,0,0,0,0
69,28000000,NA,en,Walk the Line,35.580032,9/13/05,186438883,136,Released,Walk the Line,7.3,718,0,0,0,0,0,0,1,0,0,0,0,0,1,0,1,0,0,0,0,0
70,30000000,http://www.milliondollarbaby-derfilm.de/,en,Million Dollar Baby,70.456012,12/15/04,216763646,132,Released,Million Dollar Baby,7.7,2439,0,0,0,0,0,0,1,0,0,0,0,0,0,0,0,0,0,0,0,0
71,5000000,NA,en,Billy Elliot,20.428237,5/18/00,11e7,110,Released,Billy Elliot,7.4,750,0,0,0,1,0,0,1,0,0,0,0,0,1,0,0,0,0,0,0,0
73,20000000,http://www.historyx.com/,en,American History X,73.567232,10/30/98,23875127,119,Released,American History X,8.2,3016,0,0,0,0,0,0,1,0,0,0,0,0,0,0,0,0,0,0,0,0
74,132000000,NA,en,War of the Worlds,48.572726,6/28/05,591739379,116,Released,War of the Worlds,6.2,2322,0,1,0,0,0,0,0,0,0,0,0,0,0,0,0,1,1,0,0,0
75,70000000,http://marsattacks.warnerbros.com/,en,Mars Attacks!,44.090535,12/12/96,101371017,106,Released,Mars Attacks!,6.1,1509,0,0,0,1,0,0,0,0,1,0,0,0,0,0,0,1,0,0,0,0
76,2500000,NA,en,Before Sunrise,23.672571,1/27/95,5535405,105,Released,Before Sunrise,7.7,959,0,0,0,0,0,0,1,0,0,0,0,0,0,0,1,0,0,0,0,0
77,9000000,http://www.otnemem.com/,en,Memento,60.715151,10/11/00,39723096,113,Released,Memento,8.1,4028,0,0,0,0,0,0,0,0,0,0,0,0,0,1,0,0,1,0,0,0
78,28000000,http://www.warnerbros.com/blade-runner,en,Blade Runner,94.056131,6/25/82,33139618,117,Released,Blade Runner,7.9,3509,0,0,0,0,0,0,1,0,0,0,0,0,0,0,0,1,1,0,0,0
79,31000000,NA,zh,英雄,23.607392,12/19/02,177394432,99,Released,Hero,7.2,635,1,1,0,0,0,0,1,0,0,0,1,0,0,0,0,0,0,0,0,0
80,2700000,http://www.warnerbros.com/?site=beforesunset#/page=movies&pid=f-57b53b9e/BEFORE_SUNSET&asset=059437/Before_Sunset_-_Trailer_1A&type=video/,en,Before Sunset,14.799323,2/10/04,15992615,80,Released,Before Sunset,7.6,718,0,0,0,0,0,0,1,0,0,0,0,0,0,0,1,0,0,0,0,0
83,130000,NA,en,Open Water,15.611857,8/6/04,54667954,79,Released,Open Water,5.4,315,0,0,0,0,0,0,1,0,0,0,0,0,0,0,0,0,1,0,0,0
85,18000000,http://www.indianajones.com,en,Raiders of the Lost Ark,68.159596,6/12/81,389925971,115,Released,Raiders of the Lost Ark,7.7,3854,1,1,0,0,0,0,0,0,0,0,0,0,0,0,0,0,0,0,0,0
87,28000000,http://www.indianajones.com,en,Indiana Jones and the Temple of Doom,66.976776,5/23/84,333e6,118,Released,Indiana Jones and the Temple of Doom,7.1,2781,1,1,0,0,0,0,0,0,0,0,0,0,0,0,0,0,0,0,0,0
89,48000000,http://www.indianajones.com/crusade,en,Indiana Jones and the Last Crusade,80.972475,5/24/89,474171806,127,Released,Indiana Jones and the Last Crusade,7.6,3152,1,1,0,0,0,0,0,0,0,0,0,0,0,0,0,0,0,0,0,0
90,15000000,NA,en,Beverly Hills Cop,29.843818,11/29/84,316360478,105,Released,Beverly Hills Cop,6.8,961,1,0,0,1,1,0,0,0,0,0,0,0,0,0,0,0,0,0,0,0
95,140000000,NA,en,Armageddon,58.485967,7/1/98,553799566,151,Released,Armageddon,6.4,2482,1,1,0,0,0,0,0,0,0,0,0,0,0,0,0,1,1,0,0,0
96,20000000,NA,en,Beverly Hills Cop II,25.28436,5/18/87,299965036,100,Released,Beverly Hills Cop II,6.1,613,1,0,0,1,1,0,0,0,0,0,0,0,0,0,0,0,0,0,0,0
98,103000000,NA,en,Gladiator,95.301296,5/1/00,457640427,155,Released,Gladiator,7.9,5439,1,1,0,0,0,0,1,0,0,0,0,0,0,0,0,0,0,0,0,0
100,1350000,http://www.universalstudiosentertainment.com/lock-stock-and-two-smoking-barrels/,en,"Lock, Stock and Two Smoking Barrels",16.032594,3/5/98,3897569,105,Released,"Lock, Stock and Two Smoking Barrels",7.5,1648,0,0,0,1,1,0,0,0,0,0,0,0,0,0,0,0,0,0,0,0
103,1300000,NA,en,Taxi Driver,58.845025,2/7/76,28262574,114,Released,Taxi Driver,8,2535,0,0,0,0,1,0,1,0,0,0,0,0,0,0,0,0,0,0,0,0
104,1530000,NA,de,Lola rennt,27.36562,8/20/98,7267585,81,Released,Run Lola Run,7.2,664,1,0,0,0,0,0,1,0,0,0,0,0,0,0,0,0,1,0,0,0
105,19000000,http://www.backtothefuture.com/movies/backtothefuture1,en,Back to the Future,76.603233,7/3/85,381109762,116,Released,Back to the Future,8,6079,0,1,0,1,0,0,0,1,0,0,0,0,0,0,0,1,0,0,0,0
106,18000000,NA,en,Predator,50.009408,6/11/87,98235548,107,Released,Predator,7.3,2093,1,1,0,0,0,0,0,0,0,0,0,0,0,0,0,1,1,0,0,0
107,10000000,NA,en,Snatch,53.595686,9/1/00,83557872,103,Released,Snatch,7.7,2912,0,0,0,0,1,0,0,0,0,0,0,0,0,0,0,0,1,0,0,0
111,25000000,NA,en,Scarface,70.105981,12/8/83,65884703,170,Released,Scarface,8,2948,1,0,0,0,1,0,1,0,0,0,0,0,0,0,0,0,1,0,0,0
114,14000000,NA,en,Pretty Woman,45.473484,3/23/90,463e6,NA,Released,Pretty Woman,7,1746,0,0,0,1,0,0,0,0,0,0,0,0,0,0,1,0,0,0,0,0
115,15000000,http://www.biglebowskibluray.com/splash.php,en,The Big Lebowski,49.230089,3/6/98,46189568,117,Released,The Big Lebowski,7.8,2926,0,0,0,1,1,0,0,0,0,0,0,0,0,0,0,0,0,0,0,0
116,15000000,NA,en,Match Point,30.669913,10/26/05,85306374,124,Released,Match Point,7.3,1105,0,0,0,0,1,0,1,0,0,0,0,0,0,0,1,0,1,0,0,0
117,25000000,NA,en,The Untouchables,38.272889,6/2/87,76270454,119,Released,The Untouchables,7.6,1384,0,0,0,0,1,0,1,0,0,0,1,0,0,0,0,0,1,0,0,0
118,150000000,https://www.warnerbros.com/charlie-and-chocolate-factory,en,Charlie and the Chocolate Factory,53.905592,7/13/05,474968763,115,Released,Charlie and the Chocolate Factory,6.7,3624,0,1,0,1,0,0,0,1,1,0,0,0,0,0,0,0,0,0,0,0
120,93000000,http://www.lordoftherings.net/,en,The Lord of the Rings: The Fellowship of the Ring,138.049577,12/18/01,871368364,178,Released,The Lord of the Rings: The Fellowship of the Ring,8,8705,1,1,0,0,0,0,0,0,1,0,0,0,0,0,0,0,0,0,0,0
121,79000000,http://www.lordoftherings.net/,en,The Lord of the Rings: The Two Towers,106.914973,12/18/02,926287400,179,Released,The Lord of the Rings: The Two Towers,8,7487,1,1,0,0,0,0,0,0,1,0,0,0,0,0,0,0,0,0,0,0
122,94000000,http://www.lordoftherings.net,en,The Lord of the Rings: The Return of the King,123.630332,12/1/03,1118888979,201,Released,The Lord of the Rings: The Return of the King,8.1,8064,1,1,0,0,0,0,0,0,1,0,0,0,0,0,0,0,0,0,0,0
128,26500000,NA,ja,もののけ姫,60.732738,7/12/97,159375308,134,Released,Princess Mononoke,8.2,1983,0,1,1,0,0,0,0,0,1,0,0,0,0,0,0,0,0,0,0,0
129,15000000,http://movies.disney.com/spirited-away,ja,千と千尋の神隠し,118.968562,7/20/01,274925095,125,Released,Spirited Away,8.3,3840,0,1,1,0,0,0,0,1,1,0,0,0,0,0,0,0,0,0,0,0
134,26000000,NA,en,"O Brother, Where Art Thou?",39.742009,8/30/00,71868327,106,Released,"O Brother, Where Art Thou?",7.3,1112,1,1,0,1,0,0,0,0,0,0,0,0,0,0,0,0,0,0,0,0
137,14600000,NA,en,Groundhog Day,52.744331,2/11/93,70906973,NA,Released,Groundhog Day,7.4,2301,0,0,0,1,0,0,1,0,1,0,0,0,0,0,1,0,0,0,0,0
141,6000000,NA,en,Donnie Darko,61.210016,1/18/01,1270522,113,Released,Donnie Darko,7.7,3452,0,0,0,0,0,0,1,0,1,0,0,0,0,1,0,0,0,0,0,0
142,14000000,http://www.brokebackmountain.com,en,Brokeback Mountain,44.135568,9/2/05,178043761,134,Released,Brokeback Mountain,7.5,1480,0,0,0,0,0,0,1,0,0,0,0,0,0,0,1,0,0,0,0,0
146,17000000,NA,zh,卧虎藏龙,45.742254,10/1/00,213525736,120,Released,"Crouching Tiger, Hidden Dragon",7.2,927,1,1,0,0,0,0,1,0,0,0,0,0,0,0,1,0,0,0,0,0
149,8000000,http://www.bandaivisual.co.jp/akira/,ja,アキラ,39.338097,7/16/88,553171,124,Released,Akira,7.8,773,0,0,1,0,0,0,0,0,0,0,0,0,0,0,0,1,0,0,0,0
152,35000000,NA,en,Star Trek: The Motion Picture,24.616634,12/6/79,139e6,132,Released,Star Trek: The Motion Picture,6.2,530,0,1,0,0,0,0,0,0,0,0,0,0,0,1,0,1,0,0,0,0
153,4000000,NA,en,Lost in Translation,45.66662,8/31/03,119723856,102,Released,Lost in Translation,7.3,1895,0,0,0,0,0,0,1,0,0,0,0,0,0,0,0,0,0,0,0,0
154,12000000,NA,en,Star Trek II: The Wrath of Khan,22.434102,6/3/82,968e5,113,Released,Star Trek II: The Wrath of Khan,7.3,675,1,1,0,0,0,0,0,0,0,0,0,0,0,0,0,1,1,0,0,0
155,185000000,http://thedarkknight.warnerbros.com/dvdsite/,en,The Dark Knight,187.322927,7/16/08,1004558444,152,Released,The Dark Knight,8.2,12002,1,0,0,0,1,0,1,0,0,0,0,0,0,0,0,0,1,0,0,0
157,18000000,NA,en,Star Trek III: The Search for Spock,15.314027,5/31/84,87e6,105,Released,Star Trek III: The Search for Spock,6.4,434,1,1,0,0,0,0,0,0,0,0,0,0,0,0,0,1,1,0,0,0
161,85000000,http://www.warnerbros.co.uk/movies/oceans-eleven,en,Ocean's Eleven,60.929352,12/7/01,450717150,116,Released,Ocean's Eleven,7.2,3783,0,0,0,0,1,0,0,0,0,0,0,0,0,0,0,0,1,0,0,0
162,20000000,NA,en,Edward Scissorhands,47.51363,12/5/90,53e6,105,Released,Edward Scissorhands,7.5,3601,0,0,0,0,0,0,1,0,1,0,0,0,0,0,1,0,0,0,0,0
163,110000000,http://oceans12.warnerbros.com/,en,Ocean's Twelve,76.840712,12/9/04,362744280,125,Released,Ocean's Twelve,6.4,2124,0,0,0,0,1,0,0,0,0,0,0,0,0,0,0,0,1,0,0,0
165,40000000,http://www.backtothefuture.com/movies/backtothefuture2,en,Back to the Future Part II,43.345252,11/20/89,332e6,108,Released,Back to the Future Part II,7.4,3829,0,1,0,1,0,0,0,1,0,0,0,0,0,0,0,1,0,0,0,0
167,48000000,http://www.k-pax.com/,en,K-PAX,30.920075,10/22/01,50315140,120,Released,K-PAX,7.1,695,0,0,0,0,0,0,1,0,0,0,0,0,0,0,0,1,0,0,0,0
168,24000000,NA,en,Star Trek IV: The Voyage Home,22.258428,11/25/86,133e6,119,Released,Star Trek IV: The Voyage Home,6.9,477,0,1,0,0,0,0,0,0,0,0,0,0,0,0,0,1,0,0,0,0
169,35000000,NA,en,Predator 2,27.934978,11/20/90,57120318,108,Released,Predator 2,5.9,730,1,0,0,0,0,0,0,0,0,0,0,0,0,0,0,1,1,0,0,0
170,5000000,NA,en,28 Days Later,45.490374,10/31/02,82719885,113,Released,28 Days Later,7.1,1777,0,0,0,0,0,0,0,0,0,0,0,1,0,0,0,1,1,0,0,0
172,30000000,NA,en,Star Trek V: The Final Frontier,19.578249,6/9/89,702e5,107,Released,Star Trek V: The Final Frontier,5.6,376,1,1,0,0,0,0,0,0,0,0,0,0,0,0,0,1,1,0,0,0
173,5000000,NA,en,"20,000 Leagues Under the Sea",9.358197,12/23/54,282e5,127,Released,"20,000 Leagues Under the Sea",6.8,157,0,1,0,0,0,0,1,0,0,0,0,0,0,0,0,1,0,0,0,0
174,27000000,NA,en,Star Trek VI: The Undiscovered Country,16.188572,12/5/91,969e5,113,Released,Star Trek VI: The Undiscovered Country,6.7,413,1,1,0,0,0,0,0,0,0,0,0,0,0,0,0,1,1,0,0,0
176,1200000,NA,en,Saw,63.655973,10/1/04,103911669,103,Released,Saw,7.2,2184,0,0,0,0,1,0,0,0,0,0,0,1,0,1,0,0,0,0,0,0
177,24000000,NA,en,The Fisher King,16.146572,9/9/91,41895491,137,Released,The Fisher King,7.2,341,0,0,0,1,0,0,1,0,0,0,0,0,0,0,0,0,0,0,0,0
179,80000000,http://www.theinterpretermovie.com/,en,The Interpreter,18.69984,4/8/05,162944923,128,Released,The Interpreter,6.2,392,0,0,0,0,1,0,0,0,0,0,0,0,0,0,0,0,1,0,0,0
180,102000000,NA,en,Minority Report,65.948959,6/20/02,358372926,145,Released,Minority Report,7.1,2608,1,0,0,0,0,0,0,0,0,0,0,0,0,1,0,1,1,0,0,0
182,32000000,http://www.the-good-german.de,en,The Good German,5.347936,12/8/06,5914908,108,Released,The Good German,5.9,86,0,0,0,0,1,0,1,0,0,0,0,0,0,1,1,0,1,0,1,0
184,12000000,NA,en,Jackie Brown,40.631671,12/24/97,39673162,154,Released,Jackie Brown,7.3,1514,0,0,0,1,1,0,0,0,0,0,0,0,0,0,1,0,0,0,0,0
186,27000000,NA,en,Lucky Number Slevin,36.921445,2/24/06,56308881,110,Released,Lucky Number Slevin,7.4,1323,0,0,0,0,1,0,1,0,0,0,0,0,0,1,0,0,1,0,0,0
187,40000000,http://www.miramax.com/movie/sin-city/,en,Sin City,66.003433,4/1/05,158733820,124,Released,Sin City,7.2,2691,1,0,0,0,1,0,0,0,0,0,0,0,0,0,0,0,1,0,0,0
189,65000000,http://sincity-2.com/,en,Sin City: A Dame to Kill For,85.428395,8/20/14,39407616,102,Released,Sin City: A Dame to Kill For,6.3,1286,0,0,0,0,1,0,0,0,0,0,0,0,0,0,0,0,1,0,0,0
193,38000000,NA,en,Star Trek: Generations,14.779041,11/17/94,12e7,118,Released,Star Trek: Generations,6.4,452,1,1,0,0,0,0,0,0,0,0,0,0,0,0,0,1,1,0,0,0
194,10000000,http://www.die-fabelhafte-welt-der-amelie.de,fr,Le fabuleux destin d'Amélie Poulain,73.720244,4/25/01,173921954,122,Released,Amélie,7.8,3310,0,0,0,1,0,0,0,0,0,0,0,0,0,0,1,0,0,0,0,0
196,40000000,http://www.backtothefuture.com/movies/backtothefuture3,en,Back to the Future Part III,45.769562,5/25/90,244527583,118,Released,Back to the Future Part III,7.1,2900,0,1,0,1,0,0,0,1,0,0,0,0,0,0,0,1,0,0,0,0
197,72000000,NA,en,Braveheart,60.722162,5/24/95,21e7,177,Released,Braveheart,7.7,3336,1,0,0,0,0,0,1,0,0,0,1,0,0,0,0,0,0,0,1,0
199,46000000,http://www.startrek.com/startrek/view/series/MOV/008/index.html,en,Star Trek: First Contact,25.6713,11/21/96,15e7,111,Released,Star Trek: First Contact,7,661,1,1,0,0,0,0,0,0,0,0,0,0,0,0,0,1,1,0,0,0
200,70000000,NA,en,Star Trek: Insurrection,19.711951,12/10/98,118e6,103,Released,Star Trek: Insurrection,6.3,391,1,1,0,0,0,0,0,0,0,0,0,0,0,0,0,1,1,0,0,0
201,60000000,NA,en,Star Trek: Nemesis,21.605533,12/13/02,67312826,117,Released,Star Trek: Nemesis,6.1,479,1,1,0,0,0,0,0,0,0,0,0,0,0,0,0,1,1,0,0,0
203,500000,NA,en,Mean Streets,17.002096,10/2/73,3e6,110,Released,Mean Streets,7.2,345,0,0,0,0,1,0,1,0,0,0,0,0,0,0,0,0,0,0,0,0
205,17500000,http://www.metrofilms.com/hotelrwanda/,en,Hotel Rwanda,28.60542,9/11/04,38e6,121,Released,Hotel Rwanda,7.5,793,0,0,0,0,0,0,1,0,0,0,1,0,0,0,0,0,0,0,1,0
207,16400000,NA,en,Dead Poets Society,55.458584,6/2/89,235860116,129,Released,Dead Poets Society,8.1,2705,0,0,0,0,0,0,1,0,0,0,0,0,0,0,0,0,0,0,0,0
214,10000000,NA,en,Saw III,33.124871,10/27/06,163876815,108,Released,Saw III,6.1,1071,0,0,0,0,1,0,0,0,0,0,0,1,0,0,0,0,1,0,0,0
215,4000000,NA,en,Saw II,42.187986,10/28/05,152925093,92,Released,Saw II,6.3,1251,0,0,0,0,0,0,0,0,0,0,0,1,0,0,0,0,0,0,0,0
217,185000000,http://www.indianajones.com/site/index.html,en,Indiana Jones and the Kingdom of the Crystal Skull,75.674458,5/21/08,786636033,122,Released,Indiana Jones and the Kingdom of the Crystal Skull,5.7,2495,1,1,0,0,0,0,0,0,0,0,0,0,0,0,0,0,0,0,0,0
218,6400000,http://www.mgm.com/#/our-titles/1970/The-Terminator/,en,The Terminator,74.234793,10/26/84,78371200,108,Released,The Terminator,7.3,4128,1,0,0,0,0,0,0,0,0,0,0,0,0,0,0,1,1,0,0,0
219,12899867,http://www.volver-lapelicula.com,es,Volver,19.747809,3/16/06,85582407,121,Released,Volver,7.3,406,0,0,0,1,0,0,1,0,0,0,0,0,0,0,1,0,0,0,0,0
223,1288000,NA,en,Rebecca,18.426825,4/12/40,6e6,130,Released,Rebecca,7.7,336,0,0,0,0,0,0,1,0,0,0,0,0,0,1,0,0,0,0,0,0
226,2000000,http://www.foxsearchlight.com/boysdontcry/,en,Boys Don't Cry,15.557144,9/2/99,11540607,118,Released,Boys Don't Cry,7.2,353,0,0,0,0,1,0,1,0,0,0,0,0,0,0,0,0,0,0,0,0
227,10000000,NA,en,The Outsiders,13.455373,3/25/83,33697647,91,Released,The Outsiders,6.9,291,0,0,0,0,1,0,1,0,0,0,0,0,0,0,0,0,0,0,0,0
231,50000000,http://syrianamovie.warnerbros.com/,en,Syriana,16.871194,11/23/05,94e6,128,Released,Syriana,6.3,451,0,0,0,0,0,0,1,0,0,0,0,0,0,0,0,0,1,0,0,0
235,8000000,NA,en,Stand by Me,51.109279,8/22/86,52287414,89,Released,Stand by Me,7.8,1522,0,0,0,0,1,0,1,0,0,0,0,0,0,0,0,0,0,0,0,0
238,6000000,http://www.thegodfather.com/,en,The Godfather,143.659698,3/14/72,245066411,175,Released,The Godfather,8.4,5893,0,0,0,0,1,0,1,0,0,0,0,0,0,0,0,0,0,0,0,0
239,2883848,NA,en,Some Like It Hot,39.30982,3/18/59,25e6,122,Released,Some Like It Hot,8,808,0,0,0,1,0,0,0,0,0,0,0,0,0,0,1,0,0,0,0,0
240,13000000,NA,en,The Godfather: Part II,105.792936,12/20/74,47542841,200,Released,The Godfather: Part II,8.3,3338,0,0,0,0,1,0,1,0,0,0,0,0,0,0,0,0,0,0,0,0
242,54000000,http://www.imdb.com/title/tt0099674/,en,The Godfather: Part III,59.194915,12/24/90,136766062,162,Released,The Godfather: Part III,7.1,1546,0,0,0,0,1,0,1,0,0,0,0,0,0,0,0,0,1,0,0,0
243,30000000,NA,en,High Fidelity,23.982956,3/17/00,47126295,113,Released,High Fidelity,7,628,0,0,0,1,0,0,1,0,0,0,0,0,1,0,1,0,0,0,0,0
245,27000000,http://movies.uip.de/aboutaboy/,en,About a Boy,28.227984,4/26/02,129e6,101,Released,About a Boy,6.6,607,0,0,0,1,0,0,1,0,0,0,0,0,0,0,1,0,0,0,0,0
248,2900000,NA,en,Pocketful of Miracles,3.370225,12/18/61,5e6,136,Released,Pocketful of Miracles,7.3,25,0,0,0,1,0,0,1,0,0,0,0,0,0,0,0,0,0,0,0,0
251,22000000,NA,en,Ghost,41.967005,7/12/90,505e6,127,Released,Ghost,6.9,1339,0,0,0,0,0,0,1,0,1,0,0,0,0,1,1,0,1,0,0,0
252,3000000,NA,en,Willy Wonka & the Chocolate Factory,23.981601,6/29/71,4e6,100,Released,Willy Wonka & the Chocolate Factory,7.4,798,0,0,0,0,0,0,0,1,1,0,0,0,0,0,0,0,0,0,0,0
253,7000000,http://www.mgm.com/view/movie/1130/Live-and-Let-Die/,en,Live and Let Die,30.465138,7/5/73,161777836,121,Released,Live and Let Die,6.4,533,1,1,0,0,0,0,0,0,0,0,0,0,0,0,0,0,1,0,0,0
254,207000000,NA,en,King Kong,61.22601,12/14/05,55e7,187,Released,King Kong,6.6,2337,1,1,0,0,0,0,1,0,0,0,0,0,0,0,0,0,0,0,0,0
257,50000000,http://www.olivertwistthemovie.co.uk/,en,Oliver Twist,20.415572,9/23/05,42093706,130,Released,Oliver Twist,6.7,274,0,0,0,0,1,0,1,1,0,0,0,0,0,0,0,0,0,0,0,0
261,3000000,NA,en,Cat on a Hot Tin Roof,16.553594,2/17/58,17570324,108,Released,Cat on a Hot Tin Roof,7.6,165,0,0,0,0,0,0,1,0,0,0,0,0,0,0,1,0,0,0,0,0
268,35000000,NA,en,Batman,44.104469,6/23/89,411348924,126,Released,Batman,7,2096,1,0,0,0,0,0,0,0,1,0,0,0,0,0,0,0,0,0,0,0
272,150000000,http://www2.warnerbros.com/batmanbegins/index.html,en,Batman Begins,115.040024,6/10/05,374218673,140,Released,Batman Begins,7.5,7359,1,0,0,0,1,0,1,0,0,0,0,0,0,0,0,0,0,0,0,0
274,19000000,NA,en,The Silence of the Lambs,18.174804,2/1/91,272742922,119,Released,The Silence of the Lambs,8.1,4443,0,0,0,0,1,0,1,0,0,0,0,0,0,0,0,0,1,0,0,0
277,22000000,http://www.sonypictures.com/movies/underworld/site/main.html,en,Underworld,81.829237,9/19/03,95708457,121,Released,Underworld,6.6,2512,1,0,0,0,0,0,0,0,1,0,0,0,0,0,0,0,1,0,0,0
278,25000000,NA,en,The Shawshank Redemption,136.747729,9/23/94,28341469,142,Released,The Shawshank Redemption,8.5,8205,0,0,0,0,1,0,1,0,0,0,0,0,0,0,0,0,0,0,0,0
279,18000000,NA,en,Amadeus,31.82675,10/26/84,51973029,160,Released,Amadeus,7.8,1076,0,0,0,0,0,0,1,0,0,0,1,0,1,0,0,0,0,0,0,0
280,100000000,NA,en,Terminator 2: Judgment Day,101.74155,7/1/91,52e7,137,Released,Terminator 2: Judgment Day,7.7,4185,1,0,0,0,0,0,0,0,0,0,0,0,0,0,0,1,1,0,0,0
284,3000000,NA,en,The Apartment,22.889294,6/15/60,25e6,125,Released,The Apartment,8.1,483,0,0,0,1,0,0,1,0,0,0,0,0,0,0,1,0,0,0,0,0
285,300000000,http://disney.go.com/disneypictures/pirates/,en,Pirates of the Caribbean: At World's End,139.082615,5/19/07,961e6,169,Released,Pirates of the Caribbean: At World's End,6.9,4500,1,1,0,0,0,0,0,0,1,0,0,0,0,0,0,0,0,0,0,0
288,730000,NA,en,High Noon,18.644023,3/27/52,8e6,85,Released,High Noon,7.6,334,0,0,0,0,0,0,0,0,0,0,0,0,0,0,0,0,0,0,0,1
289,878000,NA,en,Casablanca,43.729123,11/26/42,10462500,102,Released,Casablanca,7.9,1422,0,0,0,0,0,0,1,0,0,0,0,0,0,0,1,0,0,0,0,0
291,2600000,http://www.sonyclassics.com/ridinggiants/,en,Riding Giants,0.895946,7/9/04,3166e3,105,Released,Riding Giants,7.6,23,0,0,0,0,0,1,0,0,0,0,0,0,0,0,0,0,0,0,0,0
292,3000000,http://www.chappellesblockparty.com/home.html,en,Dave Chappelle's Block Party,1.697846,9/12/05,11718595,100,Released,Dave Chappelle's Block Party,6.4,28,0,0,0,1,0,1,0,0,0,0,0,0,1,0,0,0,0,0,0,0
296,200000000,NA,en,Terminator 3: Rise of the Machines,69.405188,7/2/03,435e6,109,Released,Terminator 3: Rise of the Machines,5.9,2143,1,0,0,0,0,0,0,0,0,0,0,0,0,0,0,1,1,0,0,0
297,90000000,http://www.meetjoeblack.com/,en,Meet Joe Black,36.069611,11/12/98,142940100,178,Released,Meet Joe Black,6.9,1147,0,0,0,0,0,0,1,0,1,0,0,0,0,1,0,0,0,0,0,0
298,85000000,http://oceans13.warnerbros.com/,en,Ocean's Thirteen,42.069993,6/7/07,311312624,122,Released,Ocean's Thirteen,6.5,1999,0,0,0,0,1,0,0,0,0,0,0,0,0,0,0,0,1,0,0,0
302,7800000,http://www.marsdistribution.com/xml/flash.html?cfilm=46022,en,Swimming Pool,11.000654,5/18/03,22441323,102,Released,Swimming Pool,6.4,153,0,0,0,0,1,0,0,0,0,0,0,0,0,0,0,0,1,0,0,0
306,50000000,NA,en,Beverly Hills Cop III,20.333953,5/24/94,119208989,104,Released,Beverly Hills Cop III,5.5,434,1,0,0,1,1,0,0,0,0,0,0,0,0,0,0,0,0,0,0,0
309,1300000,http://nimbusfilm.dk/film/festen/?lang=en,da,Festen,10.240917,5/20/98,0,105,Released,The Celebration,7.7,207,0,0,0,0,0,0,1,0,0,0,0,0,0,0,0,0,0,0,0,0
310,80000000,http://www.brucealmighty.com/,en,Bruce Almighty,109.684788,5/23/03,484572835,101,Released,Bruce Almighty,6.4,3012,0,0,0,1,0,0,0,0,1,0,0,0,0,0,0,0,0,0,0,0
311,30000000,NA,en,Once Upon a Time in America,49.336397,2/16/84,0,229,Released,Once Upon a Time in America,8.2,1069,0,0,0,0,1,0,1,0,0,0,0,0,0,0,0,0,0,0,0,0
314,100000000,NA,en,Catwoman,32.271938,7/22/04,82102379,104,Released,Catwoman,4.2,808,1,0,0,0,1,0,0,0,0,0,0,0,0,0,0,0,0,0,0,0
319,12500000,NA,en,True Romance,35.268557,9/9/93,12281551,120,Released,True Romance,7.5,749,1,0,0,0,1,0,0,0,0,0,0,0,0,0,1,0,1,0,0,0
320,46000000,NA,en,Insomnia,41.322708,5/24/02,113714830,118,Released,Insomnia,6.8,1148,0,0,0,0,1,0,0,0,0,0,0,0,0,1,0,0,1,0,0,0
321,4361898,http://mamboitaliano.ca/,en,Mambo Italiano,2.080741,6/6/03,3031801,92,Released,Mambo Italiano,5.6,28,0,0,0,1,0,0,0,0,0,0,0,0,0,0,1,0,0,0,0,0
322,25000000,NA,en,Mystic River,31.242999,10/7/03,156822020,138,Released,Mystic River,7.6,1422,0,0,0,0,1,0,1,0,0,0,0,0,0,1,0,0,1,0,0,0
326,33000000,NA,en,Snakes on a Plane,19.642328,8/6/06,62022014,105,Released,Snakes on a Plane,5.1,497,1,0,0,0,1,0,0,0,0,0,0,1,0,0,0,0,1,0,0,0
327,12000000,http://www.office-kitano.co.jp/brother/index.html,ja,Brother,5.327714,9/9/00,1525e4,114,Released,Brother,6.8,107,0,0,0,0,1,0,1,0,0,0,0,0,0,0,0,0,1,0,0,0
329,63000000,http://www.jurassicpark.com/,en,Jurassic Park,40.413191,6/11/93,9201e5,127,Released,Jurassic Park,7.6,4856,0,1,0,0,0,0,0,0,0,0,0,0,0,0,0,1,0,0,0,0
330,73000000,NA,en,The Lost World: Jurassic Park,2.502487,5/23/97,229074524,129,Released,The Lost World: Jurassic Park,6.2,2487,1,1,0,0,0,0,0,0,0,0,0,0,0,0,0,1,0,0,0,0
331,93000000,NA,en,Jurassic Park III,1.859364,7/18/01,368780809,92,Released,Jurassic Park III,5.7,2077,1,1,0,0,0,0,0,0,0,0,0,0,0,0,0,1,1,0,0,0
332,75000000,NA,en,Inspector Gadget,17.561955,7/23/99,0,78,Released,Inspector Gadget,4.3,318,1,1,0,1,0,0,0,1,0,0,0,0,0,0,0,0,0,0,0,0
334,37000000,http://www.magnoliamovie.com/,en,Magnolia,30.993736,12/8/99,48451803,188,Released,Magnolia,7.5,825,0,0,0,0,0,0,1,0,0,0,0,0,0,0,0,0,0,0,0,0
335,5000000,NA,it,C'era una volta il West,49.333137,12/21/68,5321508,175,Released,Once Upon a Time in the West,8.1,1128,0,0,0,0,0,0,0,0,0,0,0,0,0,0,0,0,0,0,0,1
338,4800000,http://www.good-bye-lenin.de/index2.php,de,"Good bye, Lenin!",11.086001,2/9/03,79384880,121,Released,"Good bye, Lenin!",7.4,586,0,0,0,1,0,0,1,0,0,0,0,0,0,0,1,0,0,0,0,0
342,2700000,http://www.sommersturm.de/main.html,de,Sommersturm,3.120747,9/2/04,0,98,Released,Summer Storm,6.7,59,0,0,0,1,0,0,1,0,0,0,0,0,0,0,0,0,0,0,0,0
345,65000000,http://eyeswideshut.warnerbros.com/,en,Eyes Wide Shut,27.870312,7/14/99,162091208,159,Released,Eyes Wide Shut,7.1,1234,0,0,0,0,0,0,1,0,0,0,0,0,0,1,0,0,0,0,0,0
346,2000000,NA,ja,七人の侍,39.756748,4/26/54,271841,207,Released,Seven Samurai,8.2,878,1,0,0,0,0,0,1,0,0,0,0,0,0,0,0,0,0,0,0,0
348,11000000,https://www.facebook.com/alienanthology/,en,Alien,94.184658,5/25/79,104931801,117,Released,Alien,7.9,4470,1,0,0,0,0,0,0,0,0,0,0,1,0,0,0,1,1,0,0,0
350,35000000,http://www.devilwearspradamovie.com/,en,The Devil Wears Prada,83.893257,6/30/06,326551094,109,Released,The Devil Wears Prada,7,3088,0,0,0,1,0,0,1,0,0,0,0,0,0,0,1,0,0,0,0,0
364,80000000,NA,en,Batman Returns,59.113174,6/19/92,28e7,126,Released,Batman Returns,6.6,1673,1,0,0,0,0,0,0,0,1,0,0,0,0,0,0,0,0,0,0,0
377,1800000,NA,en,A Nightmare on Elm Street,38.204158,11/14/84,25504513,91,Released,A Nightmare on Elm Street,7.2,1180,0,0,0,0,0,0,0,0,0,0,0,1,0,0,0,0,0,0,0,0
380,25000000,NA,en,Rain Man,49.510658,12/11/88,4128e5,133,Released,Rain Man,7.6,1709,0,0,0,0,0,0,1,0,0,0,0,0,0,0,0,0,0,0,0,0
387,14000000,http://www.dasboot.com,de,Das Boot,26.967494,9/16/81,85e6,149,Released,Das Boot,7.9,613,1,1,0,0,0,0,1,0,0,0,1,0,0,0,0,0,0,0,1,0
388,45000000,http://theinsideman.net,en,Inside Man,45.220386,3/23/06,184376254,129,Released,Inside Man,7.3,1630,0,0,0,0,1,0,1,0,0,0,0,0,0,0,0,0,1,0,0,0
389,350000,NA,en,12 Angry Men,59.259204,3/25/57,1e6,96,Released,12 Angry Men,8.2,2078,0,0,0,0,0,0,1,0,0,0,0,0,0,0,0,0,0,0,0,0
391,200000,NA,it,Per un pugno di dollari,38.771062,9/12/64,145e5,99,Released,A Fistful of Dollars,7.6,883,0,0,0,0,0,0,0,0,0,0,0,0,0,0,0,0,0,0,0,1
392,25000000,NA,en,Chocolat,28.727731,12/14/00,152500343,121,Released,Chocolat,6.8,951,0,0,0,1,0,0,1,0,0,0,0,0,0,0,1,0,0,0,0,0
393,30000000,NA,en,Kill Bill: Vol. 2,50.622607,4/16/04,152159461,136,Released,Kill Bill: Vol. 2,7.6,3948,1,0,0,0,1,0,0,0,0,0,0,0,0,0,0,0,1,0,0,0
395,70000000,http://www.avp-movie.com/,en,AVP: Alien vs. Predator,42.957216,8/12/04,171183863,101,Released,AVP: Alien vs. Predator,5.5,1217,1,1,0,0,0,0,0,0,0,0,0,0,0,0,0,1,0,0,0,0
398,7000000,http://www.sonyclassics.com/capote/,en,Capote,17.434862,9/30/05,49084830,114,Released,Capote,6.8,384,0,0,0,0,1,0,1,0,0,0,0,0,0,0,0,0,0,0,0,0
400,8000000,NA,en,Things to Do in Denver When You're Dead,6.932221,12/1/95,529766,NA,Released,Things to Do in Denver When You're Dead,6.7,85,0,0,0,0,1,0,1,0,0,0,0,0,0,0,0,0,0,0,0,0
401,2500000,http://www2.foxsearchlight.com/gardenstate/,en,Garden State,30.583959,7/28/04,26781723,102,Released,Garden State,7.1,618,0,0,0,1,0,0,1,0,0,0,0,0,0,0,1,0,0,0,0,0
403,7500000,NA,en,Driving Miss Daisy,19.585801,12/13/89,145793296,99,Released,Driving Miss Daisy,7,350,0,0,0,1,0,0,1,0,0,0,0,0,0,0,0,0,0,0,0,0
404,10000000,NA,en,The Straight Story,15.280261,10/15/99,0,112,Released,The Straight Story,7.7,306,0,0,0,0,0,0,1,0,0,0,0,0,0,0,0,0,0,0,0,0
408,1488423,http://movies.disney.com/snow-white-and-the-seven-dwarfs,en,Snow White and the Seven Dwarfs,80.171283,12/20/37,184925486,83,Released,Snow White and the Seven Dwarfs,6.9,1914,0,0,1,0,0,0,0,1,1,0,0,0,0,0,0,0,0,0,0,0
409,27000000,NA,en,The English Patient,29.381878,11/14/96,231976425,162,Released,The English Patient,7,542,0,0,0,0,0,0,1,0,0,0,0,0,0,0,1,0,0,0,1,0
411,180000000,NA,en,"The Chronicles of Narnia: The Lion, the Witch and the Wardrobe",67.391328,12/7/05,748806957,143,Released,"The Chronicles of Narnia: The Lion, the Witch and the Wardrobe",6.7,2629,0,1,0,0,0,0,0,1,1,0,0,0,0,0,0,0,0,0,0,0
414,100000000,NA,en,Batman Forever,48.205606,5/31/95,336529144,121,Released,Batman Forever,5.2,1498,1,0,0,0,1,0,0,0,1,0,0,0,0,0,0,0,0,0,0,0
415,125000000,NA,en,Batman & Robin,50.073575,6/20/97,238207122,125,Released,Batman & Robin,4.2,1418,1,0,0,0,1,0,0,0,1,0,0,0,0,0,0,0,0,0,0,0
421,50000000,NA,en,The Life Aquatic with Steve Zissou,25.237969,12/10/04,34808403,119,Released,The Life Aquatic with Steve Zissou,7.1,775,0,1,0,1,0,0,1,0,0,0,0,0,0,0,0,0,0,0,0,0
423,35000000,http://www.thepianistmovie.com/,en,The Pianist,50.587541,9/24/02,120072577,150,Released,The Pianist,8,1864,0,0,0,0,0,0,1,0,0,0,0,0,0,0,0,0,0,0,1,0
424,22000000,http://www.schindlerslist.com/,en,Schindler's List,104.469351,11/29/93,321365567,195,Released,Schindler's List,8.3,4329,0,0,0,0,0,0,1,0,0,0,1,0,0,0,0,0,0,0,1,0
425,59000000,http://www.iceagemovies.com/films/ice-age,en,Ice Age,99.561972,3/10/02,383257136,81,Released,Ice Age,7.1,3857,0,1,1,1,0,0,0,1,0,0,0,0,0,0,0,0,0,0,0,0
429,1200000,"http://www.mgm.com/#/our-titles/766/The-Good,-the-Bad-and-the-Ugly",it,"Il buono, il brutto, il cattivo",88.377076,12/23/66,6e6,161,Released,"The Good, the Bad and the Ugly",8.1,2311,0,0,0,0,0,0,0,0,0,0,0,0,0,0,0,0,0,0,0,1
431,250000,NA,en,Cube,44.656151,9/9/97,501818,90,Released,Cube,6.9,1069,0,0,0,0,0,0,0,0,0,0,0,0,0,1,0,1,1,0,0,0
433,6000000,NA,en,Mary Poppins,59.961523,8/27/64,102272727,139,Released,Mary Poppins,7.4,1183,0,0,0,1,0,0,0,1,1,0,0,0,0,0,0,0,0,0,0,0
435,125000000,http://www.thedayaftertomorrow.com/,en,The Day After Tomorrow,41.380094,5/26/04,544272402,124,Released,The Day After Tomorrow,6.2,2392,1,1,0,0,0,0,0,0,0,0,0,0,0,0,0,1,1,0,0,0
436,0,http://www.mariallenaeresdegracia.com/index.html,es,"María, llena eres de gracia",3.027892,1/18/04,0,101,Released,Maria Full of Grace,6.9,101,0,0,0,0,1,0,1,0,0,0,0,0,0,0,0,0,1,0,0,0
440,40000000,http://www.avp-r.com/,en,Aliens vs Predator: Requiem,39.381913,12/25/07,41797066,94,Released,Aliens vs Predator: Requiem,4.9,740,1,0,0,0,0,0,0,0,1,0,0,1,0,0,0,1,1,0,0,0
451,3600000,http://www.mgm.com/title_title.do?title_star=LEAVINGL,en,Leaving Las Vegas,22.030517,10/27/95,498e5,112,Released,Leaving Las Vegas,7.1,360,0,0,0,0,0,0,1,0,0,0,0,0,0,0,1,0,0,0,0,0
453,60000000,http://www.abeautifulmind.com/,en,A Beautiful Mind,59.248437,12/11/01,313542341,135,Released,A Beautiful Mind,7.7,3009,0,0,0,0,0,0,1,0,0,0,0,0,0,0,1,0,0,0,0,0
454,14500000,http://www.romeoandjuliet.com/,en,Romeo + Juliet,41.493042,10/31/96,147298761,NA,Released,Romeo + Juliet,6.7,1374,0,0,0,0,0,0,1,0,0,0,0,0,0,0,1,0,0,0,0,0
455,3500159,http://www2.foxsearchlight.com/benditlikebeckham/,en,Bend It Like Beckham,22.054546,4/11/02,76578641,112,Released,Bend It Like Beckham,6.2,578,0,0,0,1,0,0,1,0,0,0,0,0,0,0,1,0,0,0,0,0
462,52000000,http://www.brockovich.com/movie.html,en,Erin Brockovich,30.347332,3/17/00,256271286,131,Released,Erin Brockovich,7.1,716,0,0,0,0,0,0,1,0,0,0,0,0,0,0,0,0,0,0,0,0
464,0,http://www.wie-im-himmel-derfilm.de/start.html,sv,Så som i himmelen,4.321249,9/3/04,0,132,Released,As It Is in Heaven,6.9,42,0,0,0,1,0,0,1,0,0,0,0,0,1,0,1,0,0,0,0,0
468,2500000,NA,en,My Own Private Idaho,10.363642,10/17/91,0,104,Released,My Own Private Idaho,7.1,212,0,0,0,0,0,0,1,0,0,0,0,0,0,0,1,0,0,0,0,0
470,20000000,http://www.21-grams.com/index.php,en,21 Grams,32.243357,9/6/03,60427839,124,Released,21 Grams,7.2,918,0,0,0,0,1,0,1,0,0,0,0,0,0,0,0,0,1,0,0,0
473,60000,http://www.pithemovie.com/,en,Pi,27.788067,7/10/98,3221152,84,Released,Pi,7.1,586,0,0,0,0,0,0,1,0,0,0,0,0,0,1,0,0,1,0,0,0
479,46000000,NA,en,Shaft,19.643365,6/15/00,107196498,99,Released,Shaft,5.5,308,1,1,0,0,1,0,0,0,0,0,0,0,0,0,0,0,1,0,0,0
480,0,NA,hi,Monsoon Wedding,8.109958,8/30/01,0,114,Released,Monsoon Wedding,6.8,57,0,0,0,1,0,0,1,0,0,0,0,0,0,0,1,0,0,0,0,0
489,10000000,http://www.miramax.com/movie/good-will-hunting,en,Good Will Hunting,43.734886,12/5/97,225933435,126,Released,Good Will Hunting,7.9,2811,0,0,0,0,0,0,1,0,0,0,0,0,0,0,0,0,0,0,0,0
492,13000000,NA,en,Being John Malkovich,27.546914,9/30/99,22863596,112,Released,Being John Malkovich,7.3,1101,0,0,0,1,0,0,1,0,1,0,0,0,0,0,0,0,0,0,0,0
496,18000000,http://www.boratmovie.com/,en,Borat: Cultural Learnings of America for Make Benefit Glorious Nation of Kazakhstan,29.487784,11/1/06,261572744,82,Released,Borat: Cultural Learnings of America for Make Benefit Glorious Nation of Kazakhstan,6.5,1579,0,0,0,1,0,0,0,0,0,0,0,0,0,0,0,0,0,0,0,0
497,60000000,http://thegreenmile.warnerbros.com/,en,The Green Mile,103.698022,12/10/99,2846e5,189,Released,The Green Mile,8.2,4048,0,0,0,0,1,0,1,0,1,0,0,0,0,0,0,0,0,0,0,0
500,1200000,NA,en,Reservoir Dogs,66.925866,9/2/92,14661007,99,Released,Reservoir Dogs,8,3697,0,0,0,0,1,0,0,0,0,0,0,0,0,0,0,0,1,0,0,0
503,160000000,http://www2.warnerbros.com/poseidon/,en,Poseidon,21.133748,5/12/06,181674817,99,Released,Poseidon,5.5,583,1,1,0,0,0,0,1,0,0,0,0,0,0,0,0,0,1,0,0,0
504,8000000,NA,en,Monster,19.683187,11/16/03,60378584,110,Released,Monster,7,485,0,0,0,0,1,0,1,0,0,0,0,0,0,0,0,0,0,0,0,0
507,1500000,NA,en,Killing Zoe,5.817519,10/1/93,418961,96,Released,Killing Zoe,6.1,111,1,0,0,0,1,0,1,0,0,0,0,0,0,0,0,0,1,0,0,0
508,40000000,http://www.loveactually.com/,en,Love Actually,37.073127,9/7/03,244931766,135,Released,Love Actually,7,1869,0,0,0,1,0,0,1,0,0,0,0,0,0,0,1,0,0,0,0,0
509,42000000,http://www.notting-hill.com/,en,Notting Hill,28.969151,5/13/99,363889678,124,Released,Notting Hill,7,1262,0,0,0,1,0,0,1,0,0,0,0,0,0,0,1,0,0,0,0,0
510,3000000,NA,en,One Flew Over the Cuckoo's Nest,127.525581,11/18/75,108981275,133,Released,One Flew Over the Cuckoo's Nest,8.2,2919,0,0,0,0,0,0,1,0,0,0,0,0,0,0,0,0,0,0,0,0
512,4000000,http://www.scoopmovie.net/,en,Scoop,17.229537,7/27/06,31584901,96,Released,Scoop,6.4,420,0,0,0,1,0,0,0,0,0,0,0,0,0,1,0,0,0,0,0,0
522,18000000,NA,en,Ed Wood,24.548633,9/27/94,5887457,127,Released,Ed Wood,7.3,630,0,0,0,1,0,0,1,0,0,0,1,0,0,0,0,0,0,0,0,0
524,52000000,NA,en,Casino,40.06688,11/22/95,116112375,178,Released,Casino,7.8,1307,0,0,0,0,1,0,1,0,0,0,0,0,0,0,0,0,0,0,0,0
525,27000000,NA,en,The Blues Brothers,44.714264,6/17/80,115229890,133,Released,The Blues Brothers,7.5,1065,1,0,0,1,1,0,0,0,0,0,0,0,1,0,0,0,0,0,0,0
526,20000000,NA,en,Ladyhawke,14.370111,3/27/85,18432e3,121,Released,Ladyhawke,6.8,260,0,1,0,0,0,0,1,0,1,0,0,0,0,0,1,0,0,0,0,0
533,30000000,http://www.wallaceandgromit.com/films/the-curse-of-the-wererabbit,en,The Curse of the Were-Rabbit,30.380747,9/4/05,192452832,85,Released,The Curse of the Were-Rabbit,6.8,643,0,1,1,1,0,0,0,1,0,0,0,0,0,0,0,0,0,0,0,0
534,200000000,https://www.warnerbros.com/terminator-salvation,en,Terminator Salvation,71.862892,5/20/09,371353001,115,Released,Terminator Salvation,5.9,2463,1,0,0,0,0,0,0,0,0,0,0,0,0,0,0,1,1,0,0,0
535,4000000,NA,en,Flashdance,18.422323,4/14/83,92921203,95,Released,Flashdance,6.1,302,0,0,0,0,0,0,1,0,0,0,0,0,1,0,1,0,0,0,0,0
539,806948,NA,en,Psycho,93.067866,6/16/60,32e6,109,Released,Psycho,8.2,2320,0,0,0,0,0,0,1,0,0,0,0,1,0,0,0,0,1,0,0,0
540,3500000,NA,en,D.E.B.S.,6.396936,1/21/04,0,91,Released,D.E.B.S.,5.6,90,1,0,0,0,0,0,0,0,0,0,0,0,0,0,0,0,0,0,0,0
542,1800000,http://padreamaro.ad2.com/site/home_eng.htm,es,El Crimen del Padre Amaro,2.179428,10/1/02,0,118,Released,The Crime of Padre Amaro,6.2,36,0,0,0,0,0,0,1,0,0,0,0,0,0,0,1,0,0,0,0,0
544,23000000,http://www.aboutmary.com/,en,There's Something About Mary,57.110486,7/15/98,369884651,119,Released,There's Something About Mary,6.5,1590,0,0,0,1,0,0,0,0,0,0,0,0,0,0,1,0,0,0,0,0
546,1000000,http://www.transamerica-movie.com/,en,Transamerica,9.773398,12/23/05,13350369,103,Released,Transamerica,6.9,144,0,0,0,0,0,0,1,0,0,0,0,0,0,0,0,0,0,0,0,0
547,60000000,NA,en,The Horse Whisperer,12.867352,5/14/98,186883563,170,Released,The Horse Whisperer,6.7,292,0,0,0,0,0,0,1,0,0,0,0,0,0,0,1,0,0,0,0,0
549,2962051,NA,en,Basquiat,3.636634,8/9/96,3011195,108,Released,Basquiat,6.6,94,0,0,0,0,0,0,1,0,0,0,1,0,0,0,0,0,0,0,0,0
550,63000000,http://www.foxmovies.com/movies/fight-club,en,Fight Club,146.757391,10/15/99,100853753,139,Released,Fight Club,8.3,9413,0,0,0,0,0,0,1,0,0,0,0,0,0,0,0,0,0,0,0,0
557,139000000,http://www.sonypictures.com/movies/spider-man/,en,Spider-Man,82.502566,5/1/02,821708551,121,Released,Spider-Man,6.8,5265,1,0,0,0,0,0,0,0,1,0,0,0,0,0,0,0,0,0,0,0
558,200000000,http://www.sonypictures.com/movies/spider-man2/,en,Spider-Man 2,35.149586,6/25/04,783766341,127,Released,Spider-Man 2,6.7,4321,1,1,0,0,0,0,0,0,1,0,0,0,0,0,0,0,0,0,0,0
559,258000000,http://www.sonypictures.com/movies/spider-man3/,en,Spider-Man 3,115.699814,5/1/07,890871626,139,Released,Spider-Man 3,5.9,3576,1,1,0,0,0,0,0,0,1,0,0,0,0,0,0,0,0,0,0,0
562,28000000,NA,en,Die Hard,66.169628,7/15/88,140767956,131,Released,Die Hard,7.5,3948,1,0,0,0,0,0,0,0,0,0,0,0,0,0,0,0,1,0,0,0
563,105000000,NA,en,Starship Troopers,58.782359,11/6/97,121214377,129,Released,Starship Troopers,6.7,1560,1,1,0,0,0,0,0,0,0,0,0,0,0,0,0,1,1,0,0,0
568,52000000,NA,en,Apollo 13,68.140214,6/30/95,355237933,140,Released,Apollo 13,7.3,1599,0,0,0,0,0,0,1,0,0,0,0,0,0,0,0,0,0,0,0,0
573,3500000,NA,en,Frenzy,10.219942,5/25/72,126e5,116,Released,Frenzy,7.1,158,0,0,0,0,1,0,1,0,0,0,0,0,0,1,0,0,1,0,0,0
576,6244087,NA,en,The Wild Bunch,14.970654,6/17/69,638641,145,Released,The Wild Bunch,7.6,259,0,1,0,0,0,0,0,0,0,0,0,0,0,0,0,0,0,0,0,1
577,20000000,NA,en,To Die For,12.309715,5/20/95,21284514,106,Released,To Die For,6.7,175,0,0,0,1,0,0,1,0,1,0,0,0,0,0,0,0,1,0,0,0
578,7000000,http://www.jaws25.com/,en,Jaws,50.152327,6/18/75,470654e3,124,Released,Jaws,7.5,2542,0,1,0,0,0,0,0,0,0,0,0,1,0,0,0,0,1,0,0,0
579,20000000,NA,en,Jaws 2,19.636044,6/16/78,187884007,116,Released,Jaws 2,5.9,406,0,0,0,0,0,0,0,0,0,0,0,1,0,0,0,0,1,0,0,0
580,23000000,NA,en,Jaws: The Revenge,12.777008,7/17/87,51881013,89,Released,Jaws: The Revenge,3.5,224,0,1,0,0,0,0,0,0,0,0,0,0,0,0,0,0,1,0,0,0
581,22000000,NA,en,Dances with Wolves,45.707835,11/9/90,424208848,181,Released,Dances with Wolves,7.6,1046,0,1,0,0,0,0,1,0,0,0,0,0,0,0,0,0,0,0,0,1
582,2000000,NA,de,Das Leben der Anderen,34.938177,3/15/06,7e7,137,Released,The Lives of Others,7.9,958,0,0,0,0,0,0,1,0,0,0,0,0,0,0,0,0,1,0,0,0
584,76000000,NA,en,2 Fast 2 Furious,10.520961,6/5/03,236350661,107,Released,2 Fast 2 Furious,6.2,2028,1,0,0,0,1,0,0,0,0,0,0,0,0,0,0,0,1,0,0,0
585,115000000,http://movies.disney.com/monsters-inc,en,"Monsters, Inc.",106.815545,11/1/01,562816256,92,Released,"Monsters, Inc.",7.5,5996,0,0,1,1,0,0,0,1,0,0,0,0,0,0,0,0,0,0,0,0
586,15000000,NA,en,Wag the Dog,13.581966,12/25/97,64256513,97,Released,Wag the Dog,6.7,270,0,0,0,1,0,0,1,0,0,0,0,0,0,0,0,0,0,0,0,0
587,70000000,NA,en,Big Fish,46.199482,12/25/03,122919055,125,Released,Big Fish,7.6,1994,0,1,0,0,0,0,1,0,1,0,0,0,0,0,0,0,0,0,0,0
588,50000000,http://www.sonypictures.com/homevideo/silenthill/,en,Silent Hill,32.927994,4/21/06,97607453,125,Released,Silent Hill,6.3,1067,0,0,0,0,0,0,0,0,0,0,0,1,0,1,0,0,0,0,0,0
590,25000000,NA,en,The Hours,20.953265,12/27/02,41597830,114,Released,The Hours,7,451,0,0,0,0,0,0,1,0,0,0,0,0,0,0,0,0,0,0,0,0
591,125000000,http://www.sonypictures.com/homevideo/thedavincicode/index.html,en,The Da Vinci Code,45.313197,5/17/06,767820459,149,Released,The Da Vinci Code,6.5,2704,0,0,0,0,0,0,0,0,0,0,0,0,0,1,0,0,1,0,0,0
592,1600000,NA,en,The Conversation,20.810292,4/7/74,442e4,113,Released,The Conversation,7.5,372,0,0,0,0,1,0,1,0,0,0,0,0,0,1,0,0,0,0,0,0
593,0,NA,ru,Солярис,24.132271,3/20/72,0,167,Released,Solaris,7.7,357,0,1,0,0,0,0,1,0,0,0,0,0,0,1,0,1,0,0,0,0
594,60000000,http://www.theterminal-themovie.com/,en,The Terminal,57.753914,6/17/04,219417255,128,Released,The Terminal,7,1910,0,0,0,1,0,0,1,0,0,0,0,0,0,0,0,0,0,0,0,0
595,2000000,NA,en,To Kill a Mockingbird,22.139842,12/25/62,13129846,129,Released,To Kill a Mockingbird,8,657,0,0,0,0,1,0,1,0,0,0,0,0,0,0,0,0,0,0,0,0
597,200000000,http://www.titanicmovie.com,en,Titanic,100.025899,11/18/97,1845034188,194,Released,Titanic,7.5,7562,0,0,0,0,0,0,1,0,0,0,0,0,0,0,1,0,1,0,0,0
598,3300000,http://cidadededeus.globo.com/,pt,Cidade de Deus,44.356711,2/5/02,30641770,130,Released,City of God,8.1,1814,0,0,0,0,1,0,1,0,0,0,0,0,0,0,0,0,0,0,0,0
601,10500000,http://www.et20.com/,en,E.T. the Extra-Terrestrial,56.105798,4/3/82,792910554,115,Released,E.T. the Extra-Terrestrial,7.3,3269,0,1,0,0,0,0,0,1,1,0,0,0,0,0,0,1,0,0,0,0
602,75000000,NA,en,Independence Day,60.442593,6/25/96,816969268,145,Released,Independence Day,6.7,3260,1,1,0,0,0,0,0,0,0,0,0,0,0,0,0,1,0,0,0,0
603,63000000,http://www.warnerbros.com/matrix,en,The Matrix,104.309993,3/30/99,463517383,136,Released,The Matrix,7.9,8907,1,0,0,0,0,0,0,0,0,0,0,0,0,0,0,1,0,0,0,0
604,150000000,NA,en,The Matrix Reloaded,70.78591,5/15/03,738599701,138,Released,The Matrix Reloaded,6.7,3443,1,1,0,0,0,0,0,0,0,0,0,0,0,0,0,1,1,0,0,0
605,150000000,NA,en,The Matrix Revolutions,73.313918,11/5/03,424988211,129,Released,The Matrix Revolutions,6.4,3096,1,1,0,0,0,0,0,0,0,0,0,0,0,0,0,1,1,0,0,0
606,31000000,NA,en,Out of Africa,13.864975,12/20/85,128499205,161,Released,Out of Africa,7,279,0,0,0,0,0,0,1,0,0,0,0,0,0,0,0,0,0,0,0,0
607,90000000,http://www.sonypictures.com/homevideo/meninblack/,en,Men in Black,104.121555,7/2/97,589390539,98,Released,Men in Black,6.9,4412,1,1,0,1,0,0,0,0,0,0,0,0,0,0,0,1,0,0,0,0
608,140000000,http://www.sonypictures.com/homevideo/meninblackii/,en,Men in Black II,91.332849,7/3/02,441818803,88,Released,Men in Black II,6,3114,1,1,0,1,0,0,0,0,0,0,0,0,0,0,0,1,0,0,0,0
609,10700000,NA,en,Poltergeist,36.230204,6/4/82,1222e5,114,Released,Poltergeist,7,794,0,0,0,0,0,0,0,0,0,0,0,1,0,0,0,0,0,0,0,0
612,70000000,NA,en,Munich,29.035222,12/22/05,130358911,164,Released,Munich,6.9,696,1,0,0,0,0,0,1,0,0,0,1,0,0,0,0,0,1,0,0,0
613,18339750,http://www.downfallthefilm.com/,de,Der Untergang,32.445895,9/8/04,92180910,156,Released,Downfall,7.7,1037,0,0,0,0,0,0,1,0,0,0,1,0,0,0,0,0,0,0,1,0
615,30000000,http://www.thepassionofthechrist.com/,en,The Passion of the Christ,38.171417,2/25/04,611899420,127,Released,The Passion of the Christ,6.9,864,0,0,0,0,0,0,1,0,0,0,0,0,0,0,0,0,0,0,0,0
616,140000000,NA,en,The Last Samurai,52.341226,12/5/03,456758981,154,Released,The Last Samurai,7.3,1895,1,0,0,0,0,0,1,0,0,0,1,0,0,0,0,0,0,0,1,0
617,20000000,NA,en,Wild Things,25.041992,3/20/98,672e5,108,Released,Wild Things,6.3,444,0,0,0,0,1,0,1,0,0,0,0,0,0,1,0,0,0,0,0,0
619,25000000,NA,en,The Bodyguard,26.576385,11/25/92,411006740,129,Released,The Bodyguard,6.1,661,1,0,0,0,0,0,1,0,0,0,0,0,1,0,1,0,1,0,0,0
621,6000000,NA,en,Grease,67.608041,7/7/78,181813770,110,Released,Grease,7.2,1581,0,0,0,0,0,0,0,0,0,0,0,0,0,0,1,0,0,0,0,0
622,38000000,NA,en,The Ninth Gate,30.359164,8/24/99,58401898,133,Released,The Ninth Gate,6.3,756,0,0,0,0,0,0,0,0,0,0,0,1,0,1,0,0,1,0,0,0
627,4000000,http://www.miramax.com/movie/trainspotting/,en,Trainspotting,63.513324,2/23/96,16491080,93,Released,Trainspotting,7.8,2655,0,0,0,0,1,0,1,0,0,0,0,0,0,0,0,0,0,0,0,0
628,60000000,NA,en,Interview with the Vampire,50.163785,11/11/94,223664608,123,Released,Interview with the Vampire,7.2,1516,0,0,0,0,0,0,0,0,0,0,0,1,0,0,1,0,0,0,0,0
629,6000000,http://www.mgm.com/#/our-titles/2083/The-Usual-Suspects,en,The Usual Suspects,64.025031,7/19/95,23341568,106,Released,The Usual Suspects,8.1,3254,0,0,0,0,1,0,1,0,0,0,0,0,0,0,0,0,1,0,0,0
630,2777000,http://thewizardofoz.warnerbros.com/,en,The Wizard of Oz,67.417542,8/15/39,33754967,102,Released,The Wizard of Oz,7.4,1642,0,1,0,0,0,0,0,1,1,0,0,0,0,0,0,0,0,0,0,0
634,25000000,NA,en,Bridget Jones's Diary,35.310712,4/13/01,281929795,97,Released,Bridget Jones's Diary,6.5,1356,0,0,0,1,0,0,1,0,0,0,0,0,0,0,1,0,0,0,0,0
639,16000000,NA,en,When Harry Met Sally...,18.430419,7/21/89,92823546,96,Released,When Harry Met Sally...,7.3,950,0,0,0,1,0,0,1,0,0,0,0,0,0,0,1,0,0,0,0,0
640,52000000,https://www.facebook.com/CatchMeIfYouCanMovie,en,Catch Me If You Can,73.944049,12/25/02,352114312,141,Released,Catch Me If You Can,7.7,3795,0,0,0,0,1,0,1,0,0,0,0,0,0,0,0,0,0,0,0,0
641,4500000,http://www.requiemforadream.com/,en,Requiem for a Dream,11.573034,10/27/00,7390108,102,Released,Requiem for a Dream,7.9,2443,0,0,0,0,1,0,1,0,0,0,0,0,0,0,0,0,0,0,0,0
642,6000000,NA,en,Butch Cassidy and the Sundance Kid,24.499996,9/23/69,102308889,110,Released,Butch Cassidy and the Sundance Kid,7.4,650,0,0,0,0,1,0,1,0,0,0,1,0,0,0,0,0,0,0,0,1
644,100000000,NA,en,A.I. Artificial Intelligence,34.035114,6/29/01,235926552,146,Released,A.I. Artificial Intelligence,6.8,1974,0,1,0,0,0,0,1,0,0,0,0,0,0,0,0,1,0,0,0,0
646,950000,http://www.mgm.com/#/our-titles/566/Dr.-No,en,Dr. No,48.901542,10/4/62,596e5,110,Released,Dr. No,6.9,940,1,1,0,0,0,0,0,0,0,0,0,0,0,0,0,0,1,0,0,0
650,6500000,NA,en,Boyz n the Hood,17.705671,7/12/91,57504069,112,Released,Boyz n the Hood,7.4,364,0,0,0,0,1,0,1,0,0,0,0,0,0,0,0,0,0,0,0,0
652,175000000,NA,en,Troy,66.803149,5/13/04,497409852,163,Released,Troy,6.9,2759,0,1,0,0,0,0,1,0,0,0,0,0,0,0,0,0,0,0,1,0
654,910000,NA,en,On the Waterfront,16.015599,6/22/54,96e5,108,Released,On the Waterfront,8,357,0,0,0,0,1,0,1,0,0,0,0,0,0,0,0,0,0,0,0,0
657,2000000,http://www.mgm.com/view/movie/717/From-Russia-With-Love/,en,From Russia with Love,41.298723,10/11/63,78898765,115,Released,From Russia with Love,6.9,760,1,1,0,0,0,0,0,0,0,0,0,0,0,0,0,0,1,0,0,0
658,2500000,http://www.mgm.com/view/movie/760/Goldfinger/,en,Goldfinger,47.812466,9/17/64,124881062,110,Released,Goldfinger,7.2,987,1,1,0,0,0,0,0,0,0,0,0,0,0,0,0,0,1,0,0,0
660,5500000,http://www.mgm.com/view/movie/2009/Thunderball/,en,Thunderball,31.036,12/16/65,141195658,130,Released,Thunderball,6.5,562,1,1,0,0,0,0,0,0,0,0,0,0,0,0,0,0,1,0,0,0
663,10000000,http://movies.break.com/saw4/,en,Saw IV,29.244768,10/25/07,139352633,93,Released,Saw IV,5.9,903,0,0,0,0,1,0,0,0,0,0,0,1,0,0,0,0,1,0,0,0
664,92000000,NA,en,Twister,32.079995,5/10/96,494471524,113,Released,Twister,6.1,950,1,1,0,0,0,0,1,0,0,0,0,0,0,0,0,0,0,0,0,0
666,2900000,NA,pt,Central do Brasil,5.928937,1/16/98,5596708,113,Released,Central Station,7.6,126,0,0,0,0,0,0,1,0,0,0,0,0,0,0,0,0,0,0,0,0
667,9500000,http://www.mgm.com/view/movie/2347/You-Only-Live-Twice/,en,You Only Live Twice,28.675891,6/12/67,111584787,117,Released,You Only Live Twice,6.5,531,1,1,0,0,0,0,0,0,0,0,0,0,0,0,0,0,1,0,0,0
668,6500000,http://www.mgm.com/view/movie/1411/On-Her-Majesty%E2%80%99s-Secret-Service/,en,On Her Majesty's Secret Service,25.289665,12/12/69,81974493,142,Released,On Her Majesty's Secret Service,6.5,456,1,1,0,0,0,0,0,0,0,0,0,0,0,0,0,0,1,0,0,0
670,3000000,NA,ko,올드보이,56.76349,1/1/03,14980005,120,Released,Oldboy,8,1945,1,0,0,0,0,0,1,0,0,0,0,0,0,1,0,0,1,0,0,0
671,125000000,http://harrypotter.warnerbros.com/harrypotterandthedeathlyhallows/mainsite/index.html,en,Harry Potter and the Philosopher's Stone,109.984351,11/16/01,976475550,152,Released,Harry Potter and the Philosopher's Stone,7.5,7006,0,1,0,0,0,0,0,1,1,0,0,0,0,0,0,0,0,0,0,0
672,100000000,NA,en,Harry Potter and the Chamber of Secrets,132.397737,11/13/02,876688482,161,Released,Harry Potter and the Chamber of Secrets,7.4,5815,0,1,0,0,0,0,0,1,1,0,0,0,0,0,0,0,0,0,0,0
673,130000000,NA,en,Harry Potter and the Prisoner of Azkaban,79.679601,5/31/04,789804554,141,Released,Harry Potter and the Prisoner of Azkaban,7.7,5877,0,1,0,0,0,0,0,1,1,0,0,0,0,0,0,0,0,0,0,0
674,150000000,http://harrypotter.warnerbros.com/,en,Harry Potter and the Goblet of Fire,101.250416,11/5/05,895921036,157,Released,Harry Potter and the Goblet of Fire,7.5,5608,0,1,0,0,0,0,0,1,1,0,0,0,0,0,0,0,0,0,0,0
675,150000000,http://www.harrypotterorderofthephoenix.com/,en,Harry Potter and the Order of the Phoenix,78.144395,6/28/07,938212738,138,Released,Harry Potter and the Order of the Phoenix,7.4,5494,0,1,0,0,0,0,0,1,1,0,0,0,0,1,0,0,0,0,0,0
676,140000000,NA,en,Pearl Harbor,34.20669,5/21/01,449220945,183,Released,Pearl Harbor,6.6,1791,0,0,0,0,0,0,0,0,0,0,1,0,0,0,1,0,0,0,1,0
679,18500000,NA,en,Aliens,67.66094,7/18/86,183316455,137,Released,Aliens,7.7,3220,1,0,0,0,0,0,0,0,0,0,0,1,0,0,0,1,1,0,0,0
680,8000000,NA,en,Pulp Fiction,121.463076,10/8/94,213928762,154,Released,Pulp Fiction,8.3,8428,0,0,0,0,1,0,0,0,0,0,0,0,0,0,0,0,1,0,0,0
681,7200000,http://www.mgm.com/view/movie/529/Diamonds-Are-Forever/,en,Diamonds Are Forever,34.634181,12/13/71,116019547,120,Released,Diamonds Are Forever,6.3,553,1,1,0,0,0,0,0,0,0,0,0,0,0,0,0,0,1,0,0,0
682,7000000,http://www.mgm.com/view/movie/1213/The-Man-with-the-Golden-Gun/,en,The Man with the Golden Gun,30.214716,12/1/74,97572e3,125,Released,The Man with the Golden Gun,6.3,524,1,1,0,0,0,0,0,0,0,0,0,0,0,0,0,0,1,0,0,0
686,90000000,http://www.warnerbros.com/contact,en,Contact,55.249434,7/11/97,171120329,150,Released,Contact,7.2,1308,0,0,0,0,0,0,1,0,0,0,0,0,0,1,0,1,0,0,0,0
687,11000000,NA,en,Dead Man Walking,15.864928,12/29/95,39363635,122,Released,Dead Man Walking,7.3,337,0,0,0,0,0,0,1,0,0,0,0,0,0,0,0,0,0,0,0,0
688,24000000,NA,en,The Bridges of Madison County,17.606087,5/28/95,182016617,135,Released,The Bridges of Madison County,7.3,385,0,0,0,0,0,0,1,0,0,0,0,0,0,0,1,0,0,0,0,0
691,14000000,http://www.mgm.com/view/movie/1891/The-Spy-Who-Loved-Me/,en,The Spy Who Loved Me,27.17347,7/7/77,185438673,NA,Released,The Spy Who Loved Me,6.6,507,1,1,0,0,0,0,0,0,0,0,0,0,0,0,0,0,1,0,0,0
692,12000,NA,en,Pink Flamingos,4.553644,3/12/72,6e6,93,Released,Pink Flamingos,6.2,110,0,0,0,1,1,0,0,0,0,0,0,1,0,0,0,0,0,0,0,0
693,80000000,http://www.meetthefockers.com/index.php,en,Meet the Fockers,32.829538,12/22/04,516642939,115,Released,Meet the Fockers,6.1,1373,0,0,0,1,0,0,0,0,0,0,0,0,0,0,1,0,0,0,0,0
694,19000000,NA,en,The Shining,78.699993,5/22/80,44017374,144,Released,The Shining,8.1,3757,0,0,0,0,0,0,0,0,0,0,0,1,0,0,0,0,1,0,0,0
698,34000000,http://www.mgm.com/view/movie/1292/Moonraker/,en,Moonraker,29.887404,6/26/79,210308099,126,Released,Moonraker,5.9,541,1,1,0,0,0,0,0,0,0,0,0,0,0,0,0,1,1,0,0,0
699,28000000,http://www.mgm.com/view/movie/695/For-Your-Eyes-Only/,en,For Your Eyes Only,26.090746,6/23/81,195312802,127,Released,For Your Eyes Only,6.3,490,1,1,0,0,0,0,0,0,0,0,0,0,0,0,0,0,1,0,0,0
700,27500000,http://www.mgm.com/view/movie/1394/Octopussy/,en,Octopussy,25.633663,6/5/83,1875e5,131,Released,Octopussy,6.2,527,1,1,0,0,0,0,0,0,0,0,0,0,0,0,0,0,1,0,0,0
702,1800000,NA,en,A Streetcar Named Desire,14.884756,9/18/51,8e6,125,Released,A Streetcar Named Desire,7.6,281,0,0,0,0,0,0,1,0,0,0,0,0,0,0,0,0,0,0,0,0
703,4000000,NA,en,Annie Hall,35.892034,4/19/77,38251425,93,Released,Annie Hall,7.8,1010,0,0,0,1,0,0,1,0,0,0,0,0,0,0,1,0,0,0,0,0
704,560000,http://www.thebeatles.com/film/hard-days-night,en,A Hard Day's Night,10.730056,7/6/64,12299668,88,Released,A Hard Day's Night,7.3,168,0,0,0,1,0,0,0,0,0,0,0,0,1,0,0,0,0,0,0,0
707,30000000,http://www.mgm.com/view/movie/2101/A-View-to-a-Kill/,en,A View to a Kill,27.230493,5/24/85,152427960,131,Released,A View to a Kill,6,506,1,1,0,0,0,0,0,0,0,0,0,0,0,0,0,0,1,0,0,0
708,40000000,http://www.mgm.com/view/movie/1132/The-Living-Daylights/,en,The Living Daylights,23.331459,6/29/87,191185897,130,Released,The Living Daylights,6.2,440,1,1,0,0,0,0,0,0,0,0,0,0,0,0,0,0,1,0,0,0
709,32000000,http://www.mgm.com/view/movie/1111/License-to-Kill/,en,Licence to Kill,28.22119,7/7/89,156167015,133,Released,Licence to Kill,5.9,541,1,1,0,0,0,0,0,0,0,0,0,0,0,0,0,0,1,0,0,0
710,58000000,http://www.mgm.com/view/movie/757/Goldeneye/,en,GoldenEye,59.824565,11/16/95,352194034,130,Released,GoldenEye,6.6,1174,1,1,0,0,0,0,0,0,0,0,0,0,0,0,0,0,1,0,0,0
711,43000000,NA,en,Finding Forrester,19.043286,12/21/00,80049764,136,Released,Finding Forrester,7,302,0,0,0,0,0,0,1,0,0,0,0,0,0,0,0,0,0,0,0,0
712,6000000,http://workingtitlefilms.com/film.php?filmID=59,en,Four Weddings and a Funeral,29.834065,3/9/94,254700832,117,Released,Four Weddings and a Funeral,6.6,632,0,0,0,1,0,0,1,0,0,0,0,0,0,0,1,0,0,0,0,0
713,7000000,NA,en,The Piano,17.681707,5/19/93,1167e5,121,Released,The Piano,7.1,281,0,0,0,0,0,0,1,0,0,0,0,0,0,0,1,0,0,0,0,0
714,110000000,http://www.mgm.com/view/movie/2029/Tomorrow-Never-Dies/,en,Tomorrow Never Dies,42.887121,12/11/97,333011068,119,Released,Tomorrow Never Dies,6,925,1,1,0,0,0,0,0,0,0,0,0,0,0,0,0,0,1,0,0,0
744,15000000,NA,en,Top Gun,58.900647,5/16/86,356830601,110,Released,Top Gun,6.7,1698,1,0,0,0,0,0,0,0,0,0,0,0,0,0,1,0,0,0,1,0
745,40000000,NA,en,The Sixth Sense,73.085576,8/6/99,672806292,107,Released,The Sixth Sense,7.7,3147,0,0,0,0,0,0,1,0,0,0,0,0,0,1,0,0,1,0,0,0
746,23000000,NA,en,The Last Emperor,21.189028,10/21/87,43984230,163,Released,The Last Emperor,7.4,355,0,0,0,0,0,0,1,0,0,0,1,0,0,0,0,0,0,0,0,0
747,4000000,NA,en,Shaun of the Dead,49.12486,4/9/04,30039392,99,Released,Shaun of the Dead,7.5,2420,0,0,0,1,0,0,0,0,0,0,0,1,0,0,0,0,0,0,0,0
752,54000000,http://vforvendetta.warnerbros.com/,en,V for Vendetta,84.630969,3/15/06,132511035,132,Released,V for Vendetta,7.7,4442,1,0,0,0,0,0,0,0,1,0,0,0,0,0,0,0,1,0,0,0
754,80000000,NA,en,Face/Off,46.075037,6/27/97,245676146,138,Released,Face/Off,6.8,1583,1,0,0,0,1,0,0,0,0,0,0,0,0,0,0,1,1,0,0,0
755,19000000,http://www.miramax.com/movie/from-dusk-till-dawn/,en,From Dusk Till Dawn,64.181668,1/19/96,25836616,108,Released,From Dusk Till Dawn,6.9,1603,1,0,0,0,1,0,0,0,0,0,0,1,0,0,0,0,1,0,0,0
756,2280000,http://movies.disney.com/fantasia,en,Fantasia,32.875469,11/13/40,8332e4,124,Released,Fantasia,7.2,808,0,0,1,0,0,0,0,1,0,0,0,0,1,0,0,0,0,0,0,0
762,400000,http://www.sonypictures.com/cthe/montypython/,en,Monty Python and the Holy Grail,64.782984,3/13/75,5028948,91,Released,Monty Python and the Holy Grail,7.8,1708,0,1,0,1,0,0,0,0,1,0,0,0,0,0,0,0,0,0,0,0
764,350000,NA,en,The Evil Dead,35.037625,10/15/81,294e5,85,Released,The Evil Dead,7.3,894,0,0,0,0,0,0,0,0,0,0,0,1,0,0,0,0,0,0,0,0
765,3600000,NA,en,Evil Dead II,35.674774,3/13/87,5923044,84,Released,Evil Dead II,7.6,742,0,0,0,1,0,0,0,0,1,0,0,1,0,0,0,0,0,0,0,0
766,11000000,NA,en,Army of Darkness,33.758281,10/9/92,0,81,Released,Army of Darkness,7.3,838,0,0,0,1,0,0,0,0,1,0,0,1,0,0,0,0,0,0,0,0
767,250000000,http://harrypotter.warnerbros.com/harrypotterandthehalf-bloodprince/dvd/index.html,en,Harry Potter and the Half-Blood Prince,98.885637,7/7/09,933959197,153,Released,Harry Potter and the Half-Blood Prince,7.4,5293,0,1,0,0,0,0,0,1,1,0,0,0,0,0,0,0,0,0,0,0
768,35000000,NA,en,From Hell,26.134678,10/19/01,74558115,122,Released,From Hell,6.6,741,0,0,0,0,0,0,0,0,0,0,0,1,0,1,0,0,1,0,0,0
769,25000000,http://www.warnerbros.com/goodfellas,en,GoodFellas,63.654244,9/12/90,46836394,145,Released,GoodFellas,8.2,3128,0,0,0,0,1,0,1,0,0,0,0,0,0,0,0,0,0,0,0,0
770,4000000,NA,en,Gone with the Wind,48.98255,12/15/39,400176459,238,Released,Gone with the Wind,7.7,970,0,0,0,0,0,0,1,0,0,0,0,0,0,0,1,0,0,0,1,0
771,18000000,https://www.foxconnect.com/home-alone-4.html,en,Home Alone,2.186927,11/9/90,476684675,103,Released,Home Alone,7.1,2414,0,0,0,1,0,0,0,1,0,0,0,0,0,0,0,0,0,0,0,0
772,18000000,NA,en,Home Alone 2: Lost in New York,81.487685,11/19/92,358991681,120,Released,Home Alone 2: Lost in New York,6.3,2395,0,1,0,1,1,0,0,1,0,0,0,0,0,0,0,0,0,0,0,0
773,8000000,http://www.foxsearchlight.com/littlemisssunshine/,en,Little Miss Sunshine,14.793177,7/26/06,100523181,102,Released,Little Miss Sunshine,7.5,1686,0,0,0,1,0,0,1,0,0,0,0,0,0,0,0,0,0,0,0,0
782,36000000,NA,en,Gattaca,70.398356,9/7/97,12532777,106,Released,Gattaca,7.5,1808,0,0,0,0,0,0,0,0,0,0,0,0,0,1,1,1,1,0,0,0
783,22000000,NA,en,Gandhi,35.227212,11/30/82,77737889,191,Released,Gandhi,7.4,716,0,0,0,0,0,0,1,0,0,0,1,0,0,0,0,0,0,0,0,0
786,60000000,NA,en,Almost Famous,21.547446,9/15/00,47383689,122,Released,Almost Famous,7.4,797,0,0,0,0,0,0,1,0,0,0,0,0,1,0,0,0,0,0,0,0
787,110000000,NA,en,Mr. & Mrs. Smith,44.635452,6/7/05,478207520,120,Released,Mr. & Mrs. Smith,6.5,2965,1,0,0,1,0,0,1,0,0,0,0,0,0,0,0,0,1,0,0,0
788,25000000,NA,en,Mrs. Doubtfire,30.884535,11/24/93,441286195,125,Released,Mrs. Doubtfire,7,1591,0,0,0,1,0,0,1,1,0,0,0,0,0,0,0,0,0,0,0,0
790,1000000,http://www.theofficialjohncarpenter.com/the-fog/,en,The Fog,14.518598,2/8/80,21378361,89,Released,The Fog,6.4,311,0,0,0,0,0,0,0,0,0,0,0,1,0,0,0,0,0,0,0,0
792,6000000,NA,en,Platoon,49.802914,12/18/86,138530565,120,Released,Platoon,7.5,1205,1,0,0,0,0,0,1,0,0,0,0,0,0,0,0,0,0,0,1,0
794,2800000,NA,en,The Omen,25.939385,6/6/76,60922980,111,Released,The Omen,7.2,476,0,0,0,0,0,0,0,0,0,0,0,1,0,0,0,0,1,0,0,0
795,55000000,NA,en,City of Angels,21.272734,4/10/98,198685114,114,Released,City of Angels,6.4,529,0,0,0,0,0,0,1,0,1,0,0,0,0,0,1,0,0,0,0,0
796,10500000,NA,en,Cruel Intentions,23.449703,3/5/99,75902208,97,Released,Cruel Intentions,6.6,827,0,0,0,0,0,0,1,0,0,0,0,0,0,0,1,0,1,0,0,0
801,13000000,NA,en,"Good Morning, Vietnam",18.362333,12/23/87,123922370,121,Released,"Good Morning, Vietnam",7.1,642,0,0,0,1,0,0,1,0,0,0,0,0,0,0,0,0,0,0,1,0
802,2000000,NA,en,Lolita,23.962109,6/13/62,925e4,153,Released,Lolita,7.3,395,0,0,0,0,0,0,1,0,0,0,0,0,0,0,1,0,0,0,0,0
805,3200000,NA,en,Rosemary's Baby,26.180367,6/12/68,33395426,136,Released,Rosemary's Baby,7.5,863,0,0,0,0,0,0,1,0,0,0,0,1,0,1,0,0,0,0,0,0
807,33000000,http://www.sevenmovie.com/,en,Se7en,79.579532,9/22/95,327311859,127,Released,Se7en,8.1,5765,0,0,0,0,1,0,0,0,0,0,0,0,0,1,0,0,1,0,0,0
808,60000000,http://www.shrek.com/,en,Shrek,67.298732,5/16/01,484409218,90,Released,Shrek,7.3,4056,0,1,1,1,0,0,0,1,1,0,0,0,0,0,0,0,0,0,0,0
809,150000000,http://www.shrek2.com/,en,Shrek 2,47.320801,5/19/04,919838758,93,Released,Shrek 2,6.7,2988,0,1,1,1,0,0,0,1,1,0,0,0,0,0,0,0,0,0,0,0
810,160000000,http://www.shrekthethird.com/flash/index.html,en,Shrek the Third,42.986467,5/17/07,798958165,93,Released,Shrek the Third,6,2278,0,1,1,1,0,0,0,1,1,0,0,0,0,0,0,0,0,0,0,0
811,1000000,NA,en,Silent Running,11.095414,3/9/72,0,89,Released,Silent Running,6.3,177,0,1,0,0,0,0,1,0,0,0,0,0,0,0,0,1,0,0,0,0
812,28000000,http://movies.disney.com/aladdin,en,Aladdin,92.982009,11/25/92,504050219,90,Released,Aladdin,7.4,3416,0,1,1,1,0,0,0,1,1,0,0,0,0,0,1,0,0,0,0,0
813,3500000,NA,en,Airplane!,46.116885,7/2/80,83453539,88,Released,Airplane!,7.1,1074,0,0,0,1,0,0,0,0,0,0,0,0,0,0,0,0,0,0,0,0
816,16500000,NA,en,Austin Powers: International Man of Mystery,36.15716,5/2/97,67683989,94,Released,Austin Powers: International Man of Mystery,6.5,1013,0,0,0,1,1,0,0,0,0,0,0,0,0,0,0,1,0,0,0,0
817,33000000,NA,en,Austin Powers: The Spy Who Shagged Me,18.316151,6/8/99,310940086,95,Released,Austin Powers: The Spy Who Shagged Me,6.2,1011,0,1,0,1,1,0,0,0,0,0,0,0,0,0,0,1,0,0,0,0
818,63000000,http://www.austinpowers.com/,en,Austin Powers in Goldmember,40.137264,7/26/02,296655431,94,Released,Austin Powers in Goldmember,5.9,979,0,0,0,1,1,0,0,0,0,0,0,0,0,0,0,1,0,0,0,0
819,44000000,NA,en,Sleepers,16.245068,10/18/96,165615285,147,Released,Sleepers,7.3,715,0,0,0,0,1,0,1,0,0,0,0,0,0,0,0,0,1,0,0,0
820,40000000,NA,en,JFK,26.82041,12/20/91,205405498,189,Released,JFK,7.5,502,0,0,0,0,0,0,1,0,0,0,1,0,0,0,0,0,1,0,0,0
821,3000000,NA,en,Judgment at Nuremberg,13.338539,12/1/61,1e7,186,Released,Judgment at Nuremberg,7.6,155,0,0,0,0,0,0,1,0,0,0,1,0,0,0,0,0,0,0,0,0
824,52500000,NA,en,Moulin Rouge!,57.374341,3/9/01,179213434,127,Released,Moulin Rouge!,7.4,1300,0,0,0,0,0,0,1,0,0,0,0,0,1,0,1,0,0,0,0,0
826,3000000,NA,en,The Bridge on the River Kwai,23.109959,10/2/57,333e5,161,Released,The Bridge on the River Kwai,7.7,542,0,0,0,0,0,0,1,0,0,0,1,0,0,0,0,0,0,0,1,0
834,50000000,http://www.sonypictures.com/movies/underworldawakening/,en,Underworld: Evolution,49.020045,1/12/06,111340801,106,Released,Underworld: Evolution,6.4,1528,1,0,0,0,0,0,0,0,1,0,0,0,0,0,0,1,1,0,0,0
837,5952000,NA,en,Videodrome,18.119265,2/4/83,2120439,87,Released,Videodrome,7.1,454,0,0,0,0,0,0,0,0,0,0,0,1,0,1,0,1,0,0,0,0
838,777000,NA,en,American Graffiti,19.326115,8/1/73,14e7,110,Released,American Graffiti,6.9,324,0,0,0,1,0,0,1,0,0,0,0,0,0,0,0,0,0,0,0,0
840,20000000,NA,en,Close Encounters of the Third Kind,52.456505,11/16/77,303788635,135,Released,Close Encounters of the Third Kind,7.2,1098,0,0,0,0,0,0,1,0,0,0,0,0,0,0,0,1,0,0,0,0
841,40000000,NA,en,Dune,25.876582,12/14/84,30925690,137,Released,Dune,6.5,562,1,1,0,0,0,0,0,0,0,0,0,0,0,0,0,1,0,0,0,0
844,12000000,http://www.wkw2046.com/,zh,2046,12.664787,5/20/04,19271312,129,Released,2046,6.9,206,0,0,0,0,0,0,1,0,1,0,0,0,0,0,1,1,0,0,0,0
846,66000000,NA,en,The X Files,18.59991,6/19/98,189198313,121,Released,The X Files,6.6,488,0,0,0,0,0,0,0,0,0,0,0,0,0,1,0,1,1,0,0,0
848,18000000,NA,en,Dragonslayer,3.258422,6/26/81,14110013,108,Released,Dragonslayer,6.5,67,0,0,0,0,0,0,0,0,1,0,0,0,0,0,0,0,0,0,0,0
849,27000000,NA,en,Krull,9.904881,7/29/83,16519460,117,Released,Krull,5.8,129,1,1,0,0,0,0,0,0,1,0,0,0,0,0,0,0,0,0,0,0
850,0,NA,en,A Christmas Story,15.128316,11/18/83,19294144,94,Released,A Christmas Story,7.4,344,0,0,0,1,0,0,0,1,0,0,0,0,0,0,0,0,0,0,0,0
853,68000000,NA,en,Enemy at the Gates,41.273567,3/13/01,96976270,131,Released,Enemy at the Gates,7.2,999,0,0,0,0,0,0,0,0,0,0,0,0,0,0,0,0,0,0,1,0
854,23000000,NA,en,The Mask,85.30318,7/29/94,351583407,101,Released,The Mask,6.6,2472,0,0,0,1,1,0,0,0,1,0,0,0,0,0,1,0,0,0,0,0
855,92000000,NA,en,Black Hawk Down,44.455166,12/28/01,172989651,144,Released,Black Hawk Down,7.2,1811,1,0,0,0,0,0,0,0,0,0,1,0,0,0,0,0,0,0,1,0
857,70000000,NA,en,Saving Private Ryan,76.041867,7/24/98,481840909,169,Released,Saving Private Ryan,7.9,5048,0,0,0,0,0,0,1,0,0,0,1,0,0,0,0,0,0,0,1,0
859,14000000,NA,en,Dangerous Liaisons,14.480628,12/16/88,34670720,119,Released,Dangerous Liaisons,7,257,0,0,0,0,0,0,1,0,0,0,0,0,0,0,1,0,0,0,0,0
860,12000000,http://www.mgm.com/title_title.do?title_star=WARGAMES,en,WarGames,23.161754,6/3/83,79567667,114,Released,WarGames,7,504,0,0,0,0,0,0,0,0,0,0,0,0,0,0,0,1,1,0,0,0
861,65000000,NA,en,Total Recall,43.129703,6/1/90,261317921,113,Released,Total Recall,7.1,1710,1,1,0,0,0,0,0,0,0,0,0,0,0,0,0,1,0,0,0,0
862,30000000,http://toystory.disney.com/toy-story,en,Toy Story,73.640445,10/30/95,373554033,81,Released,Toy Story,7.7,5269,0,0,1,1,0,0,0,1,0,0,0,0,0,0,0,0,0,0,0,0
863,90000000,http://toystory.disney.com/toy-story-2,en,Toy Story 2,73.575118,10/30/99,497366869,92,Released,Toy Story 2,7.3,3806,0,0,1,1,0,0,0,1,0,0,0,0,0,0,0,0,0,0,0,0
864,14000000,NA,en,Cool Runnings,22.409117,9/30/93,154864401,NA,Released,Cool Runnings,6.8,491,0,0,0,1,0,0,0,0,0,0,0,0,0,0,0,0,0,0,0,0
865,27000000,NA,en,The Running Man,30.131498,11/13/87,38122105,101,Released,The Running Man,6.4,703,1,0,0,0,0,0,0,0,0,0,0,0,0,0,0,1,0,0,0,0
866,25000000,NA,en,Finding Neverland,34.160448,10/17/04,116766556,106,Released,Finding Neverland,7.2,1223,0,0,0,0,0,0,1,0,0,0,0,0,0,0,0,0,0,0,0,0
868,3000000,http://www.tsotsimovie.com/,af,Tsotsi,2.504169,8/18/05,9879971,94,Released,Tsotsi,6.9,94,0,0,0,0,1,0,1,0,0,0,0,0,0,0,0,0,0,0,0,0
869,100000000,NA,en,Planet of the Apes,51.188633,7/25/01,362211740,119,Released,Planet of the Apes,5.6,1243,1,1,0,0,0,0,0,0,0,0,0,0,0,0,0,1,1,0,0,0
872,2540800,NA,en,Singin' in the Rain,36.556954,4/10/52,72e5,103,Released,Singin' in the Rain,7.8,727,0,0,0,1,0,0,0,0,0,0,0,0,1,0,1,0,0,0,0,0
873,15000000,NA,en,The Color Purple,17.571533,12/18/85,146292009,154,Released,The Color Purple,7.7,338,0,0,0,0,0,0,1,0,0,0,0,0,0,0,0,0,0,0,0,0
874,3900000,NA,en,A Man for All Seasons,9.541688,12/12/66,2835e4,120,Released,A Man for All Seasons,7.5,89,0,0,0,0,0,0,1,0,0,0,1,0,0,0,0,0,0,0,0,0
879,70000000,NA,en,Hook,33.648404,12/11/91,300854823,144,Released,Hook,6.6,1532,0,1,0,1,0,0,0,1,1,0,0,0,0,0,0,0,0,0,0,0
881,40000000,http://www.sonypictures.com/movies/afewgoodmen/,en,A Few Good Men,40.379966,12/11/92,243240178,138,Released,A Few Good Men,7.1,877,0,0,0,0,0,0,1,0,0,0,0,0,0,0,0,0,0,0,0,0
887,2100000,NA,en,The Best Years of Our Lives,8.38717,12/25/46,2365e4,172,Released,The Best Years of Our Lives,7.6,143,0,0,0,0,0,0,1,0,0,0,1,0,0,0,1,0,0,0,0,0
888,46000000,NA,en,The Flintstones,28.964162,5/26/94,341631208,91,Released,The Flintstones,5,543,0,0,0,1,0,0,0,1,1,0,0,0,0,0,0,0,0,0,0,0
889,83000000,http://www.vivarockvegas.com/,en,The Flintstones in Viva Rock Vegas,6.248309,4/28/00,59468275,90,Released,The Flintstones in Viva Rock Vegas,4.4,134,0,0,0,1,0,0,0,1,0,0,0,0,0,0,1,1,0,0,0,0
905,0,NA,de,Die Büchse der Pandora,1.824184,1/30/29,0,109,Released,Pandora's Box,7.6,45,0,0,0,0,0,0,1,0,0,0,0,0,0,0,1,0,1,0,0,0
907,11000000,NA,en,Doctor Zhivago,12.854853,12/22/65,111858363,197,Released,Doctor Zhivago,7.4,247,0,0,0,0,0,0,1,0,0,0,0,0,0,0,1,0,0,0,1,0
913,48000000,NA,en,The Thomas Crown Affair,18.102572,8/6/99,124305181,113,Released,The Thomas Crown Affair,6.6,339,0,0,0,0,1,0,1,0,0,0,0,0,0,0,1,0,0,0,0,0
920,120000000,http://disney.go.com/disneyvideos/animatedfilms/cars/,en,Cars,82.643036,6/8/06,461983149,117,Released,Cars,6.6,3877,0,1,1,1,0,0,0,1,0,0,0,0,0,0,0,0,0,0,0,0
921,88000000,http://www.cinderellamanmovie.com/index.php,en,Cinderella Man,24.100863,6/2/05,108539911,144,Released,Cinderella Man,7.3,616,0,0,0,0,0,0,1,0,0,0,1,0,0,0,1,0,0,0,0,0
924,28000000,http://www.dawnofthedeadmovie.net/,en,Dawn of the Dead,44.529429,3/19/04,102356381,101,Released,Dawn of the Dead,6.8,1016,1,0,0,0,0,0,0,0,1,0,0,1,0,0,0,0,0,0,0,0
925,6500000,NA,en,Do the Right Thing,15.580335,6/30/89,37295445,120,Released,Do the Right Thing,7.6,292,0,0,0,0,0,0,1,0,0,0,0,0,0,0,0,0,0,0,0,0
926,45000000,NA,en,Galaxy Quest,30.816341,12/23/99,90683916,102,Released,Galaxy Quest,6.9,710,0,0,0,1,0,0,0,1,0,0,0,0,0,0,0,1,0,0,0,0
927,11000000,NA,en,Gremlins,45.072136,6/7/84,153083102,106,Released,Gremlins,6.9,1596,0,0,0,1,0,0,0,0,1,0,0,1,0,0,0,0,0,0,0,0
928,50000000,NA,en,Gremlins 2: The New Batch,33.98637,6/15/90,41482207,106,Released,Gremlins 2: The New Batch,6.2,652,0,0,0,1,0,0,0,0,1,0,0,1,0,0,0,0,0,0,0,0
935,1800000,NA,en,Dr. Strangelove or: How I Learned to Stop Worrying and Love the Bomb,41.996783,1/29/64,9440272,95,Released,Dr. Strangelove or: How I Learned to Stop Worrying and Love the Bomb,8,1442,0,0,0,1,0,0,1,0,0,0,0,0,0,0,0,0,0,0,1,0
943,35000000,NA,en,Lethal Weapon 3,36.172182,5/15/92,321731527,118,Released,Lethal Weapon 3,6.4,811,1,1,0,1,1,0,0,0,0,0,0,0,0,0,0,0,1,0,0,0
944,140000000,NA,en,Lethal Weapon 4,24.855701,7/10/98,285444603,127,Released,Lethal Weapon 4,6.3,767,1,1,0,1,1,0,0,0,0,0,0,0,0,0,0,0,1,0,0,0
947,15000000,NA,en,Lawrence of Arabia,41.286336,12/10/62,69995385,216,Released,Lawrence of Arabia,7.8,851,0,1,0,0,0,0,1,0,0,0,1,0,0,0,0,0,0,0,1,0
948,300000,http://www.theofficialjohncarpenter.com/halloween/,en,Halloween,30.301307,10/25/78,7e7,91,Released,Halloween,7.4,1035,0,0,0,0,0,0,0,0,0,0,0,1,0,0,0,0,1,0,0,0
950,80000000,http://www.iceagemovies.com/films/ice-age-the-meltdown,en,Ice Age: The Meltdown,85.115058,3/23/06,660940780,91,Released,Ice Age: The Meltdown,6.5,2951,0,1,1,1,0,0,0,1,0,0,0,0,0,0,0,0,0,0,0,0
951,15000000,NA,en,Kindergarten Cop,5.411154,12/21/90,201957688,111,Released,Kindergarten Cop,5.8,628,0,0,0,1,0,0,0,0,0,0,0,0,0,0,0,0,0,0,0,0
953,75000000,NA,en,Madagascar,48.110909,5/25/05,532680671,86,Released,Madagascar,6.6,3237,0,0,1,0,0,0,0,1,0,0,0,0,0,0,0,0,0,0,0,0
954,80000000,http://www.missionimpossible.com/,en,Mission: Impossible,75.290998,5/22/96,457696359,110,Released,Mission: Impossible,6.7,2631,1,1,0,0,0,0,0,0,0,0,0,0,0,0,0,0,1,0,0,0
955,125000000,http://www.missionimpossible.com/,en,Mission: Impossible II,54.931334,5/24/00,546388105,123,Released,Mission: Impossible II,5.9,1928,1,1,0,0,0,0,0,0,0,0,0,0,0,0,0,0,1,0,0,0
956,150000000,http://www.missionimpossible.com/,en,Mission: Impossible III,63.079003,5/3/06,397850012,126,Released,Mission: Impossible III,6.5,2028,1,1,0,0,0,0,0,0,0,0,0,0,0,0,0,0,1,0,0,0
957,22700000,http://www.mgm.com/view/movie/1873/Spaceballs/,en,Spaceballs,39.890798,6/24/87,38119483,96,Released,Spaceballs,6.7,902,0,0,0,1,0,0,0,0,0,0,0,0,0,0,0,1,0,0,0,0
978,70000000,NA,en,Seven Years in Tibet,16.92991,9/12/97,131457682,136,Released,Seven Years in Tibet,7,630,0,1,0,0,0,0,1,0,0,0,1,0,0,0,0,0,0,0,0,0
979,0,NA,fr,Irréversible,32.476098,5/22/02,792,97,Released,Irreversible,7.1,538,0,0,0,0,1,0,1,0,0,0,0,0,0,1,0,0,1,0,0,0
985,10000,NA,en,Eraserhead,20.399578,3/19/77,7e6,89,Released,Eraserhead,7.5,485,0,0,0,0,0,0,1,0,1,0,0,1,0,0,0,1,0,0,0,0
987,4000000,NA,en,The Front Page,4.117968,12/1/74,0,105,Released,The Front Page,6.9,68,0,0,0,1,0,0,1,0,0,0,0,0,0,0,1,0,0,0,0,0
990,2000000,NA,en,The Hustler,17.639478,9/25/61,76e5,134,Released,The Hustler,7.6,240,0,0,0,0,0,0,1,0,0,0,0,0,0,0,0,0,0,0,0,0
1018,15000000,NA,en,Mulholland Drive,31.60985,5/16/01,20117339,147,Released,Mulholland Drive,7.6,1477,0,0,0,0,0,0,1,0,0,0,0,0,0,1,0,0,1,0,0,0
1024,5000000,http://www.miramax.com/movie/heavenly-creatures,en,Heavenly Creatures,8.753409,9/2/94,3049135,99,Released,Heavenly Creatures,7,294,0,0,0,0,0,0,1,0,1,0,0,0,0,0,0,0,0,0,0,0
1051,1800000,NA,en,The French Connection,15.978136,10/9/71,41158757,104,Released,The French Connection,7.4,422,1,0,0,0,1,0,0,0,0,0,0,0,0,0,0,0,1,0,0,0
1073,21500000,NA,en,Arlington Road,12.819447,3/19/99,0,117,Released,Arlington Road,7,239,0,0,0,0,0,0,1,0,0,0,0,0,0,1,0,0,1,0,0,0
1088,8000000,http://www.whaleriderthemovie.com/,en,Whale Rider,12.439495,1/30/03,414e5,101,Released,Whale Rider,7.1,111,0,0,0,0,0,0,1,1,0,0,0,0,0,0,0,0,0,0,0,0
1090,16000000,NA,en,The Thirteenth Floor,19.890428,4/16/99,18564088,100,Released,The Thirteenth Floor,6.8,378,0,0,0,0,0,0,0,0,0,0,0,0,0,1,0,1,1,0,0,0
1091,15000000,http://www.theofficialjohncarpenter.com/the-thing/,en,The Thing,52.731379,6/25/82,19629760,109,Released,The Thing,7.8,1588,0,0,0,0,0,0,0,0,0,0,0,1,0,1,0,1,0,0,0,0
1103,6000000,http://www.theofficialjohncarpenter.com/escape-from-new-york/,en,Escape from New York,24.351305,5/22/81,50244700,99,Released,Escape from New York,6.9,703,1,0,0,0,0,0,0,0,0,0,0,0,0,0,0,1,0,0,0,0
1116,6500000,NA,en,The Wind That Shakes the Barley,6.787967,5/18/06,22889018,124,Released,The Wind That Shakes the Barley,7.1,154,0,0,0,0,0,0,1,0,0,0,1,0,0,0,0,0,0,0,1,0
1123,0,NA,en,Catch a Fire,4.052219,10/27/06,4291965,101,Released,Catch a Fire,6.4,25,1,0,0,0,0,0,1,0,0,0,0,0,0,0,0,0,1,0,0,0
1124,40000000,http://wwws.warnerbros.de/theprestige/,en,The Prestige,74.440708,10/19/06,109676311,130,Released,The Prestige,8,4391,0,0,0,0,0,0,1,0,0,0,0,0,0,1,0,0,1,0,0,0
1125,70000000,http://www.dreamgirlsmovie.com/,en,Dreamgirls,14.486311,12/25/06,154937680,134,Released,Dreamgirls,6.6,284,0,0,0,0,0,0,1,0,0,0,0,0,0,0,0,0,0,0,0,0
1164,25000000,NA,en,Babel,25.785925,9/8/06,135330182,143,Released,Babel,6.9,1055,0,0,0,0,0,0,1,0,0,0,0,0,0,0,0,0,0,0,0,0
1165,15000000,http://www.thequeenmovie.co.uk/,en,The Queen,19.113278,9/15/06,123384128,103,Released,The Queen,6.8,338,0,0,0,0,0,0,1,0,0,0,0,0,0,0,0,0,0,0,0,0
1213,40000000,http://www.miramax.com/movie/the-talented-mr-ripley/,en,The Talented Mr. Ripley,31.385257,12/25/99,128798265,139,Released,The Talented Mr. Ripley,7,767,0,0,0,0,1,0,1,0,0,0,0,0,0,0,0,0,1,0,0,0
1245,11500000,NA,en,The Remains of the Day,15.355589,11/5/93,23237911,134,Released,The Remains of the Day,7.5,202,0,0,0,0,0,0,1,0,0,0,0,0,0,0,1,0,0,0,0,0
1246,24000000,http://www.rocky.com/,en,Rocky Balboa,30.445257,12/20/06,155721132,102,Released,Rocky Balboa,6.5,835,0,0,0,0,0,0,1,0,0,0,0,0,0,0,0,0,0,0,0,0
1248,50000000,http://hannibalrising.com/,en,Hannibal Rising,6.567065,2/6/07,82169884,121,Released,Hannibal Rising,6,654,0,0,0,0,1,0,1,0,0,0,0,0,0,0,0,0,1,0,0,0
1250,110000000,http://www.sonypictures.com/movies/ghostrider/,en,Ghost Rider,46.834704,2/16/07,228738393,114,Released,Ghost Rider,5.2,1712,1,0,0,0,0,0,0,0,1,0,0,1,0,0,0,0,1,0,0,0
1251,19000000,http://iwojimathemovie.warnerbros.com/lettersofiwojima/framework/framework.html,en,Letters from Iwo Jima,24.47248,12/19/06,68673228,141,Released,Letters from Iwo Jima,7.2,541,1,1,0,0,0,0,1,0,0,0,0,0,0,0,0,0,0,0,1,0
1255,11000000,http://www.hostmovie.com/,ko,괴물,27.65527,7/27/06,88489643,119,Released,The Host,6.7,537,0,0,0,0,0,0,1,0,0,0,0,1,0,0,0,1,0,0,0,0
1257,0,http://www.becauseisaidsomovie.com/index_intro.htm,en,Because I Said So,18.678415,2/2/07,69485490,102,Released,Because I Said So,5.8,191,0,0,0,1,0,0,0,0,0,0,0,0,0,0,0,0,0,0,0,0
1259,15000000,http://www.foxsearchlight.com/NOAS/,en,Notes on a Scandal,12.576381,12/25/06,49469904,92,Released,Notes on a Scandal,6.9,235,0,0,0,0,0,0,1,0,0,0,0,0,0,0,1,0,0,0,0,0
1262,30000000,http://www.sonypictures.com/homevideo/strangerthanfiction/,en,Stranger Than Fiction,32.26789,9/9/06,53653224,113,Released,Stranger Than Fiction,7.1,721,0,0,0,1,0,0,1,0,1,0,0,0,0,0,1,0,0,0,0,0
1265,60000000,http://disney.go.com/disneyvideos/liveaction/bridgetoterabithia/,en,Bridge to Terabithia,40.646102,2/16/07,137587063,96,Released,Bridge to Terabithia,7,1113,0,1,0,0,0,0,1,1,0,0,0,0,0,0,0,0,0,0,0,0
1266,20000000,NA,en,Street Kings,18.666876,4/10/08,65569869,109,Released,Street Kings,6.3,363,1,0,0,0,1,0,1,0,0,0,0,0,0,0,0,0,1,0,0,0
1268,25000000,NA,en,Mr. Bean's Holiday,27.683874,3/22/07,229736344,90,Released,Mr. Bean's Holiday,6.1,663,0,0,0,1,0,0,0,1,0,0,0,0,0,0,0,0,0,0,0,0
1271,65000000,http://300themovie.warnerbros.com,en,300,65.197968,12/9/06,422610419,117,Released,300,7,4997,1,1,0,0,0,0,0,0,0,0,0,0,0,0,0,0,0,0,1,0
1272,50000000,NA,en,Sunshine,51.502884,4/5/07,32017803,107,Released,Sunshine,7,1182,0,0,0,0,0,0,0,0,0,0,0,0,0,0,0,1,1,0,0,0
1273,34000000,https://www.warnerbros.com/tmnt,en,TMNT,18.39217,3/23/07,95608995,90,Released,TMNT,6,345,0,1,1,1,0,0,0,1,0,0,0,0,0,0,0,0,0,0,0,0
1282,0,http://www.sonypictures.com/classics/dogtown/,en,Dogtown and Z-Boys,3.291609,1/18/01,0,91,Released,Dogtown and Z-Boys,7.2,52,0,0,0,0,0,1,0,0,0,0,0,0,0,0,0,0,0,0,0,0
1359,7000000,NA,en,American Psycho,45.310443,4/13/00,34266564,102,Released,American Psycho,7.3,2066,0,0,0,0,1,0,1,0,0,0,0,0,0,0,0,0,1,0,0,0
1360,12000000,NA,en,Frida,18.422327,8/29/02,56298474,123,Released,Frida,7.3,383,0,0,0,0,0,0,1,0,0,0,0,0,0,0,1,0,0,0,0,0
1365,4000000,NA,en,Monster's Ball,14.042041,11/11/01,44909486,111,Released,Monster's Ball,6.5,250,0,0,0,0,0,0,1,0,0,0,0,0,0,0,1,0,0,0,0,0
1366,1000000,NA,en,Rocky,72.19808,11/21/76,117235147,119,Released,Rocky,7.5,1791,0,0,0,0,0,0,1,0,0,0,0,0,0,0,0,0,0,0,0,0
1368,15000000,NA,en,First Blood,63.071046,10/22/82,125212904,93,Released,First Blood,7.2,1488,1,1,0,0,0,0,0,0,0,0,0,0,0,0,0,0,1,0,1,0
1369,44000000,NA,en,Rambo: First Blood Part II,38.653969,5/21/85,300400432,96,Released,Rambo: First Blood Part II,6.3,864,1,1,0,0,0,0,0,0,0,0,0,0,0,0,0,0,1,0,1,0
1370,63000000,NA,en,Rambo III,31.294717,5/24/88,189015611,102,Released,Rambo III,5.7,690,1,1,0,0,0,0,0,0,0,0,0,0,0,0,0,0,1,0,1,0
1372,100000000,NA,en,Blood Diamond,52.792678,12/7/06,170877916,143,Released,Blood Diamond,7.3,2281,1,0,0,0,0,0,1,0,0,0,0,0,0,0,0,0,1,0,0,0
1378,2000000,http://www.shortbusthemovie.com,en,Shortbus,14.846001,5/20/06,5179037,101,Released,Shortbus,6.3,140,0,0,0,1,0,0,1,0,0,0,0,0,0,0,1,0,0,0,0,0
1381,35000000,http://thefountainmovie.warnerbros.com/,en,The Fountain,24.606012,9/6/06,15304890,96,Released,The Fountain,6.8,827,0,1,0,0,0,0,1,0,0,0,0,0,0,0,1,1,0,0,0,0
1382,0,http://www.meandyoumovie.com/,en,Me and You and Everyone We Know,9.719094,6/17/05,0,90,Released,Me and You and Everyone We Know,7,107,0,0,0,1,0,0,1,0,0,0,0,0,0,0,0,0,0,0,0,0
1389,48000000,NA,en,Out of Sight,16.000178,6/26/98,77745568,123,Released,Out of Sight,6.5,333,0,0,0,1,1,0,0,0,0,0,0,0,0,0,1,0,0,0,0,0
1391,5000000,NA,es,Y tu mamá también,16.890285,6/8/01,33616692,106,Released,Y Tu Mamá También,7.3,315,0,0,0,0,0,0,1,0,0,0,0,0,0,0,1,0,0,0,0,0
1402,55000000,http://www.sonypictures.com/homevideo/thepursuitofhappyness/,en,The Pursuit of Happyness,80.581367,12/14/06,307077295,117,Released,The Pursuit of Happyness,7.7,2525,0,0,0,0,0,0,1,0,0,0,0,0,0,0,0,0,0,0,0,0
1408,98000000,NA,en,Cutthroat Island,7.029308,12/22/95,10017322,119,Released,Cutthroat Island,5.7,136,1,1,0,0,0,0,0,0,0,0,0,0,0,0,0,0,0,0,0,0
1412,1200000,NA,en,"Sex, Lies, and Videotape",10.869492,8/18/89,0,100,Released,"Sex, Lies, and Videotape",6.7,185,0,0,0,0,0,0,1,0,0,0,0,0,0,0,0,0,0,0,0,0
1415,5000000,NA,en,Party Monster,4.129165,9/5/03,742898,98,Released,Party Monster,5.9,58,0,0,0,1,1,0,1,0,0,0,0,0,0,0,0,0,0,0,0,0
1417,19000000,http://www.panslabyrinth.com,es,El laberinto del fauno,90.809408,5/27/06,83258226,118,Released,Pan's Labyrinth,7.6,3041,0,0,0,0,0,0,1,0,1,0,0,0,0,0,0,0,0,0,1,0
1422,90000000,http://thedeparted.warnerbros.com/,en,The Departed,63.429157,10/5/06,289847354,151,Released,The Departed,7.9,4339,0,0,0,0,1,0,1,0,0,0,0,0,0,0,0,0,1,0,0,0
1424,0,NA,en,November,5.742359,7/22/04,0,73,Released,November,4.9,11,0,0,0,0,0,0,1,0,0,0,0,0,0,1,0,0,1,0,0,0
1427,50000000,http://www.parfum.film.de/,en,Perfume: The Story of a Murderer,42.551902,9/13/06,132180323,147,Released,Perfume: The Story of a Murderer,7.1,1165,0,0,0,0,1,0,1,0,1,0,0,0,0,0,0,0,0,0,0,0
1428,29000000,NA,en,Once Upon a Time in Mexico,27.555646,9/11/03,98185582,102,Released,Once Upon a Time in Mexico,6.2,594,1,0,0,0,0,0,0,0,0,0,0,0,0,0,0,0,0,0,0,0
1429,15000000,NA,en,25th Hour,30.196039,12/16/02,13060843,135,Released,25th Hour,7.2,629,0,0,0,0,1,0,1,0,0,0,0,0,0,0,0,0,0,0,0,0
1430,4000000,http://www.bowlingforcolumbine.com/index.php,en,Bowling for Columbine,11.414843,10/9/02,35564473,120,Released,Bowling for Columbine,7.3,453,0,0,0,0,0,1,0,0,0,0,0,0,0,0,0,0,0,0,0,0
1435,218,NA,en,Tarnation,1.063439,10/19/03,1162014,91,Released,Tarnation,7.5,22,0,0,0,0,0,1,1,0,0,0,0,0,0,0,0,0,0,0,0,0
1439,75000000,NA,en,Anna and the King,13.327372,12/16/99,0,148,Released,Anna and the King,6.4,197,0,0,0,0,0,0,1,0,0,0,1,0,0,0,1,0,0,0,0,0
1440,26000000,http://www.littlechildrenmovie.com,en,Little Children,11.942862,10/6/06,14821658,136,Released,Little Children,6.9,240,0,0,0,0,0,0,1,0,0,0,0,0,0,0,1,0,0,0,0,0
1443,6000000,http://www.paramountvantage.com/virginsuicides/html_3/,en,The Virgin Suicides,26.218912,4/21/99,10409377,97,Released,The Virgin Suicides,7.1,817,0,0,0,0,0,0,1,0,0,0,0,0,0,0,1,0,0,0,0,0
1452,270000000,http://www.superman.com,en,Superman Returns,57.925623,6/28/06,391081192,154,Released,Superman Returns,5.4,1400,1,1,0,0,0,0,0,0,1,0,0,0,0,0,0,1,0,0,0,0
1487,66000000,http://www.sonypictures.com/homevideo/hellboy/,en,Hellboy,47.479755,4/2/04,99318987,122,Released,Hellboy,6.5,2225,1,0,0,0,0,0,0,0,1,0,0,0,0,0,0,1,0,0,0,0
1491,40000000,NA,en,The Illusionist,36.960953,8/18/06,86915017,110,Released,The Illusionist,7.1,1615,0,0,0,0,0,0,1,0,1,0,0,0,0,0,1,0,1,0,0,0
1493,45000000,NA,en,Miss Congeniality,32.624355,12/14/00,212e6,111,Released,Miss Congeniality,6.1,961,1,0,0,1,1,0,0,0,0,0,0,0,0,0,0,0,0,0,0,0
1494,110,http://ent.sina.com.cn/hjj/,zh,滿城盡帶黃金甲,9.950505,12/21/06,0,114,Released,Curse of the Golden Flower,6.6,203,1,0,0,0,0,0,1,0,1,0,0,0,0,0,0,0,0,0,0,0
1495,130000000,http://www.kingdomofheavendvd.com/,en,Kingdom of Heaven,44.490453,5/3/05,211643158,144,Released,Kingdom of Heaven,6.6,1157,1,1,0,0,0,0,1,0,0,0,1,0,0,0,0,0,0,0,1,0
1497,25000000,NA,en,Teenage Mutant Ninja Turtles II: The Secret of the Ooze,15.505137,3/22/91,78e6,88,Released,Teenage Mutant Ninja Turtles II: The Secret of the Ooze,5.8,286,1,1,0,1,0,0,0,1,0,0,0,0,0,0,0,1,0,0,0,0
1499,21000000,NA,en,Teenage Mutant Ninja Turtles III,10.207065,3/17/93,42e6,96,Released,Teenage Mutant Ninja Turtles III,5.1,184,1,1,0,1,0,0,0,1,1,0,0,0,0,0,0,1,0,0,0,0
1523,6000000,NA,en,The Last King of Scotland,26.286954,9/1/06,48027970,121,Released,The Last King of Scotland,7.4,558,0,0,0,0,0,0,1,0,0,0,0,0,0,0,0,0,0,0,0,0
1535,92000000,NA,en,Spy Game,27.166757,11/18/01,143049560,126,Released,Spy Game,6.8,579,1,0,0,0,1,0,0,0,0,0,0,0,0,0,0,0,1,0,0,0
1537,45000000,NA,en,Changing Lanes,17.270539,4/7/02,94935764,89,Released,Changing Lanes,5.9,299,1,1,0,0,1,0,0,0,0,0,0,0,0,0,0,0,1,0,0,0
1538,65000000,NA,en,Collateral,44.815022,8/4/04,217764291,120,Released,Collateral,7,1451,0,0,0,0,1,0,1,0,0,0,0,0,0,0,0,0,1,0,0,0
1542,10000000,NA,en,Office Space,18.366362,2/19/99,12827813,89,Released,Office Space,7.4,1050,0,0,0,1,1,0,0,0,0,0,0,0,0,0,0,0,0,0,0,0
1544,0,http://www.foxsearchlight.com/imaginemeandyou/,en,Imagine Me & You,9.1003520000000009,2/1/05,2455831,93,Released,Imagine Me & You,7,177,0,0,0,1,0,0,1,0,0,0,0,0,0,0,1,0,0,0,0,0
1546,0,NA,en,Thumbsucker,4.757625,1/23/05,1919197,96,Released,Thumbsucker,6.1,67,0,0,0,1,0,0,1,0,0,0,0,0,0,0,0,0,0,0,0,0
1547,8500000,NA,en,The Lost Boys,24.750909,7/31/87,32222567,97,Released,The Lost Boys,6.8,538,0,0,0,1,0,0,0,0,0,0,0,1,0,0,0,0,0,0,0,0
1548,7000000,NA,en,Ghost World,14.072941,7/20/01,0,111,Released,Ghost World,7.1,426,0,0,0,1,0,0,1,0,0,0,0,0,0,0,0,0,0,0,0,0
1550,300000,http://www.piecesofaprilmovie.com/,en,Pieces of April,4.270596,1/19/03,0,81,Released,Pieces of April,6.4,64,0,0,0,1,0,0,1,0,0,0,0,0,0,0,0,0,0,0,0,0
1551,26000000,NA,en,Flatliners,24.114459,8/9/90,61489265,115,Released,Flatliners,6.3,404,0,0,0,0,0,0,1,0,0,0,0,1,0,0,0,1,1,0,0,0
1555,5300000,NA,fr,L'Auberge espagnole,13.034602,5/17/02,3897799,122,Released,The Spanish Apartment,7,266,0,0,0,1,0,0,1,0,0,0,0,0,0,0,1,0,0,0,0,0
1562,15000000,NA,en,28 Weeks Later,34.759855,4/26/07,64238440,100,Released,28 Weeks Later,6.5,1197,0,0,0,0,0,0,0,0,0,0,0,1,0,0,0,1,1,0,0,0
1571,110000000,NA,en,Live Free or Die Hard,48.93337,6/20/07,383531464,128,Released,Live Free or Die Hard,6.4,2089,1,0,0,0,0,0,0,0,0,0,0,0,0,0,0,0,1,0,0,0
1572,90000000,NA,en,Die Hard: With a Vengeance,51.881077,5/19/95,366101666,128,Released,Die Hard: With a Vengeance,6.9,2066,1,0,0,0,0,0,0,0,0,0,0,0,0,0,0,0,1,0,0,0
1573,70000000,NA,en,Die Hard 2,57.69847,7/2/90,240031094,124,Released,Die Hard 2,6.6,1896,1,0,0,0,0,0,0,0,0,0,0,0,0,0,0,0,1,0,0,0
1574,45000000,NA,en,Chicago,32.217425,12/26/02,306776732,113,Released,Chicago,6.9,677,1,0,0,1,1,0,1,0,0,0,0,0,1,0,0,0,0,0,0,0
1576,33000000,http://www.sonypictures.com/movies/residentevil/index.html,en,Resident Evil,40.715623,3/15/02,102984862,100,Released,Resident Evil,6.4,2065,1,0,0,0,0,0,0,0,0,0,0,1,0,0,0,1,0,0,0,0
1577,45000000,NA,en,Resident Evil: Apocalypse,29.880122,9/10/04,129394835,94,Released,Resident Evil: Apocalypse,6.1,1267,1,0,0,0,0,0,0,0,0,0,0,1,0,0,0,1,0,0,0,0
1578,18000000,NA,en,Raging Bull,35.524457,11/14/80,23e6,129,Released,Raging Bull,7.7,938,0,0,0,0,0,0,1,0,0,0,0,0,0,0,0,0,0,0,0,0
1579,40000000,NA,en,Apocalypto,41.570047,12/7/06,120175290,139,Released,Apocalypto,7.3,1221,1,1,0,0,0,0,1,0,0,0,0,0,0,0,0,0,1,0,0,0
1581,85000000,http://www.sonypictures.com/movies/theholiday/,en,The Holiday,44.967453,12/8/06,194168700,136,Released,The Holiday,6.7,1225,0,0,0,1,0,0,0,0,0,0,0,0,0,0,1,0,0,0,0,0
1584,35000000,http://www.schoolofrockmovie.com/,en,School of Rock,43.057323,10/3/03,131282949,108,Released,School of Rock,6.7,1414,0,0,0,1,0,0,0,0,0,0,0,0,1,0,0,0,0,0,0,0
1585,3180000,NA,en,It's a Wonderful Life,42.868495,12/20/46,9644124,130,Released,It's a Wonderful Life,8,1076,0,0,0,0,0,0,1,1,1,0,0,0,0,0,0,0,0,0,0,0
1586,40000000,NA,en,Secret Window,32.908414,3/12/04,92913171,96,Released,Secret Window,6.4,972,0,0,0,0,0,0,0,0,0,0,0,0,0,1,0,0,1,0,0,0
1587,11000000,NA,en,What's Eating Gilbert Grape,33.282794,12/17/93,3e7,118,Released,What's Eating Gilbert Grape,7.5,919,0,0,0,0,0,0,1,0,0,0,0,0,0,0,1,0,0,0,0,0
1588,28000000,https://www.uphe.com/movies/bring-it-on,en,Bring It On,14.754281,8/25/00,90449929,98,Released,Bring It On,5.8,568,0,0,0,1,0,0,0,0,0,0,0,0,0,0,0,0,0,0,0,0
1590,11000000,NA,en,Copying Beethoven,5.062687,9/10/06,0,104,Released,Copying Beethoven,6.2,42,0,0,0,0,0,0,1,0,0,0,0,0,0,0,0,0,0,0,0,0
1591,0,NA,de,Nirgendwo in Afrika,3.481517,12/11/01,0,140,Released,Nowhere in Africa,7,32,0,0,0,0,0,0,1,0,0,0,0,0,0,0,0,0,0,0,0,0
1593,110000000,NA,en,Night at the Museum,48.780039,10/20/06,574480841,108,Released,Night at the Museum,6.3,2862,1,1,0,1,0,0,0,1,1,0,0,0,0,0,0,0,0,0,0,0
1597,55000000,NA,en,Meet the Parents,29.97224,10/6/00,330444045,108,Released,Meet the Parents,6.6,1698,0,0,0,1,0,0,0,0,0,0,0,0,0,0,1,0,0,0,0,0
1598,35000000,NA,en,Cape Fear,27.714043,11/15/91,1823e5,128,Released,Cape Fear,7,675,0,0,0,0,1,0,0,0,0,0,0,0,0,0,0,0,1,0,0,0
1599,22000000,NA,en,I Heart Huckabees,14.925633,9/10/04,0,106,Released,I Heart Huckabees,6.2,239,0,0,0,1,0,0,0,0,0,0,0,0,0,0,1,0,0,0,0,0
1613,28,NA,en,The 51st State,9.670031,12/7/01,14,93,Released,The 51st State,5.9,173,1,0,0,1,1,0,0,0,0,0,0,0,0,0,0,0,1,0,0,0
1619,8500000,NA,en,The Way of the Gun,8.775844,9/8/00,19125401,119,Released,The Way of the Gun,6.4,100,1,0,0,0,1,0,1,0,0,0,0,0,0,0,0,0,1,0,0,0
1620,24000000,http://www.hitmanmovie.com/,en,Hitman,42.669304,11/21/07,99965753,89,Released,Hitman,5.9,966,1,0,0,0,1,0,1,0,0,0,0,0,0,0,0,0,1,0,0,0
1621,40600000,NA,en,Trading Places,34.022209,6/7/83,904e5,116,Released,Trading Places,7.1,738,0,0,0,1,0,0,0,0,0,0,0,0,0,0,0,0,0,0,0,0
1624,45000000,NA,en,Liar Liar,26.721386,3/21/97,181e6,86,Released,Liar Liar,6.4,1424,0,0,0,1,0,0,0,0,0,0,0,0,0,0,0,0,0,0,0,0
1635,126000000,http://www.theisland-themovie.com/,en,The Island,37.68056,7/20/05,162949164,136,Released,The Island,6.5,1770,1,1,0,0,0,0,0,0,0,0,0,0,0,0,0,1,1,0,0,0
1636,48000000,NA,en,Bedazzled,19.348007,10/19/00,90383208,93,Released,Bedazzled,5.6,512,0,0,0,1,0,0,0,0,1,0,0,0,0,0,1,0,0,0,0,0
1637,30000000,NA,en,Speed,49.526736,6/9/94,350448145,116,Released,Speed,6.8,1783,1,1,0,0,1,0,0,0,0,0,0,0,0,0,0,0,0,0,0,0
1639,160000000,NA,en,Speed 2: Cruise Control,23.336875,6/13/97,164508066,121,Released,Speed 2: Cruise Control,4.1,434,1,1,0,0,0,0,0,0,0,0,0,0,0,0,0,0,1,0,0,0
1640,6500000,http://www.crashfilm.com/,en,Crash,28.223163,1/13/04,98410061,112,Released,Crash,7.2,1149,0,0,0,0,0,0,1,0,0,0,0,0,0,0,0,0,0,0,0,0
1642,22000000,NA,en,The Net,23.218144,7/28/95,110627965,114,Released,The Net,5.6,354,1,0,0,0,1,0,1,0,0,0,0,0,0,1,0,0,1,0,0,0
1645,40000000,NA,en,A Time to Kill,25.219805,7/24/96,152266007,149,Released,A Time to Kill,7,509,0,0,0,0,1,0,1,0,0,0,0,0,0,0,0,0,1,0,0,0
1646,21000000,http://www.freedomwriters.com/,en,Freedom Writers,17.746981,1/5/07,41170784,123,Released,Freedom Writers,7.5,356,0,0,0,0,1,0,1,0,0,0,0,0,0,0,0,0,0,0,0,0
1648,10000000,http://www.billandted.org/,en,Bill & Ted's Excellent Adventure,25.929893,2/17/89,40485039,90,Released,Bill & Ted's Excellent Adventure,6.7,454,0,1,0,1,0,0,0,0,0,0,0,0,0,0,0,1,0,0,0,0
1649,0,NA,en,Bill & Ted's Bogus Journey,11.349664,7/19/91,0,98,Released,Bill & Ted's Bogus Journey,5.9,308,0,1,0,1,0,0,0,1,1,0,0,0,0,0,0,1,0,0,0,0
1651,0,NA,fr,La sirène du Mississipi,3.654018,6/18/69,0,123,Released,Mississippi Mermaid,6.7,32,0,0,0,0,1,0,1,0,0,0,0,0,0,0,1,0,0,0,0,0
1656,75000000,http://www.sonypictures.com/homevideo/thelegendofzorro/index.html,en,The Legend of Zorro,31.054334,10/24/05,142400065,129,Released,The Legend of Zorro,5.9,893,1,1,0,0,0,0,0,0,0,0,0,0,0,0,0,0,0,0,0,0
1667,8000000,http://empereur.luc-jacquet.com/index_flash.htm,fr,La Marche de l'empereur,17.537154,1/26/05,127392239,80,Released,March of the Penguins,6.9,358,0,0,0,0,0,1,0,1,0,0,0,0,0,0,0,0,0,0,0,0
1669,30000000,http://www.paramount.com/movies/hunt-red-october,en,The Hunt for Red October,46.212155,3/2/90,1992e5,134,Released,The Hunt for Red October,7.2,957,1,1,0,0,0,0,0,0,0,0,0,0,0,0,0,0,1,0,0,0
1677,40000000,NA,en,Ray,21.743321,10/29/04,124731534,152,Released,Ray,7.2,467,0,0,0,0,0,0,1,0,0,0,0,0,1,0,0,0,0,0,0,0
1683,40000000,http://www.thereapingmovie.com,en,The Reaping,13.445697,4/5/07,62771059,99,Released,The Reaping,5.4,205,0,0,0,0,0,0,0,0,0,0,0,1,0,0,0,0,0,0,0,0
1685,3000000,NA,en,Beneath the Planet of the Apes,24.393296,5/1/70,18999718,95,Released,Beneath the Planet of the Apes,6.2,361,0,1,0,0,0,0,0,0,0,0,0,0,0,1,0,1,0,0,0,0
1687,2500000,NA,en,Escape from the Planet of the Apes,18.30961,5/20/71,12348905,98,Released,Escape from the Planet of the Apes,6.3,264,1,0,0,0,0,0,0,0,0,0,0,0,0,0,0,1,0,0,0,0
1688,1700000,NA,en,Conquest of the Planet of the Apes,18.828683,6/29/72,97e5,88,Released,Conquest of the Planet of the Apes,6.1,236,1,0,0,0,0,0,0,0,0,0,0,0,0,0,0,1,0,0,0,0
1690,4800000,http://www.hostelfilm.com/,en,Hostel,38.83192,1/6/05,80578934,94,Released,Hostel,5.7,887,0,0,0,0,0,0,0,0,0,0,0,1,0,0,0,0,0,0,0,0
1691,10200000,NA,en,Hostel: Part II,20.745052,6/8/07,35619521,93,Released,Hostel: Part II,5.6,453,0,0,0,0,0,0,0,0,0,0,0,1,0,0,0,0,0,0,0,0
1696,0,http://robzombie.com/movies/the-devils-rejects/,en,The Devil's Rejects,16.754452,7/22/05,0,107,Released,The Devil's Rejects,6.6,322,0,0,0,0,1,0,1,0,0,0,0,1,0,0,0,0,0,0,0,0
1698,0,NA,de,Anatomie,5.025938,2/3/00,0,103,Released,Anatomy,6.1,61,0,0,0,0,0,0,0,0,0,0,0,1,0,0,0,0,1,0,0,0
1701,75000000,NA,en,Con Air,45.154631,6/1/97,224012234,115,Released,Con Air,6.5,1270,1,0,0,0,1,0,0,0,0,0,0,0,0,0,0,0,1,0,0,0
1705,1700000,NA,en,Battle for the Planet of the Apes,13.315383,6/15/73,8844595,93,Released,Battle for the Planet of the Apes,5.5,215,1,0,0,0,0,0,0,0,0,0,0,0,0,0,0,1,0,0,0,0
1710,0,NA,en,Copycat,14.211699,10/27/95,0,124,Released,Copycat,6.4,194,0,0,0,0,0,0,1,0,0,0,0,0,0,0,0,0,1,0,0,0
1717,55000000,http://www.sonypictures.com/homevideo/allthekingsmen/,en,All the King's Men,7.768223,9/10/06,9450897,125,Released,All the King's Men,5.7,95,0,0,0,0,0,0,1,0,0,0,0,0,0,0,0,0,1,0,0,0
1722,57000000,http://movies.uip.de/corellismandoline/,en,Captain Corelli's Mandolin,9.061866,8/17/01,62112895,131,Released,Captain Corelli's Mandolin,5.5,145,0,0,0,0,0,0,1,0,0,0,1,0,0,0,1,0,0,0,0,0
1724,150000000,NA,en,The Incredible Hulk,62.898336,6/12/08,163712074,114,Released,The Incredible Hulk,6.1,3021,1,1,0,0,0,0,0,0,0,0,0,0,0,0,0,1,0,0,0,0
1725,6000000,NA,en,West Side Story,23.431117,10/18/61,43656822,152,Released,West Side Story,7,389,0,0,0,0,1,0,1,0,0,0,0,0,1,0,0,0,0,0,0,0
1726,140000000,http://www.ironmanmovie.com/,en,Iron Man,120.725053,4/30/08,585174222,126,Released,Iron Man,7.4,8776,1,1,0,0,0,0,0,0,0,0,0,0,0,0,0,1,0,0,0,0
1729,55000000,http://www.forbiddenkingdommovie.com/,en,The Forbidden Kingdom,17.097041,4/18/08,127906624,104,Released,The Forbidden Kingdom,6.3,461,1,1,0,0,0,0,0,0,1,0,0,0,0,0,0,0,0,0,0,0
1734,98000000,NA,en,The Mummy Returns,41.862983,4/28/01,433013274,130,Released,The Mummy Returns,6,2206,1,1,0,0,0,0,0,0,1,0,0,0,0,0,0,0,0,0,0,0
1735,145000000,http://www.themummy.com/,en,The Mummy: Tomb of the Dragon Emperor,60.034162,7/1/08,401128639,112,Released,The Mummy: Tomb of the Dragon Emperor,5.2,1387,1,1,0,0,0,0,0,0,1,0,0,0,0,0,0,0,0,0,0,0
1770,28000000,NA,en,Michael Collins,8.314624,10/25/96,169e5,132,Released,Michael Collins,6.7,97,0,0,0,0,0,0,1,0,0,0,0,0,0,0,0,0,1,0,0,0
1771,140000000,http://captainamerica.marvel.com/,en,Captain America: The First Avenger,74.506246,7/22/11,370569774,124,Released,Captain America: The First Avenger,6.6,7047,1,1,0,0,0,0,0,0,0,0,0,0,0,0,0,1,0,0,0,0
1777,6000000,NA,en,Fahrenheit 9/11,16.20985,6/25/04,119114517,122,Released,Fahrenheit 9/11,6.8,397,0,0,0,0,0,1,0,0,0,0,0,0,0,0,0,0,0,0,0,0
1779,160000,NA,en,Roger & Me,3.284903,9/1/89,6706368,91,Released,Roger & Me,7.4,90,0,0,0,0,0,1,0,0,0,0,1,0,0,0,0,0,0,0,0,0
1781,1000000,http://www.climatecrisis.net/,en,An Inconvenient Truth,14.139004,1/24/06,46243e3,100,Released,An Inconvenient Truth,6.7,251,0,0,0,0,0,1,0,0,0,0,0,0,0,0,0,0,0,0,0,0
1788,8200000,NA,en,Footloose,25.03414,2/17/84,80035402,107,Released,Footloose,6.4,505,0,0,0,0,0,0,1,1,0,0,0,0,1,0,1,0,0,0,0,0
1792,55000000,NA,en,Stuck on You,8.802525,12/10/03,33828318,118,Released,Stuck on You,5.1,188,0,0,0,1,0,0,0,0,0,0,0,0,0,0,0,0,0,0,0,0
1808,0,NA,en,Velvet Goldmine,10.932711,10/23/98,1053788,119,Released,Velvet Goldmine,6.9,116,0,0,0,0,0,0,1,0,0,0,0,0,1,0,0,0,0,0,0,0
1809,4000000,NA,en,The Rules of Attraction,11.387335,10/11/02,0,110,Released,The Rules of Attraction,6.3,168,0,0,0,1,0,0,1,0,0,0,0,0,0,0,1,0,0,0,0,0
1813,57000000,NA,en,The Devil's Advocate,33.8473,10/17/97,152944660,144,Released,The Devil's Advocate,7.2,1374,0,0,0,0,0,0,1,0,0,0,0,1,0,1,0,0,1,0,0,0
1817,13000000,NA,en,Phone Booth,38.018085,9/9/02,97837138,81,Released,Phone Booth,6.7,1062,0,0,0,0,0,0,1,0,0,0,0,0,0,0,0,0,1,0,0,0
1819,54000000,http://www.youmeanddupree.com/,en,"You, Me and Dupree",18.600367,7/14/06,130431368,108,Released,"You, Me and Dupree",5.4,407,0,0,0,1,0,0,0,0,0,0,0,0,0,0,1,0,0,0,0,0
1824,75000000,NA,en,50 First Dates,61.437586,2/13/04,196482882,99,Released,50 First Dates,6.6,2105,0,0,0,1,0,0,0,0,0,0,0,0,0,0,1,0,0,0,0,0
1830,42000000,NA,en,Lord of War,34.828241,9/16/05,24127895,122,Released,Lord of War,7,1335,0,0,0,0,1,0,1,0,0,0,0,0,0,0,0,0,1,0,0,0
1831,25000000,NA,en,The Next Best Thing,3.707511,3/3/00,24362772,108,Released,The Next Best Thing,4.3,29,0,0,0,1,0,0,0,0,0,0,0,0,0,0,0,0,0,0,0,0
1832,10000000,http://www.dogma-movie.com/,en,Dogma,14.543435,11/12/99,30652890,130,Released,Dogma,6.8,823,0,1,0,1,0,0,0,0,1,0,0,0,0,0,0,0,0,0,0,0
1833,40000000,http://www.sonypictures.com/movies/rent/,en,Rent,10.433667,11/23/05,31670620,135,Released,Rent,6.7,155,0,0,0,0,0,0,1,0,0,0,0,0,0,0,1,0,0,0,0,0
1844,66000000,http://www.foxmovies.com.au/entrapment,en,Entrapment,25.877794,4/29/99,212404396,112,Released,Entrapment,6,602,0,0,0,0,0,0,1,0,0,0,0,0,0,1,1,0,0,0,0,0
1850,82000000,http://www.universalpictures.com/manonthemoon/,en,Man on the Moon,24.444186,12/22/99,47434430,118,Released,Man on the Moon,6.9,435,0,0,0,1,0,0,1,0,0,0,0,0,0,0,1,0,0,0,0,0
1852,63000000,NA,en,World Trade Center,24.697533,8/9/06,162945894,128,Released,World Trade Center,5.9,447,0,0,0,0,0,0,1,0,0,0,1,0,0,0,0,0,1,0,0,0
1858,150000000,http://www.transformersmovie.com/,en,Transformers,25.468493,6/27/07,709709780,144,Released,Transformers,6.6,4040,1,1,0,0,0,0,0,0,0,0,0,0,0,0,0,1,0,0,0,0
1865,380000000,http://disney.go.com/pirates/index-on-stranger-tides.html#/video/,en,Pirates of the Caribbean: On Stranger Tides,135.413856,5/14/11,1045713802,136,Released,Pirates of the Caribbean: On Stranger Tides,6.4,4948,1,1,0,0,0,0,0,0,1,0,0,0,0,0,0,0,0,0,0,0
1874,30000000,NA,en,Goodbye Bafana,12.257654,2/11/07,0,140,Released,Goodbye Bafana,7,38,0,0,0,0,0,0,1,0,0,0,1,0,0,0,0,0,0,0,0,0
1878,18500000,NA,en,Fear and Loathing in Las Vegas,44.511363,5/22/98,10680275,118,Released,Fear and Loathing in Las Vegas,7.2,1301,0,1,0,1,0,0,1,0,0,0,0,0,0,0,0,0,0,0,0,0
1880,4200000,NA,en,Red Dawn,11.743085,8/10/84,38376497,114,Released,Red Dawn,6.4,215,1,0,0,0,0,0,0,0,0,0,0,0,0,0,0,0,1,0,0,0
1883,34000000,NA,en,Malcolm X,19.822791,11/18/92,48169908,202,Released,Malcolm X,7.2,370,0,0,0,0,0,0,1,0,0,0,1,0,0,0,0,0,0,0,0,0
1885,8000000,NA,en,The Karate Kid,28.456572,6/22/84,90815558,126,Released,The Karate Kid,6.9,891,0,0,0,0,0,0,1,0,0,0,0,0,0,0,0,0,0,0,0,0
1887,40000000,http://www.sonypictures.com/homevideo/marieantoinette/index.html,en,Marie Antoinette,22.364549,5/24/06,60474340,123,Released,Marie Antoinette,6.5,642,0,0,0,0,0,0,1,0,0,0,1,0,0,0,0,0,0,0,0,0
1891,18000000,http://www.starwars.com/films/star-wars-episode-v-the-empire-strikes-back,en,The Empire Strikes Back,78.51783,5/17/80,5384e5,124,Released,The Empire Strikes Back,8.2,5879,1,1,0,0,0,0,0,0,0,0,0,0,0,0,0,1,0,0,0,0
1892,32350000,http://www.starwars.com/films/star-wars-episode-vi-return-of-the-jedi,en,Return of the Jedi,46.509071,5/23/83,5727e5,135,Released,Return of the Jedi,7.9,4665,1,1,0,0,0,0,0,0,0,0,0,0,0,0,0,1,0,0,0,0
1893,115000000,http://www.starwars.com/films/star-wars-episode-i-the-phantom-menace,en,Star Wars: Episode I - The Phantom Menace,54.035265,5/19/99,924317558,136,Released,Star Wars: Episode I - The Phantom Menace,6.3,4432,1,1,0,0,0,0,0,0,0,0,0,0,0,0,0,1,0,0,0,0
1894,120000000,http://www.starwars.com/films/star-wars-episode-ii-attack-of-the-clones,en,Star Wars: Episode II - Attack of the Clones,43.987061,5/15/02,649398328,142,Released,Star Wars: Episode II - Attack of the Clones,6.4,3992,1,1,0,0,0,0,0,0,0,0,0,0,0,0,0,1,0,0,0,0
1895,113000000,http://www.starwars.com/films/star-wars-episode-iii-revenge-of-the-sith,en,Star Wars: Episode III - Revenge of the Sith,44.108427,5/17/05,85e7,140,Released,Star Wars: Episode III - Revenge of the Sith,7.1,4116,1,1,0,0,0,0,0,0,0,0,0,0,0,0,0,1,0,0,0,0
1900,48000000,NA,en,Traffic,25.170217,12/27/00,207515725,147,Released,Traffic,6.9,562,0,0,0,0,1,0,1,0,0,0,0,0,0,0,0,0,1,0,0,0
1901,0,NA,en,In Good Company,15.376391,12/29/04,0,109,Released,In Good Company,5.9,194,0,0,0,1,0,0,1,0,0,0,0,0,0,0,1,0,0,0,0,0
1903,68000000,NA,en,Vanilla Sky,27.299301,12/10/01,203388341,136,Released,Vanilla Sky,6.5,1078,0,0,0,0,0,0,1,0,0,0,0,0,0,1,1,1,1,0,0,0
1904,85000000,http://www.sonypictures.com/homevideo/memoirsofageisha/index.html,en,Memoirs of a Geisha,16.595874,12/6/05,162242962,145,Released,Memoirs of a Geisha,7.3,652,0,0,0,0,0,0,1,0,0,0,1,0,0,0,1,0,0,0,0,0
1907,40000000,NA,en,The Beach,41.362082,2/11/00,144056873,119,Released,The Beach,6.3,1233,0,1,0,0,0,0,1,0,0,0,0,0,0,0,1,0,1,0,0,0
1909,25000000,NA,en,Don Juan DeMarco,8.870614,10/1/94,222e5,97,Released,Don Juan DeMarco,6.2,183,0,0,0,1,0,0,1,0,0,0,0,0,0,0,1,0,0,0,0,0
1911,160000000,NA,en,The 13th Warrior,27.220157,8/27/99,61698899,102,Released,The 13th Warrior,6.4,510,1,1,0,0,0,0,0,0,1,0,0,0,0,0,0,0,0,0,0,0
1913,12806000,NA,es,Mar adentro,17.363739,9/3/04,38535221,125,Released,The Sea Inside,7.2,219,0,0,0,0,0,0,1,0,0,0,0,0,0,0,0,0,0,0,0,0
1921,40000000,NA,en,Sweet November,19.372805,2/16/01,65754228,119,Released,Sweet November,6.4,278,0,0,0,0,0,0,1,0,0,0,0,0,0,0,1,0,0,0,0,0
1924,55000000,NA,en,Superman,48.507081,12/13/78,300218018,143,Released,Superman,6.9,1022,1,1,0,0,0,0,0,0,1,0,0,0,0,0,0,1,0,0,0,0
1927,137000000,NA,en,Hulk,34.981698,6/19/03,245360480,138,Released,Hulk,5.3,1533,1,0,0,0,0,0,1,0,0,0,0,0,0,0,0,1,0,0,0,0
1930,215000000,http://www.theamazingspiderman.com,en,The Amazing Spider-Man,89.866276,6/27/12,752215857,136,Released,The Amazing Spider-Man,6.5,6586,1,1,0,0,0,0,0,0,1,0,0,0,0,0,0,0,0,0,0,0
1931,13000000,NA,en,Stomp the Yard,6.92205,5/16/07,75511123,NA,Released,Stomp the Yard,6.1,88,0,0,0,0,0,0,1,0,0,0,0,0,1,0,0,0,0,0,0,0
1933,0,NA,en,The Others,25.881355,8/2/01,0,101,Released,The Others,7.4,1660,0,0,0,0,0,0,1,0,0,0,0,1,0,1,0,0,1,0,0,0
1934,25000000,NA,en,Shakespeare in Love,31.792964,12/11/98,289317794,122,Released,Shakespeare in Love,6.8,796,0,0,0,0,0,0,0,0,0,0,1,0,0,0,1,0,0,0,0,0
1946,15000000,NA,en,eXistenZ,21.928025,4/14/99,2856712,97,Released,eXistenZ,6.7,475,1,0,0,0,0,0,0,0,0,0,0,1,0,0,0,1,1,0,0,0
1947,30000000,http://www.miramax.com/anunfinishedlife/,en,An Unfinished Life,6.353971,9/9/05,18618284,108,Released,An Unfinished Life,6.7,161,0,0,0,0,0,0,1,0,0,0,0,0,0,0,0,0,0,0,0,0
1948,12000000,NA,en,Crank,47.992817,8/31/06,42931041,88,Released,Crank,6.6,1151,1,0,0,0,1,0,0,0,0,0,0,0,0,0,0,0,1,0,0,0
1949,65000000,NA,en,Zodiac,51.970905,3/2/07,84785914,157,Released,Zodiac,7.3,2023,0,0,0,0,1,0,1,0,0,0,0,0,0,1,0,0,1,0,0,0
1950,0,http://luckyyoumovie.warnerbros.com/,en,Lucky You,6.162872,5/1/07,5761917,124,Released,Lucky You,5.4,81,0,0,0,0,0,0,1,0,0,0,0,0,0,0,1,0,0,0,0,0
1951,14200000,NA,da,Manderlay,7.05145,5/16/05,674918,NA,Released,Manderlay,6.9,78,0,0,0,0,0,0,1,0,0,0,0,0,0,0,0,0,0,0,0,0
1954,13000000,NA,en,The Butterfly Effect,73.307513,1/22/04,96060858,113,Released,The Butterfly Effect,7.3,2060,0,0,0,0,0,0,0,0,0,0,0,0,0,0,0,1,1,0,0,0
1955,5000000,NA,en,The Elephant Man,30.271066,10/2/80,26010864,124,Released,The Elephant Man,7.9,719,0,0,0,0,0,0,1,0,0,0,1,0,0,0,0,0,0,0,0,0
1956,3500000,NA,en,Gerry,5.038953,1/12/02,0,103,Released,Gerry,6.2,68,0,1,0,0,0,0,1,0,0,0,0,0,0,1,0,0,0,0,0,0
1957,38000000,http://www.sonypictures.com/movies/enough/,en,Enough,11.500783,5/24/02,51801187,114,Released,Enough,6.2,264,0,0,0,0,0,0,1,0,0,0,0,0,0,0,0,0,1,0,0,0
1958,8000000,NA,fr,8 femmes,8.204829,1/8/02,0,111,Released,8 Women,6.9,196,0,0,0,1,1,0,0,0,0,0,0,0,1,1,0,0,1,0,0,0
1961,1500000,http://www.dhentertainment.com/projects/1.my-name-bruce/,en,My Name Is Bruce,7.5591,10/1/07,173066,86,Released,My Name Is Bruce,5.9,107,0,0,0,1,0,0,0,0,0,0,0,1,0,0,0,0,0,0,0,0
1966,155000000,NA,en,Alexander,39.019229,11/21/04,167298192,175,Released,Alexander,5.6,927,1,1,0,0,0,0,1,0,0,0,1,0,0,0,1,0,0,0,1,0
1969,35000000,NA,es,Bandidas,20.27704,1/18/06,10496317,93,Released,Bandidas,5.8,307,1,0,0,1,1,0,0,0,0,0,0,0,0,0,0,0,0,0,0,1
1970,10000000,NA,en,The Grudge,35.695442,10/22/04,183474602,92,Released,The Grudge,5.8,865,0,0,0,0,0,0,0,0,0,0,0,1,0,1,0,0,1,0,0,0
1975,20000000,http://www.sonypictures.com/homevideo/thegrudge2/,en,The Grudge 2,13.906944,10/13/06,39143839,102,Released,The Grudge 2,5.2,283,0,0,0,0,0,0,0,0,0,0,0,1,0,0,0,0,1,0,0,0
1979,130000000,NA,en,4: Rise of the Silver Surfer,60.810723,6/13/07,289047763,92,Released,Fantastic 4: Rise of the Silver Surfer,5.4,2589,1,1,0,0,0,0,0,0,1,0,0,0,0,0,0,0,1,0,0,0
1985,25000000,NA,en,The Constant Gardener,20.679652,8/31/05,82466670,129,Released,The Constant Gardener,6.8,417,0,0,0,0,0,0,1,0,0,0,0,0,0,1,0,0,1,0,0,0
1988,16000000,http://www.amightyheartmovie.com/,en,A Mighty Heart,9.717392,1/1/07,18928871,100,Released,A Mighty Heart,6.7,95,0,0,0,0,0,0,1,0,0,0,0,0,0,0,0,0,1,0,0,0
1989,10000000,NA,en,My Blueberry Nights,10.733761,5/16/07,21786738,111,Released,My Blueberry Nights,6,190,0,0,0,0,0,0,1,0,0,0,0,0,0,0,1,0,0,0,0,0
1995,115000000,NA,en,Lara Croft: Tomb Raider,41.498631,6/11/01,274703340,100,Released,Lara Croft: Tomb Raider,5.7,2192,1,1,0,0,0,0,0,0,1,0,0,0,0,0,0,0,1,0,0,0
1996,95000000,NA,en,Lara Croft Tomb Raider: The Cradle of Life,56.811056,7/21/03,156505388,117,Released,Lara Croft Tomb Raider: The Cradle of Life,5.5,1418,1,1,0,0,0,0,0,0,1,0,0,0,0,0,0,0,1,0,0,0
1997,74500000,NA,en,Deux frères,8.884318,4/7/04,62172050,109,Released,Two Brothers,6.9,180,0,1,0,0,0,0,1,1,0,0,0,0,0,0,0,0,0,0,0,0
1999,1700000,NA,en,In the Bedroom,6.979638,11/23/01,0,130,Released,In the Bedroom,6.4,89,0,0,0,0,0,0,1,0,0,0,0,0,0,0,0,0,1,0,0,0
2001,21000000,NA,en,We Own the Night,14.518708,5/25/07,54926886,117,Released,We Own the Night,6.5,323,0,0,0,0,1,0,1,0,0,0,0,0,0,0,0,0,1,0,0,0
2008,0,http://thepromisemovie.net,zh,Wu Ji,3.866026,12/15/05,0,98,Released,The Promise,5,29,1,0,0,0,0,0,1,0,1,0,0,0,0,0,1,0,1,0,0,0
2009,852510,NA,ro,"4 luni, 3 săptămîni și 2 zile",9.270133,8/24/07,1185783,113,Released,"4 Months, 3 Weeks and 2 Days",7.3,156,0,0,0,0,0,0,1,0,0,0,0,0,0,0,0,0,0,0,0,0
2011,7300000,http://www.sonypictures.com/classics/persepolis/,fr,Persepolis,24.281951,5/23/07,0,95,Released,Persepolis,7.7,450,0,0,1,0,0,0,1,0,0,0,0,0,0,0,0,0,0,0,0,0
2013,14000000,NA,fr,Le scaphandre et le papillon,13.65494,5/22/07,19777647,112,Released,The Diving Bell and the Butterfly,7.4,283,0,0,0,0,0,0,1,0,0,0,0,0,0,0,0,0,0,0,0,0
2018,35000000,NA,en,The Wedding Planner,14.949395,1/26/01,94728529,103,Released,The Wedding Planner,5.5,427,0,0,0,1,0,0,0,0,0,0,0,0,0,0,0,0,0,0,0,0
2022,50000000,NA,en,Mr. Deeds,18.121404,6/28/02,171269535,96,Released,Mr. Deeds,5.6,644,0,0,0,1,0,0,0,0,0,0,0,0,0,0,1,0,0,0,0,0
2023,100000000,NA,en,Hidalgo,16.759252,3/5/04,108103450,136,Released,Hidalgo,6.5,318,0,1,0,0,0,0,0,0,0,0,0,0,0,0,0,0,0,0,0,1
2024,110000000,NA,en,The Patriot,23.657284,6/28/00,215294342,165,Released,The Patriot,6.8,1099,1,0,0,0,0,0,1,0,0,0,1,0,0,0,0,0,0,0,1,0
2026,52000000,NA,en,Hostage,23.663713,3/9/05,77944725,113,Released,Hostage,6.2,512,0,0,0,0,1,0,1,0,0,0,0,0,0,1,0,0,1,0,0,0
2034,45000000,NA,en,Training Day,52.081131,10/5/01,104876233,122,Released,Training Day,7.3,1634,1,0,0,0,1,0,1,0,0,0,0,0,0,0,0,0,1,0,0,0
2043,60000000,NA,en,Along Came a Spider,21.252797,4/6/01,105178561,104,Released,Along Came a Spider,6.1,400,1,0,0,0,1,0,0,0,0,0,0,0,0,1,0,0,1,0,0,0
2044,40000000,http://wwws.warnerbros.de/thelakehouse/,en,The Lake House,29.88736,6/16/06,114830111,99,Released,The Lake House,6.5,670,0,0,0,0,0,0,1,0,0,0,0,0,0,1,1,0,0,0,0,0
2048,120000000,NA,en,"I, Robot",95.914473,7/15/04,347234916,115,Released,"I, Robot",6.7,3793,1,0,0,0,0,0,0,0,0,0,0,0,0,0,0,1,0,0,0,0
2054,0,NA,en,Mr. Holland's Opus,6.775294,12/29/95,106269971,137,Released,Mr. Holland's Opus,6.9,113,0,0,0,0,0,0,1,1,0,0,0,0,1,0,0,0,0,0,0,0
2055,22000000,NA,en,Open Range,19.068175,8/29/03,68296293,139,Released,Open Range,7,262,0,0,0,0,0,0,0,0,0,0,0,0,0,0,0,0,0,0,0,1
2056,500000,NA,en,The Station Agent,11.578545,1/26/03,8679814,88,Released,The Station Agent,7.4,210,0,0,0,1,0,0,1,0,0,0,0,0,0,0,0,0,0,0,0,0
2057,42000000,NA,en,Original Sin,14.831402,8/3/01,35402320,118,Released,Original Sin,5.8,198,0,0,0,0,0,0,1,0,0,0,0,0,0,1,1,0,1,0,0,0
2059,100000000,NA,en,National Treasure,58.849256,11/19/04,347451894,131,Released,National Treasure,6.4,1926,1,1,0,0,0,0,0,0,0,0,0,0,0,1,0,0,1,0,0,0
2062,150000000,http://disney.go.com/disneypictures/ratatouille/,en,Ratatouille,65.677399,6/22/07,623722818,111,Released,Ratatouille,7.5,4369,0,0,1,1,0,0,0,1,1,0,0,0,0,0,0,0,0,0,0,0
2067,90000000,NA,en,Mission to Mars,16.058284,3/10/00,60874615,114,Released,Mission to Mars,5.7,369,0,0,0,0,0,0,0,0,0,0,0,0,0,0,0,1,0,0,0,0
2069,41300000,NA,en,The Whole Nine Yards,23.441135,2/18/00,106371651,98,Released,The Whole Nine Yards,6.2,531,0,0,0,1,1,0,0,0,0,0,0,0,0,0,0,0,0,0,0,0
2074,7000000,NA,en,Flirting with Disaster,5.500324,3/22/96,14702438,92,Released,Flirting with Disaster,6.3,66,0,0,0,1,0,0,0,0,0,0,0,0,0,0,1,0,0,0,0,0
2080,150000000,http://www.x-menorigins.com/,en,X-Men Origins: Wolverine,5.954334,4/28/09,373062864,107,Released,X-Men Origins: Wolverine,6.2,4021,1,1,0,0,0,0,0,0,0,0,0,0,0,0,0,1,1,0,0,0
2084,13000000,NA,en,Birthday Girl,5.831302,9/6/01,0,93,Released,Birthday Girl,6.1,103,0,0,0,1,1,0,0,0,0,0,0,0,0,0,0,0,1,0,0,0
2085,25000000,NA,en,Romeo Must Die,19.750059,3/20/00,91036760,115,Released,Romeo Must Die,6,330,1,0,0,0,1,0,0,0,0,0,0,0,0,0,0,0,1,0,0,0
2088,11500000,NA,en,Romeo Is Bleeding,4.850402,9/13/93,3275585,100,Released,Romeo Is Bleeding,5.7,36,1,0,0,0,1,0,1,0,0,0,0,0,0,0,0,0,1,0,0,0
2100,72000000,NA,en,The Last Castle,15.433244,10/19/01,27642707,131,Released,The Last Castle,7,285,1,0,0,0,0,0,1,0,0,0,0,0,0,0,0,0,1,0,0,0
2105,11000000,NA,en,American Pie,60.767168,7/9/99,235483004,95,Released,American Pie,6.4,2296,0,0,0,1,0,0,0,0,0,0,0,0,0,0,1,0,0,0,0,0
2110,15300000,NA,fr,Wasabi,18.20957,10/31/01,0,94,Released,Wasabi,6.2,283,1,0,0,1,0,0,1,0,0,0,0,0,0,0,0,0,0,0,0,0
2112,90000000,NA,en,Payback,17.457947,2/5/99,161626121,100,Released,Payback,6.7,548,1,0,0,0,1,0,1,0,0,0,0,0,0,0,0,0,1,0,0,0
2114,137000000,NA,en,Final Fantasy: The Spirits Within,26.074908,7/2/01,85131830,106,Released,Final Fantasy: The Spirits Within,5.9,433,1,1,1,0,0,0,0,0,1,0,0,0,0,0,0,1,1,0,0,0
2116,50000000,NA,en,Out of Time,14.993459,10/3/03,55495563,105,Released,Out of Time,6.1,298,0,0,0,0,1,0,1,0,0,0,0,0,0,0,0,0,1,0,0,0
2118,35000000,NA,en,L.A. Confidential,24.860326,9/19/97,126216940,138,Released,L.A. Confidential,7.7,1310,0,0,0,0,1,0,1,0,0,0,0,0,0,1,0,0,1,0,0,0
2119,60000000,NA,en,Days of Thunder,16.278022,6/27/90,157920733,107,Released,Days of Thunder,5.9,353,0,1,0,0,0,0,0,0,0,0,0,0,0,0,0,0,0,0,0,0
2122,40000000,NA,en,The Whole Ten Yards,14.729386,4/7/04,26155781,98,Released,The Whole Ten Yards,5.5,278,0,0,0,1,1,0,0,0,0,0,0,0,0,0,0,0,1,0,0,0
2123,51000000,NA,en,"Me, Myself & Irene",39.001682,6/22/00,149270999,116,Released,"Me, Myself & Irene",6.1,927,0,0,0,1,0,0,0,0,0,0,0,0,0,0,0,0,0,0,0,0
2133,120000000,NA,en,The Perfect Storm,25.752118,3/15/00,325756637,130,Released,The Perfect Storm,6.2,597,0,0,0,0,0,0,1,0,0,0,0,0,0,0,0,0,0,0,0,0
2135,80000000,http://timemachine.countingdown.com/,en,The Time Machine,25.978555,3/4/02,123729176,96,Released,The Time Machine,5.8,631,1,1,0,0,0,0,0,0,0,0,0,0,0,0,0,1,0,0,0,0
2140,25000000,NA,en,Kiss of the Dragon,16.936576,7/6/01,64437847,98,Released,Kiss of the Dragon,6.4,298,1,0,0,0,1,0,0,0,0,0,0,0,0,0,0,0,1,0,0,0
2142,15000000,http://www.miramax.com/movie/cop-land,en,Cop Land,19.284129,8/15/97,44862187,104,Released,Cop Land,6.6,382,1,0,0,0,1,0,1,0,0,0,0,0,0,0,0,0,0,0,0,0
2148,58000000,NA,en,The Cotton Club,8.59075,12/14/84,25928721,127,Released,The Cotton Club,6.6,68,0,0,0,0,1,0,1,0,0,0,0,0,1,0,1,0,0,0,0,0
2155,42000000,NA,en,Reindeer Games,11.470135,2/25/00,32168970,124,Released,Reindeer Games,5.4,173,0,0,0,0,0,0,0,0,0,0,0,0,0,0,0,0,1,0,0,0
2157,80000000,NA,en,Lost in Space,17.455024,4/3/98,136159423,130,Released,Lost in Space,5,388,0,1,0,0,0,0,0,1,0,0,0,0,0,0,0,1,0,0,0,0
2162,70000000,NA,en,Chill Factor,3.276912,9/1/99,11263966,101,Released,Chill Factor,5.3,29,1,0,0,1,0,0,0,0,0,0,0,0,0,0,0,0,1,0,0,0
2163,36000000,NA,en,Breakdown,9.176339,5/2/97,50159144,95,Released,Breakdown,6.6,198,1,0,0,0,0,0,1,0,0,0,0,0,0,0,0,0,1,0,0,0
2176,30000000,NA,en,The Glass House,9.448517,9/14/01,23619609,106,Released,The Glass House,5.4,201,0,0,0,0,0,0,1,0,0,0,0,0,0,0,0,0,1,0,0,0
2185,40000000,NA,en,Big Trouble,5.201688,4/5/02,8493890,85,Released,Big Trouble,6.3,80,1,0,0,1,0,0,0,0,0,0,0,0,0,0,0,0,1,0,0,0
2196,9000000,http://www.deathatafuneral-themovie.com/,en,Death at a Funeral,20.410354,2/9/07,46,90,Released,Death at a Funeral,6.9,497,0,0,0,1,0,0,1,0,0,0,0,0,0,0,0,0,0,0,0,0
2207,55000000,NA,en,16 Blocks,32.31022,3/1/06,65664721,105,Released,16 Blocks,6.2,661,1,1,0,0,1,0,0,0,0,0,0,0,0,0,0,0,1,0,0,0
2211,0,NA,de,Aimee & Jaguar,2.832628,2/10/99,0,125,Released,Aimee & Jaguar,6.3,20,0,0,0,0,0,0,1,0,0,0,1,0,0,0,1,0,0,0,0,0
2251,50000000,NA,en,Unfaithful,14.382253,5/10/02,119137784,124,Released,Unfaithful,6.3,276,0,0,0,0,0,0,1,0,0,0,0,0,0,0,0,0,1,0,0,0
2252,51500000,http://www.focusfeatures.com/easternpromises/,en,Eastern Promises,35.481169,9/14/07,55112356,100,Released,Eastern Promises,7.2,848,0,0,0,0,1,0,0,0,0,0,0,0,0,1,0,0,1,0,0,0
2253,75000000,NA,en,Valkyrie,38.832842,12/25/08,200276e3,121,Released,Valkyrie,6.7,1173,0,0,0,0,0,0,1,0,0,0,1,0,0,0,0,0,1,0,1,0
2255,250000,http://www.viewaskew.com/chasingamy/,en,Chasing Amy,20.601483,4/4/97,12021272,113,Released,Chasing Amy,6.7,433,0,0,0,1,0,0,1,0,0,0,0,0,0,0,1,0,0,0,0,0
2266,13000000,NA,fr,"Paris, je t'aime",10.573191,5/16/06,4857367,120,Released,"Paris, je t'aime",6.8,207,0,0,0,0,0,0,1,0,0,0,0,0,0,0,1,0,0,0,0,0
2268,180000000,http://www.goldencompassmovie.com/index_german.html,en,The Golden Compass,42.990906,12/4/07,372234864,113,Released,The Golden Compass,5.8,1303,0,1,0,0,0,0,0,0,1,0,0,0,0,0,0,0,0,0,0,0
2270,70000000,http://www.stardustmovie.com,en,Stardust,48.032734,8/9/07,135560026,127,Released,Stardust,7.1,1184,0,1,0,0,0,0,0,1,1,0,0,0,0,0,1,0,0,0,0,0
2275,60000000,NA,en,The General's Daughter,18.345613,6/18/99,149705852,116,Released,The General's Daughter,6.1,205,0,0,0,0,1,0,1,0,0,0,0,0,0,1,0,0,1,0,0,0
2277,100000000,NA,en,Bicentennial Man,24.939295,12/17/99,937e5,131,Released,Bicentennial Man,6.9,963,0,0,0,1,0,0,0,0,0,0,0,0,0,0,0,1,0,0,0,0
2280,18000000,NA,en,Big,20.716023,6/3/88,151668774,104,Released,Big,6.9,993,0,0,0,1,0,0,1,1,1,0,0,0,0,0,1,0,0,0,0,0
2287,0,NA,en,Rize,1.623769,1/15/05,0,86,Released,Rize,5.9,13,0,0,0,0,0,1,0,0,0,0,0,0,0,0,0,0,0,0,0,0
2288,27000000,NA,en,Closer,22.636908,12/1/04,115505027,104,Released,Closer,6.7,811,0,0,0,0,0,0,1,0,0,0,0,0,0,0,1,0,0,0,0,0
2289,79000000,NA,en,Cold Mountain,24.598479,12/24/03,173013509,154,Released,Cold Mountain,6.7,533,0,0,0,0,0,0,1,0,0,0,0,0,0,0,0,0,0,0,0,0
2290,0,NA,en,Jakob the Liar,8.962245,9/16/99,0,120,Released,Jakob the Liar,6,90,0,0,0,1,0,0,1,0,0,0,1,0,0,0,0,0,0,0,0,0
2292,27000,http://www.miramax.com/movie/clerks/,en,Clerks,19.748658,9/13/94,3151130,92,Released,Clerks,7.4,755,0,0,0,1,0,0,0,0,0,0,0,0,0,0,0,0,0,0,0,0
2293,6000000,NA,en,Mallrats,16.139771,10/20/95,2122561,94,Released,Mallrats,6.8,392,0,0,0,1,0,0,0,0,0,0,0,0,0,0,1,0,0,0,0,0
2294,22000000,NA,en,Jay and Silent Bob Strike Back,21.865021,8/22/01,33788161,104,Released,Jay and Silent Bob Strike Back,6.4,480,0,0,0,1,0,0,0,0,0,0,0,0,0,0,0,0,0,0,0,0
2295,5000000,NA,en,Clerks II,18.077963,5/25/06,26888376,97,Released,Clerks II,6.9,398,0,0,0,1,0,0,0,0,0,0,0,0,0,0,0,0,0,0,0,0
2300,80000000,http://www.warnerbros.com/archive/spacejam/movie/jam.htm,en,Space Jam,36.125715,11/15/96,2502e5,88,Released,Space Jam,6.5,1288,0,0,1,1,0,0,1,1,1,0,0,0,0,0,0,0,0,0,0,0
2309,60000000,http://www.inkheartmovie.com/,en,Inkheart,27.018886,12/11/08,57490374,106,Released,Inkheart,6,592,0,1,0,0,0,0,0,1,1,0,0,0,0,0,0,0,0,0,0,0
2310,70000000,http://www.beowulfmovie.com/,en,Beowulf,35.601665,11/5/07,195735876,115,Released,Beowulf,5.5,841,1,1,1,0,0,0,0,0,0,0,0,0,0,0,0,0,0,0,0,0
2312,60000000,http://www.inthenameoftheking.com/,en,In the Name of the King: A Dungeon Siege Tale,15.406173,11/29/07,0,127,Released,In the Name of the King: A Dungeon Siege Tale,4.1,224,1,1,0,0,0,0,1,0,1,0,0,0,0,0,0,0,0,0,0,0
2320,55000000,NA,en,Executive Decision,17.231675,3/15/96,121969216,133,Released,Executive Decision,5.8,256,1,1,0,0,0,0,1,0,0,0,0,0,0,0,0,0,1,0,0,0
2355,20000000,http://www.sonypictures.com/movies/reignoverme/index.html,en,Reign Over Me,20.82778,3/23/07,22222308,124,Released,Reign Over Me,7.1,334,0,0,0,0,0,0,1,0,0,0,0,0,0,0,0,0,0,0,0,0
2359,9000000,NA,en,Sicko,14.098952,5/18/07,24538513,123,Released,Sicko,7.3,235,0,0,0,0,0,1,0,0,0,0,0,0,0,0,0,0,0,0,0,0
2370,4000000,NA,en,Topaz,5.975604,12/18/69,6e6,143,Released,Topaz,6.1,77,1,0,0,0,0,0,1,0,0,0,0,0,0,1,0,0,1,0,0,0
2395,97250400,http://www.asterixauxjeuxolympiques.com/index.php,fr,Astérix aux Jeux Olympiques,20.344364,1/13/08,1329e5,116,Released,Asterix at the Olympic Games,5,471,0,1,0,1,0,0,0,1,1,0,0,0,0,0,0,0,0,0,0,0
2428,20000000,NA,en,The Greatest Story Ever Told,3.011205,2/15/65,15473333,199,Released,The Greatest Story Ever Told,6.5,41,0,0,0,0,0,0,1,0,0,0,1,0,0,0,0,0,0,0,0,0
2447,35000000,NA,en,The Nativity Story,3.721272,12/1/06,0,101,Released,The Nativity Story,6.4,35,0,0,0,0,0,0,1,0,0,0,1,0,0,0,0,0,0,0,0,0
2453,23000000,http://www.mgm.com/title_title.do?title_star=HARLEYDA,en,Harley Davidson and the Marlboro Man,12.869436,8/23/91,7434726,98,Released,Harley Davidson and the Marlboro Man,6.1,82,1,0,0,0,0,0,0,0,0,0,0,0,0,0,0,0,1,0,0,0
2454,225000000,NA,en,The Chronicles of Narnia: Prince Caspian,53.978602,5/15/08,419651413,150,Released,The Chronicles of Narnia: Prince Caspian,6.3,1630,0,1,0,0,0,0,0,1,1,0,0,0,0,0,0,0,0,0,0,0
2486,100000000,http://www.eragonmovie.com/,en,Eragon,30.863434,12/14/06,249288105,104,Released,Eragon,4.9,967,1,1,0,0,0,0,0,1,1,0,0,0,0,0,0,0,0,0,0,0
2493,16000000,NA,en,The Princess Bride,44.533612,9/18/87,30857814,98,Released,The Princess Bride,7.6,1486,0,1,0,1,0,0,0,1,1,0,0,0,0,0,1,0,0,0,0,0
2501,60000000,http://www.universalstudiosentertainment.com/the-bourne-identity/,en,The Bourne Identity,86.476817,6/14/02,214034224,119,Released,The Bourne Identity,7.3,3583,1,0,0,0,0,0,1,0,0,0,0,0,0,1,0,0,1,0,0,0
2502,75000000,https://www.uphe.com/movies/the-bourne-supremacy,en,The Bourne Supremacy,53.213931,7/23/04,288500217,108,Released,The Bourne Supremacy,7.2,2825,1,0,0,0,0,0,1,0,0,0,0,0,0,0,0,0,1,0,0,0
2503,70000000,http://www.universalstudiosentertainment.com/the-bourne-ultimatum/,en,The Bourne Ultimatum,45.381501,8/3/07,442824138,115,Released,The Bourne Ultimatum,7.3,2888,1,0,0,0,0,0,1,0,0,0,0,0,0,1,0,0,1,0,0,0
2539,80000000,NA,en,Spanglish,14.209329,12/17/04,55041367,130,Released,Spanglish,5.8,369,0,0,0,1,0,0,0,0,0,0,0,0,0,0,0,0,0,0,0,0
2567,116000000,NA,en,The Aviator,45.616098,12/17/04,102e6,170,Released,The Aviator,7,1489,0,0,0,0,0,0,1,0,0,0,0,0,0,0,0,0,0,0,0,0
2575,21000000,NA,en,The Tailor of Panama,7.047975,2/11/01,28008462,109,Released,The Tailor of Panama,6.2,92,0,0,0,0,0,0,1,0,0,0,0,0,0,0,0,0,1,0,0,0
2577,7500000,NA,en,Code 46,8.859657,9/2/03,0,92,Released,Code 46,6.2,116,0,0,0,0,0,0,1,0,0,0,0,0,0,0,1,1,1,0,0,0
2604,14000000,NA,en,Born on the Fourth of July,25.949277,12/20/89,161001698,NA,Released,Born on the Fourth of July,6.7,395,0,0,0,0,0,0,1,0,0,0,0,0,0,0,0,0,0,0,1,0
2610,10284523,NA,en,Shopgirl,4.820166,10/21/05,11588205,104,Released,Shopgirl,5.7,75,0,0,0,1,0,0,1,0,0,0,0,0,0,0,1,0,0,0,0,0
2619,8000000,NA,en,Splash,21.735068,3/9/84,69821334,111,Released,Splash,6.1,321,0,0,0,1,0,0,0,0,1,0,0,0,0,0,1,0,0,0,0,0
2621,24000000,NA,en,Return to Me,5.771479,4/7/00,36609995,115,Released,Return to Me,6.1,67,0,0,0,1,0,0,1,0,0,0,0,0,0,0,1,0,0,0,0,0
2636,45000000,NA,en,The Specialist,16.582709,10/7/94,170362582,110,Released,The Specialist,5.5,313,1,0,0,0,0,0,0,0,0,0,0,0,0,0,0,0,1,0,0,0
2637,32000000,NA,en,The Mothman Prophecies,14.733513,1/25/02,55157539,119,Released,The Mothman Prophecies,6.1,305,0,0,0,0,0,0,1,0,0,0,0,1,0,1,0,0,0,0,0,0
2639,20000000,NA,en,Deconstructing Harry,11.352693,8/26/97,10686841,96,Released,Deconstructing Harry,7.3,187,0,0,0,1,0,0,1,0,0,0,0,0,0,0,0,0,0,0,0,0
2642,60000000,NA,en,Two Weeks Notice,24.153567,12/19/02,93354918,101,Released,Two Weeks Notice,5.9,487,0,0,0,1,0,0,0,0,0,0,0,0,0,0,1,0,0,0,0,0
2649,50000000,NA,en,The Game,62.925175,9/12/97,109423648,129,Released,The Game,7.5,1506,0,0,0,0,0,0,1,0,0,0,0,0,0,1,0,0,1,0,0,0
2652,950000,http://hardcandymovie.com/,en,Hard Candy,25.918007,1/14/05,7022209,103,Released,Hard Candy,6.8,701,0,0,0,0,0,0,1,0,0,0,0,0,0,0,0,0,1,0,0,0
2655,100000000,NA,en,What Lies Beneath,15.835672,7/21/00,155464351,130,Released,What Lies Beneath,6.3,488,0,0,0,0,0,0,1,0,0,0,0,1,0,1,0,0,1,0,0,0
2661,1377800,NA,en,Batman,9.815394,7/30/66,0,105,Released,Batman,6.1,203,0,1,0,1,1,0,0,1,0,0,0,0,0,0,0,1,0,0,0,0
2662,7000000,http://robzombie.com/movies/house-of-1000-corpses/,en,House of 1000 Corpses,19.301432,4/11/03,16829545,89,Released,House of 1000 Corpses,6,306,0,0,0,0,0,0,0,0,0,0,0,1,0,0,0,0,0,0,0,0
2666,27000000,NA,en,Dark City,39.324831,2/27/98,27200316,100,Released,Dark City,7.2,828,0,0,0,0,0,0,0,0,0,0,0,0,0,1,0,1,0,0,0,0
2667,60000,http://www.blairwitch.com/,en,The Blair Witch Project,41.690578,7/14/99,248e6,81,Released,The Blair Witch Project,6.3,1055,0,0,0,0,0,0,0,0,0,0,0,1,0,1,0,0,0,0,0,0
2669,25000000,NA,en,The Bounty,7.436491,5/4/84,8613462,132,Released,The Bounty,6.5,108,1,0,0,0,0,0,1,0,0,0,1,0,0,0,0,0,0,0,0,0
2675,72000000,NA,en,Signs,28.848187,8/2/02,408247917,106,Released,Signs,6.4,1599,0,0,0,0,0,0,1,0,0,0,0,0,0,1,0,1,1,0,0,0
2687,40000000,http://www.theofficialjohncarpenter.com/memoirs-of-an-invisible-man/,en,Memoirs of an Invisible Man,7.222985,2/28/92,14358033,99,Released,Memoirs of an Invisible Man,5.7,125,0,0,0,1,0,0,0,0,1,0,0,0,0,0,0,1,0,0,0,0
2698,175000000,http://www.evanalmighty.com/,en,Evan Almighty,27.082182,6/9/07,173e6,96,Released,Evan Almighty,5.3,1151,0,0,0,1,0,0,0,1,1,0,0,0,0,0,0,0,0,0,0,0
2749,60000000,NA,en,15 Minutes,15.205371,3/1/01,56359980,120,Released,15 Minutes,5.7,191,1,0,0,0,1,0,0,0,0,0,0,0,0,0,0,0,1,0,0,0
2752,17000000,NA,en,40 Days and 40 Nights,14.18136,3/1/02,0,94,Released,40 Days and 40 Nights,5.2,297,0,0,0,1,0,0,0,0,0,0,0,0,0,0,1,0,0,0,0,0
2755,30000000,NA,en,About Schmidt,19.925026,12/13/02,105834556,125,Released,About Schmidt,6.7,362,0,0,0,1,0,0,1,0,0,0,0,0,0,0,0,0,0,0,0,0
2756,70000000,NA,en,The Abyss,24.961625,8/9/89,90000098,139,Released,The Abyss,7.1,808,1,1,0,0,0,0,0,0,0,0,0,0,0,0,0,1,1,0,0,0
2757,19000000,http://www.sonypictures.com/homevideo/adaptation/index.html,en,Adaptation.,26.441669,12/6/02,32801173,114,Released,Adaptation.,7.3,638,0,0,0,1,1,0,1,0,0,0,0,0,0,0,0,0,0,0,0,0
2770,30000000,NA,en,American Pie 2,36.432598,8/10/01,287553595,108,Released,American Pie 2,6,1344,0,0,0,1,0,0,0,0,0,0,0,0,0,0,1,0,0,0,0,0
2771,0,http://www.newline.com/properties/americansplendor.html,en,American Splendor,7.792851,8/15/03,6003587,101,Released,American Splendor,7.1,120,0,0,0,1,0,0,1,0,0,0,0,0,0,0,0,0,0,0,0,0
2779,0,NA,en,The Curse of the Jade Scorpion,9.317265,8/5/01,0,103,Released,The Curse of the Jade Scorpion,6.5,165,0,0,0,1,1,0,0,0,0,0,0,0,0,1,1,0,1,0,0,0
2786,300000,NA,fr,Pierrot le fou,7.791898,8/29/65,0,110,Released,Pierrot le Fou,7.6,127,0,0,0,0,0,0,1,0,0,0,0,0,0,0,0,0,1,0,0,0
2787,23000000,http://www.pitchblack.com/,en,Pitch Black,18.493202,2/18/00,53187659,108,Released,Pitch Black,6.7,1789,1,0,0,0,0,0,0,0,0,0,0,0,0,0,0,1,1,0,0,0
2789,105000000,NA,en,The Chronicles of Riddick,27.835436,6/11/04,115772733,119,Released,The Chronicles of Riddick,6.3,1570,1,0,0,0,0,0,0,0,0,0,0,0,0,0,0,1,0,0,0,0
2830,14000000,NA,en,My Boss's Daughter,14.813614,8/21/03,0,83,Released,My Boss's Daughter,4.4,180,0,0,0,1,0,0,0,0,0,0,0,0,0,0,1,0,0,0,0,0
2832,30000000,NA,en,Identity,45.915165,4/25/03,90259536,90,Released,Identity,7.1,1061,0,0,0,0,0,0,0,0,0,0,0,0,0,1,0,0,1,0,0,0
2841,47000000,NA,fr,Un long dimanche de fiançailles,23.05451,10/26/04,0,133,Released,A Very Long Engagement,7.1,346,0,0,0,0,0,0,1,0,0,0,0,0,0,0,0,0,0,0,0,0
2895,5000000,NA,en,The Apostle,4.227807,10/9/97,0,134,Released,The Apostle,6.1,38,0,0,0,0,0,0,1,0,0,0,0,0,0,0,0,0,0,0,0,0
2898,50000000,NA,en,As Good as It Gets,37.885022,12/19/97,314178011,139,Released,As Good as It Gets,7.2,915,0,0,0,1,0,0,0,0,0,0,0,0,0,0,1,0,0,0,0,0
2900,75000000,NA,en,The Astronaut's Wife,20.697556,8/26/99,19598588,109,Released,The Astronaut's Wife,5.4,254,0,0,0,0,0,0,1,0,0,0,0,0,0,0,0,1,1,0,0,0
2907,30000000,NA,en,The Addams Family,37.179547,11/22/91,191502426,99,Released,The Addams Family,6.7,848,0,0,0,1,0,0,0,0,1,0,0,1,0,0,0,0,0,0,0,0
2925,26000000,NA,en,The First Wives Club,10.704596,9/20/96,1164e5,102,Released,The First Wives Club,6.5,166,0,0,0,1,0,0,0,0,0,0,0,0,0,0,0,0,0,0,0,0
2959,35000000,http://licensetowedthemovie.warnerbros.com/,en,License to Wed,14.503568,7/4/07,69307224,91,Released,License to Wed,5.2,253,0,0,0,1,0,0,0,0,0,0,0,0,0,0,0,0,0,0,0,0
2976,50000000,http://www.hairspraymovie.com/,en,Hairspray,31.160542,7/13/07,90450008,117,Released,Hairspray,6.5,709,0,0,0,1,0,0,0,1,0,0,0,0,1,0,1,0,0,0,0,0
2977,16500000,http://becomingjane-themovie.com/,en,Becoming Jane,18.236284,3/2/07,37311672,120,Released,Becoming Jane,6.9,317,0,0,0,0,0,0,1,0,0,0,0,0,0,0,1,0,0,0,0,0
2989,17000000,http://www.roarthemovie.com/,en,Roar,1.15641,11/12/81,2e6,102,Released,Roar,5.6,19,0,1,0,0,0,0,0,0,0,0,0,0,0,0,0,0,1,0,0,0
3021,25000000,http://www.1408-themovie.com/,en,1408,35.169779,7/12/07,94679598,104,Released,1408,6.5,1343,0,0,0,0,0,0,0,0,0,0,0,1,0,0,0,0,1,0,0,0
3028,0,NA,en,Jekyll and Hyde ... Together Again,0.805312,11/10/82,0,87,Released,Jekyll and Hyde ... Together Again,4.6,5,0,0,0,1,0,0,0,0,0,0,0,1,0,0,0,1,0,0,0,0
3033,10000000,http://www.godsandmonsters.net/,en,Gods and Monsters,5.588652,1/21/98,6451628,105,Released,Gods and Monsters,6.8,81,0,0,0,0,0,0,1,0,0,0,0,0,0,0,0,0,0,0,0,0
3034,2800000,NA,en,Young Frankenstein,36.444894,12/15/74,86273333,106,Released,Young Frankenstein,7.7,854,0,0,0,1,0,0,0,0,0,0,0,0,0,0,0,1,0,0,0,0
3040,4200000,NA,ru,Ночной дозор,12.540624,6/27/04,32e6,114,Released,Night Watch,6.3,210,1,0,0,0,0,0,0,0,1,0,0,0,0,0,0,0,1,0,0,0
3049,15000000,NA,en,Ace Ventura: Pet Detective,41.249004,2/4/94,107217396,86,Released,Ace Ventura: Pet Detective,6.4,1648,0,0,0,1,0,0,0,0,0,0,0,0,0,1,0,0,0,0,0,0
3050,71000000,NA,en,Doctor Dolittle,21.462935,6/22/98,294456605,85,Released,Doctor Dolittle,5.4,686,0,0,0,1,0,0,0,1,1,0,0,0,0,0,0,0,0,0,0,0
3059,385907,NA,en,Intolerance,3.232447,9/4/16,8394751,197,Released,Intolerance,7.4,60,0,0,0,0,0,0,1,0,0,0,0,0,0,0,0,0,0,0,0,0
3060,245000,NA,en,The Big Parade,0.785744,11/5/25,22e6,151,Released,The Big Parade,7,21,0,0,0,0,0,0,1,0,0,0,0,0,0,0,1,0,0,0,1,0
3062,439000,NA,en,42nd Street,1.933366,2/2/33,2281e3,89,Released,42nd Street,6.1,37,0,0,0,1,0,0,0,0,0,0,0,0,1,0,1,0,0,0,0,0
3078,325000,NA,en,It Happened One Night,11.871424,2/22/34,45e5,105,Released,It Happened One Night,7.7,275,0,0,0,1,0,0,0,0,0,0,0,0,0,0,1,0,0,0,0,0
3080,609000,NA,en,Top Hat,3.898498,9/6/35,3202e3,101,Released,Top Hat,7.4,59,0,0,0,1,0,0,0,0,0,0,0,0,1,0,1,0,0,0,0,0
3082,1,NA,en,Modern Times,28.27648,2/5/36,85e5,87,Released,Modern Times,8.1,856,0,0,0,1,0,0,1,0,0,0,0,0,0,0,0,0,0,0,0,0
3083,1500000,NA,en,Mr. Smith Goes to Washington,12.2624,10/19/39,96e5,129,Released,Mr. Smith Goes to Washington,7.9,241,0,0,0,1,0,0,1,0,0,0,0,0,0,0,0,0,0,0,0,0
3089,3000000,NA,en,Red River,5.344815,8/26/48,9012e3,133,Released,Red River,7.3,82,0,0,0,0,0,0,0,0,0,0,0,0,0,0,0,0,0,0,0,1
3093,70000000,NA,en,Basic Instinct 2,13.483387,3/29/06,38629478,114,Released,Basic Instinct 2,4.6,180,0,0,0,0,1,0,0,0,0,0,0,0,0,1,0,0,1,0,0,0
3116,3600000,NA,en,Midnight Cowboy,21.119209,5/25/69,44785053,113,Released,Midnight Cowboy,7.4,299,0,0,0,0,0,0,1,0,0,0,0,0,0,0,0,0,0,0,0,0
3131,100000000,http://video.movies.go.com/gangsofnewyork/,en,Gangs of New York,46.160048,12/14/02,193772504,167,Released,Gangs of New York,7.1,1910,0,0,0,0,1,0,1,0,0,0,1,0,0,0,0,0,0,0,0,0
3132,70000000,NA,en,Bad Company,14.086292,6/7/02,65977295,116,Released,Bad Company,5.4,228,1,1,0,1,0,0,0,0,0,0,0,0,0,0,0,0,1,0,0,0
3170,858000,http://movies.disney.com/bambi,en,Bambi,47.651878,8/14/42,267447150,70,Released,Bambi,6.8,1405,0,0,1,0,0,0,1,1,0,0,0,0,0,0,0,0,0,0,0,0
3172,75000000,NA,en,Bandits,24.353302,10/12/01,67631903,123,Released,Bandits,6.2,302,1,0,0,1,1,0,0,0,0,0,0,0,0,0,1,0,0,0,0,0
3175,11000000,NA,en,Barry Lyndon,29.543331,12/18/75,2e7,184,Released,Barry Lyndon,7.7,505,0,0,0,0,0,0,1,0,0,0,0,0,0,0,1,0,0,0,1,0
3179,12000000,NA,en,Beavis and Butt-Head Do America,12.60629,12/15/96,0,81,Released,Beavis and Butt-Head Do America,6.5,168,0,0,1,1,0,0,0,0,0,0,0,0,0,0,0,0,0,0,0,0
3291,7000000,http://wip.warnerbros.com/goodnightgoodluck/,en,"Good Night, and Good Luck.",17.717681,9/16/05,546e5,93,Released,"Good Night, and Good Luck.",6.8,273,0,0,0,0,0,0,1,0,0,0,1,0,0,0,0,0,0,0,0,0
3472,0,NA,en,Dirty Pretty Things,9.177896,9/5/02,0,97,Released,Dirty Pretty Things,6.8,131,0,0,0,0,1,0,1,0,0,0,0,0,0,0,0,0,1,0,0,0
3482,5800000,NA,en,The Train,4.49029,9/21/64,68e5,133,Released,The Train,7.2,72,1,0,0,0,0,0,1,0,0,0,0,0,0,0,0,0,1,0,1,0
3489,30000000,NA,en,88 Minutes,16.883429,2/14/07,16930884,108,Released,88 Minutes,5.7,313,0,0,0,0,1,0,0,0,0,0,0,0,0,1,0,0,1,0,0,0
3509,8700000,http://www.warnerbros.com/movies/home-entertainment/scanner-darkly-a/d7c290af-c285-41c4-a4d6-efb3a86b3893.html,en,A Scanner Darkly,26.093043,5/25/06,7659918,100,Released,A Scanner Darkly,6.8,532,0,0,1,0,0,0,0,0,0,0,0,0,0,0,0,1,1,0,0,0
3512,60000000,NA,en,Under Siege 2: Dark Territory,13.080725,7/13/95,104324083,100,Released,Under Siege 2: Dark Territory,5.6,210,1,0,0,0,0,0,0,0,0,0,0,0,0,0,0,0,1,0,0,0
3536,62000000,http://www.u-571.com/,en,U-571,18.096884,4/20/00,127666415,116,Released,U-571,6.1,340,1,0,0,0,0,0,1,0,0,0,0,0,0,0,0,0,1,0,1,0
3558,40000000,NA,en,"Girl, Interrupted",10.713521,12/21/99,0,127,Released,"Girl, Interrupted",7.6,721,0,0,0,0,0,0,1,0,0,0,0,0,0,0,0,0,0,0,0,0
3580,55000000,http://www.changelingmovie.net,en,Changeling,27.50916,1/30/08,113020255,141,Released,Changeling,7.3,1131,0,0,0,0,1,0,1,0,0,0,0,0,0,1,0,0,0,0,0,0
3587,32000000,NA,en,Bogus,3.379454,9/6/96,0,110,Released,Bogus,5.4,44,0,0,0,1,0,0,0,1,1,0,0,0,0,0,0,0,0,0,0,0
3594,30000000,http://wwws.warnerbros.de/number23/,en,The Number 23,23.197408,2/23/07,77566815,101,Released,The Number 23,6.3,1018,0,0,0,0,0,0,1,0,0,0,0,0,0,1,0,0,1,0,0,0
3595,80000000,NA,en,Ransom,16.411345,11/8/96,309492681,117,Released,Ransom,6.4,470,1,0,0,0,0,0,0,0,0,0,0,0,0,0,0,0,1,0,0,0
3597,17000000,NA,en,I Know What You Did Last Summer,27.654472,10/17/97,125586134,100,Released,I Know What You Did Last Summer,5.6,687,0,0,0,0,0,0,0,0,0,0,0,1,0,1,0,0,1,0,0,0
3600,65000000,NA,en,I Still Know What You Did Last Summer,20.793026,11/13/98,40002112,100,Released,I Still Know What You Did Last Summer,5.1,374,0,0,0,0,0,0,0,0,0,0,0,1,0,1,0,0,1,0,0,0
3604,35000000,NA,en,Flash Gordon,12.343507,9/1/80,27107960,111,Released,Flash Gordon,6.1,233,0,0,0,0,0,0,0,0,0,0,0,0,0,0,0,1,0,0,0,0
3635,0,NA,en,Girl with a Pearl Earring,19.944479,8/31/03,31466789,101,Released,Girl with a Pearl Earring,6.4,377,0,0,0,0,0,0,1,0,0,0,0,0,0,0,1,0,0,0,0,0
3638,28000000,http://noreservationsmovie.warnerbros.com/,en,No Reservations,15.794946,7/25/07,92601050,104,Released,No Reservations,6.1,327,0,0,0,1,0,0,0,0,0,0,0,0,0,0,0,0,0,0,0,0
3682,13000000,NA,en,54,11.880899,8/28/98,16757163,106,Released,54,5.5,135,0,0,0,0,0,0,1,0,0,0,0,0,1,0,0,0,0,0,0,0
3683,90000000,NA,en,Flags of Our Fathers,23.9366,10/18/06,65900249,132,Released,Flags of Our Fathers,6.7,526,0,0,0,0,0,0,1,0,0,0,1,0,0,0,0,0,0,0,1,0
3766,2300000,NA,en,The Lady from Shanghai,8.055084,12/24/47,0,NA,Released,The Lady from Shanghai,7.2,102,0,0,0,0,1,0,1,0,0,0,0,0,0,1,0,0,0,0,0,0
3877,16000000,http://www.thingswelostinthefiremovie.com/,en,Things We Lost in the Fire,8.842869,9/26/07,2849142,113,Released,Things We Lost in the Fire,6.7,90,0,0,0,0,0,0,1,0,0,0,0,0,0,0,0,0,0,0,0,0
3902,20000000,http://www.imnotthere-movie.com/,en,I'm Not There.,13.032308,10/1/07,4001121,135,Released,I'm Not There.,6.6,195,0,0,0,0,0,0,1,0,0,0,0,0,1,0,0,0,0,0,0,0
3933,40000000,http://corpsebridemovie.warnerbros.com/,en,Corpse Bride,43.571612,9/9/05,117195061,77,Released,Corpse Bride,7.2,1894,0,0,1,0,0,0,0,0,1,0,0,0,1,0,1,0,0,0,0,0
3981,70000000,NA,en,What Women Want,31.39165,12/15/00,374111707,127,Released,What Women Want,6.1,992,0,0,0,1,0,0,0,0,0,0,0,0,0,0,1,0,0,0,0,0
3989,32000000,http://www.teamamerica.com,en,Team America: World Police,26.509175,10/10/04,50907422,98,Released,Team America: World Police,6.6,660,1,1,1,1,0,0,0,0,0,0,0,0,1,0,0,0,0,0,0,0
4011,15000000,NA,en,Beetlejuice,58.553213,2/29/88,73326666,92,Released,Beetlejuice,7.1,1444,0,0,0,1,0,0,0,0,1,0,0,0,0,0,0,0,0,0,0,0
4012,1500000,NA,en,The Believer,9.856826,1/19/01,416925,98,Released,The Believer,6.8,151,0,0,0,0,0,0,1,0,0,0,0,0,0,0,0,0,0,0,0,0
4032,16500000,NA,en,My Girl,20.935169,11/27/91,0,102,Released,My Girl,7,428,0,0,0,1,0,0,1,1,0,0,0,0,0,0,0,0,0,0,0,0
4105,30000000,NA,en,Black Rain,11.19602,9/22/89,45892212,125,Released,Black Rain,6.2,243,1,0,0,0,1,0,0,0,0,0,0,0,0,0,0,0,1,0,0,0
4107,0,NA,en,Bloody Sunday,7.330691,1/16/02,773228,107,Released,Bloody Sunday,7.2,53,1,1,0,0,0,0,1,0,0,0,1,0,0,0,0,0,0,0,0,0
4108,21000000,NA,en,The Transporter,34.433521,10/2/02,43928932,92,Released,The Transporter,6.6,1692,1,0,0,0,1,0,0,0,0,0,0,0,0,0,0,0,1,0,0,0
4133,53000000,NA,en,Blow,28.350529,4/4/01,83282296,124,Released,Blow,7.4,1317,0,0,0,0,1,0,1,0,0,0,0,0,0,0,0,0,0,0,0,0
4147,80000000,NA,en,Road to Perdition,49.078546,7/12/02,181001478,117,Released,Road to Perdition,7.3,1077,0,0,0,0,1,0,1,0,0,0,0,0,0,0,0,0,1,0,0,0
4148,35000000,NA,en,Revolutionary Road,20.360549,12/19/08,75225693,119,Released,Revolutionary Road,6.7,796,0,0,0,0,0,0,1,0,0,0,0,0,0,0,1,0,0,0,0,0
4170,12000000,http://www.trade-derfilm.de/,en,Trade,11.237374,1/23/07,0,120,Released,Trade,6.8,67,0,0,0,0,0,0,1,0,0,0,0,0,0,0,0,0,1,0,0,0
4174,1500000,NA,en,Spellbound,11.145915,12/28/45,7e6,111,Released,Spellbound,7.3,160,0,0,0,0,0,0,1,0,0,0,0,0,0,1,0,0,1,0,0,0
4232,14000000,NA,en,Scream,45.99611,12/20/96,173046663,111,Released,Scream,7,1476,0,0,0,0,1,0,0,0,0,0,0,1,0,1,0,0,0,0,0,0
4233,24000000,NA,en,Scream 2,35.244037,12/9/97,172363301,120,Released,Scream 2,6.1,840,0,0,0,0,0,0,0,0,0,0,0,1,0,1,0,0,0,0,0,0
4234,40000000,NA,en,Scream 3,24.992057,2/3/00,161834276,116,Released,Scream 3,5.7,736,0,0,0,0,0,0,0,0,0,0,0,1,0,1,0,0,0,0,0,0
4244,65000000,http://movies.disney.com/the-kid,en,The Kid,18.281798,7/7/00,697e5,104,Released,The Kid,6,238,0,0,0,1,0,0,0,1,1,0,0,0,0,0,0,0,0,0,0,0
4248,45000000,NA,en,Scary Movie 2,35.376971,7/4/01,141220678,83,Released,Scary Movie 2,5.4,982,0,0,0,1,0,0,0,0,0,0,0,0,0,0,0,0,0,0,0,0
4251,7000000,NA,hi,Veer-Zaara,3.721858,11/12/04,29385320,192,Released,Veer-Zaara,7.4,64,0,0,0,0,0,0,1,0,0,0,0,0,0,0,1,0,0,0,0,0
4256,48000000,NA,en,Scary Movie 3,36.585509,10/24/03,220673217,84,Released,Scary Movie 3,5.8,912,0,0,0,1,0,0,0,0,0,0,0,0,0,0,0,0,0,0,0,0
4257,45000000,NA,en,Scary Movie 4,32.549282,4/13/06,178262620,83,Released,Scary Movie 4,5.3,750,0,0,0,1,0,0,0,0,0,0,0,0,0,0,0,0,0,0,0,0
4258,20000000,NA,en,Scary Movie 5,36.819044,4/11/13,78378744,86,Released,Scary Movie 5,4.6,793,0,0,0,1,0,0,0,0,0,0,0,0,0,0,0,0,0,0,0,0
4327,92000000,NA,en,Charlie's Angels,40.20395,11/2/00,264105545,98,Released,Charlie's Angels,5.6,1232,1,1,0,1,1,0,0,0,0,0,0,0,0,0,0,0,1,0,0,0
4347,30000000,NA,en,Atonement,33.369305,8/29/07,129266061,123,Released,Atonement,7.4,1049,0,0,0,0,0,0,1,0,0,0,0,0,0,0,1,0,0,0,0,0
4348,28000000,http://www.prideandprejudicemovie.net/splash.html,en,Pride & Prejudice,36.58383,9/16/05,121147947,135,Released,Pride & Prejudice,7.7,1358,0,0,0,0,0,0,1,0,0,0,0,0,0,0,1,0,0,0,0,0
4349,70000000,http://www.thekingdommovie.com/,en,The Kingdom,26.123705,8/22/07,86658558,110,Released,The Kingdom,6.5,513,1,0,0,0,0,0,1,0,0,0,0,0,0,0,0,0,1,0,0,0
4379,43000000,NA,en,Monster-in-Law,10.411996,5/13/05,154749918,101,Released,Monster-in-Law,5.6,406,0,0,0,1,0,0,0,0,0,0,0,0,0,0,1,0,0,0,0,0
4380,50000000,http://www.miramax.com/shallwedance/,en,Shall We Dance?,14.231899,10/15/04,170128460,107,Released,Shall We Dance?,5.9,297,0,0,0,1,0,0,1,0,0,0,0,0,0,0,1,0,0,0,0,0
4421,50000000,NA,en,G.I. Jane,19.434672,8/22/97,48169156,125,Released,G.I. Jane,6,395,1,0,0,0,0,0,1,0,0,0,0,0,0,0,0,0,0,0,0,0
4442,88000000,NA,en,The Brothers Grimm,40.138009,8/26/05,105316267,118,Released,The Brothers Grimm,5.6,818,1,1,0,1,0,0,0,0,1,0,0,0,0,0,0,0,1,0,0,0
4464,87000000,http://www.seabiscuitmovie.com/,en,Seabiscuit,14.824166,7/22/03,148336445,141,Released,Seabiscuit,6.7,216,0,0,0,0,0,0,1,0,0,0,1,0,0,0,0,0,0,0,0,0
4474,0,NA,en,My Super Ex-Girlfriend,20.252143,6/20/06,60896147,95,Released,My Super Ex-Girlfriend,4.8,442,1,0,0,1,1,0,1,0,1,0,0,0,0,0,0,1,0,0,0,0
4476,30000000,NA,en,Legends of the Fall,26.952727,12/16/94,160638883,133,Released,Legends of the Fall,7.2,619,0,1,0,0,0,0,1,0,0,0,0,0,0,0,1,0,0,0,1,0
4477,90000000,NA,en,The Devil's Own,15.350451,3/12/97,140807547,107,Released,The Devil's Own,5.9,290,0,0,0,0,1,0,1,0,0,0,0,0,0,0,0,0,1,0,0,0
4512,30000000,http://jessejamesmovie.warnerbros.com/,en,The Assassination of Jesse James by the Coward Robert Ford,35.53352,9/2/07,14711793,160,Released,The Assassination of Jesse James by the Coward Robert Ford,7,776,1,0,0,0,0,0,1,0,0,0,0,0,0,0,0,0,0,0,0,1
4513,30000000,http://www.30daysofnight.com/,en,30 Days of Night,33.394082,10/17/07,75505973,113,Released,30 Days of Night,6.2,767,0,0,0,0,0,0,0,0,0,0,0,1,0,0,0,0,1,0,0,0
4515,35000000,NA,en,Lions for Lambs,9.789027,10/22/07,63215872,92,Released,Lions for Lambs,6,216,1,1,0,0,0,0,1,0,0,0,1,0,0,0,0,0,0,0,0,0
4517,55000000,NA,en,Elizabeth: The Golden Age,15.274137,9/9/07,74237563,114,Released,Elizabeth: The Golden Age,6.6,303,0,0,0,0,0,0,1,0,0,0,1,0,0,0,1,0,0,0,0,0
4518,30000000,NA,en,Elizabeth,14.179538,9/13/98,82150642,124,Released,Elizabeth,7.1,334,0,0,0,0,0,0,1,0,0,0,1,0,0,0,0,0,0,0,0,0
4523,85000000,http://disney.go.com/disneypictures/enchanted/,en,Enchanted,29.21998,11/20/07,340487652,107,Released,Enchanted,6.6,1449,0,0,0,1,0,0,0,1,1,0,0,0,0,0,1,0,0,0,0,0
4547,48000000,http://www.sonypictures.com/movies/panicroom/,en,Panic Room,53.043124,3/29/02,196397415,111,Released,Panic Room,6.5,1267,0,0,0,0,1,0,1,0,0,0,0,0,0,0,0,0,1,0,0,0
4550,0,http://www.lady-vengeance.de/,ko,친절한 금자씨,17.074843,7/29/05,23803308,115,Released,Sympathy for Lady Vengeance,7.4,356,0,0,0,0,0,0,1,0,0,0,0,0,0,0,0,0,1,0,0,0
4551,53000000,NA,en,Be Cool,18.61472,3/4/05,95226116,118,Released,Be Cool,5.4,292,0,0,0,1,1,0,0,0,0,0,0,0,0,0,0,0,0,0,0,0
4553,5000000,NA,en,The Machinist,35.252056,2/9/04,8203235,101,Released,The Machinist,7.3,1247,0,0,0,0,0,0,1,0,0,0,0,0,0,0,0,0,1,0,0,0
4566,25000000,http://michaelclayton.warnerbros.com/,en,Michael Clayton,18.961323,9/28/07,92991835,119,Released,Michael Clayton,6.5,501,0,0,0,0,1,0,1,0,0,0,0,0,0,1,0,0,0,0,0,0
4584,16500000,NA,en,Sense and Sensibility,20.898711,12/13/95,135e6,136,Released,Sense and Sensibility,7.2,352,0,0,0,0,0,0,1,0,0,0,0,0,0,0,1,0,0,0,0,0
4597,20000000,NA,en,Armored,15.21229,12/4/09,22942221,88,Released,Armored,5.5,208,1,0,0,0,1,0,1,0,0,0,0,0,0,0,0,0,1,0,0,0
4599,50000000,NA,en,Raising Helen,13.298205,5/27/04,49718611,119,Released,Raising Helen,5.9,189,0,0,0,1,0,0,1,0,0,0,0,0,0,0,1,0,0,0,0,0
4614,68000000,http://www.paramount.com/movies/sum-all-fears,en,The Sum of All Fears,22.392544,5/31/02,193e6,124,Released,The Sum of All Fears,5.9,437,1,0,0,0,0,0,1,0,0,0,0,0,0,0,0,0,1,0,0,0
4638,12000000,http://www.universalstudiosentertainment.com/hot-fuzz/,en,Hot Fuzz,38.623178,2/14/07,80573774,121,Released,Hot Fuzz,7.4,2199,1,0,0,1,1,0,0,0,0,0,0,0,0,0,0,0,0,0,0,0
4657,0,http://www.sonyclassics.com/jindabyne/,en,Jindabyne,8.950864,7/20/06,0,123,Released,Jindabyne,5.7,25,0,0,0,0,1,0,1,0,0,0,0,0,0,1,0,0,1,0,0,0
4688,0,http://www.acrosstheuniverse.com/,en,Across the Universe,11.872841,9/14/07,0,133,Released,Across the Universe,7.1,410,0,1,0,0,0,0,1,0,0,0,0,0,1,0,1,0,0,0,0,0
4723,17000000,http://darko.com/film_southlandtales.html,en,Southland Tales,9.349386,5/15/06,374743,144,Released,Southland Tales,5.2,153,1,1,0,1,0,0,1,0,0,0,0,0,0,0,0,1,1,0,0,0
4806,70000000,NA,en,Runaway Bride,20.230535,7/30/99,309457509,116,Released,Runaway Bride,5.7,455,0,0,0,1,0,0,0,0,0,0,0,0,0,0,1,0,0,0,0,0
4816,0,NA,en,Ghost Dog: The Way of the Samurai,18.223139,9/13/99,0,116,Released,Ghost Dog: The Way of the Samurai,7.2,298,0,0,0,0,1,0,1,0,0,0,0,0,0,0,0,0,0,0,0,0
4824,60000000,NA,en,The Jackal,19.747459,11/14/97,159330280,124,Released,The Jackal,6.1,527,1,1,0,0,1,0,0,0,0,0,0,0,0,0,0,0,1,0,0,0
4836,6500000,http://www.sonypictures.co.uk/homevideo/layercake/index.html,en,Layer Cake,24.0034,9/30/04,11850214,105,Released,Layer Cake,7,559,0,0,0,0,1,0,1,0,0,0,0,0,0,0,0,0,1,0,0,0
4858,80000000,NA,en,The Invasion,15.673154,8/17/07,15071514,99,Released,The Invasion,5.7,359,0,0,0,0,0,0,0,0,0,0,0,0,0,0,0,1,1,0,0,0
4911,15000000,NA,en,Dark Blue,6.373316,12/14/02,9237470,118,Released,Dark Blue,6.5,85,1,0,0,0,1,0,1,0,0,0,0,0,0,0,0,0,1,0,0,0
4912,30000000,NA,en,Confessions of a Dangerous Mind,18.165957,12/30/02,33013805,113,Released,Confessions of a Dangerous Mind,6.6,275,0,0,0,1,1,0,1,0,0,0,0,0,0,0,1,0,1,0,0,0
4922,150000000,http://www.benjaminbutton.com/,en,The Curious Case of Benjamin Button,60.269279,11/24/08,333932083,166,Released,The Curious Case of Benjamin Button,7.3,3292,0,0,0,0,0,0,1,0,1,0,0,0,0,1,1,0,1,0,0,0
4929,1800000,NA,en,Hang 'em High,11.756943,7/31/68,68e5,114,Released,Hang 'em High,6.7,192,0,0,0,0,0,0,0,0,0,0,0,0,0,0,0,0,0,0,0,1
4935,24000000,NA,ja,ハウルの動く城,49.549984,11/19/04,234710455,119,Released,Howl's Moving Castle,8.2,1991,0,1,1,0,0,0,0,0,1,0,0,0,0,0,0,0,0,0,0,0
4942,58000000,http://www.leatherheadsmovie.com/,en,Leatherheads,7.739276,3/24/08,41299492,114,Released,Leatherheads,5.7,130,0,0,0,1,0,0,1,0,0,0,0,0,0,0,1,0,0,0,0,0
4944,37000000,NA,en,Burn After Reading,31.941347,9/5/08,163720069,96,Released,Burn After Reading,6.5,1222,0,0,0,1,0,0,1,0,0,0,0,0,0,0,0,0,0,0,0,0
4951,16000000,NA,en,10 Things I Hate About You,54.550275,3/30/99,53478166,97,Released,10 Things I Hate About You,7.3,1701,0,0,0,1,0,0,1,0,0,0,0,0,0,0,1,0,0,0,0,0
4953,0,NA,en,Be Kind Rewind,17.662683,1/20/08,0,102,Released,Be Kind Rewind,6.2,424,0,0,0,1,0,0,1,0,0,0,0,0,0,0,0,0,0,0,0,0
4958,80000000,NA,en,The Legend of Bagger Vance,16.848899,11/2/00,39459427,126,Released,The Legend of Bagger Vance,6.3,251,0,0,0,0,0,0,1,0,1,0,0,0,0,0,0,0,0,0,0,0
4959,50000000,http://www.sonypictures.com/movies/theinternational/site/,en,The International,13.391833,2/3/09,60161391,118,Released,The International,6,368,0,0,0,0,1,0,1,0,0,0,0,0,0,0,0,0,1,0,0,0
4960,21000000,http://www.sonyclassics.com/synecdocheny,en,"Synecdoche, New York",12.761176,10/24/08,0,124,Released,"Synecdoche, New York",7.4,278,0,0,0,0,0,0,1,0,0,0,0,0,0,0,0,0,0,0,0,0
4964,30000000,http://knockedupmovie.com/,en,Knocked Up,22.527211,6/1/07,219076518,129,Released,Knocked Up,6.2,1214,0,0,0,1,0,0,1,0,0,0,0,0,0,0,1,0,0,0,0,0
4965,40000000,NA,en,Impostor,9.579975,12/3/01,0,102,Released,Impostor,6.1,135,1,0,0,0,0,0,0,0,0,0,0,0,0,0,0,1,1,0,0,0
4967,30000000,NA,en,Keeping the Faith,8.085872,4/14/00,37036004,127,Released,Keeping the Faith,5.9,159,0,0,0,1,0,0,0,0,0,0,0,0,0,0,0,0,0,0,0,0
4970,40000000,http://gothikamovie.warnerbros.com/,en,Gothika,27.303608,11/21/03,141591324,98,Released,Gothika,5.8,629,0,0,0,0,0,0,0,0,0,0,0,1,0,0,0,0,1,0,0,0
4982,100000000,http://www.americangangster.net/,en,American Gangster,42.361215,11/2/07,266465037,157,Released,American Gangster,7.4,1502,0,0,0,0,1,0,1,0,0,0,0,0,0,0,0,0,0,0,0,0
4995,15000000,NA,en,Boogie Nights,19.85579,9/11/97,43101594,155,Released,Boogie Nights,7.5,796,0,0,0,0,0,0,1,0,0,0,0,0,0,0,0,0,0,0,0,0
4997,5000000,NA,en,Wonderland,7.79068,10/23/03,2466444,104,Released,Wonderland,6.2,73,0,0,0,0,1,0,1,0,0,0,0,0,0,1,0,0,1,0,0,0
5038,15000000,NA,en,Vicky Cristina Barcelona,32.758254,8/15/08,96408652,96,Released,Vicky Cristina Barcelona,6.7,1020,0,0,0,0,0,0,1,0,0,0,0,0,0,0,1,0,0,0,0,0
5072,0,http://www.severancefilm.com,en,Severance,12.898984,5/19/06,0,96,Released,Severance,6.4,169,0,0,0,1,0,0,0,0,0,0,0,1,0,0,0,0,1,0,0,0
5123,25000000,http://augustrushmovie.warnerbros.com/,en,August Rush,29.533437,11/21/07,66122026,114,Released,August Rush,7.1,797,0,0,0,0,0,0,1,0,0,0,0,0,0,0,0,0,0,0,0,0
5125,27500000,http://www.renditionmovie.com,en,Rendition,12.741073,9/7/07,24748670,120,Released,Rendition,6.2,205,0,0,0,0,0,0,1,0,0,0,0,0,0,0,0,0,1,0,0,0
5126,0,NA,en,Martian Child,5.737161,11/2/07,0,106,Released,Martian Child,6.8,79,0,0,0,0,0,0,1,0,0,0,0,0,0,0,0,0,0,0,0,0
5137,70000000,http://www.skycaptain.com/,en,Sky Captain and the World of Tomorrow,24.664776,9/17/04,57958696,107,Released,Sky Captain and the World of Tomorrow,5.7,439,1,1,0,0,0,0,0,0,0,0,0,0,0,1,0,1,1,0,0,0
5172,13000000,http://theastronautfarmermovie.warnerbros.com/,en,The Astronaut Farmer,6.764437,10/15/06,11130889,104,Released,The Astronaut Farmer,6.2,123,0,1,0,1,0,0,1,0,0,0,0,0,0,0,0,1,0,0,0,0
5174,140000000,NA,en,Rush Hour 3,22.57178,8/8/07,258022233,91,Released,Rush Hour 3,6.1,783,1,0,0,1,1,0,0,0,0,0,0,0,0,0,0,0,1,0,0,0
5175,90000000,NA,en,Rush Hour 2,35.814765,8/3/01,347325802,90,Released,Rush Hour 2,6.4,1054,1,0,0,1,1,0,0,0,0,0,0,0,0,0,0,0,1,0,0,0
5176,55000000,http://www.310toyumathefilm.com/,en,3:10 to Yuma,48.801089,9/6/07,70016220,122,Released,3:10 to Yuma,6.9,1188,0,0,0,0,0,0,0,0,0,0,0,0,0,0,0,0,0,0,0,1
5178,3800000,http://www.thegoodheartfilm.com/,en,The Good Heart,2.201678,9/11/09,0,95,Released,The Good Heart,6,21,0,0,0,1,0,0,1,0,0,0,0,0,0,0,1,0,0,0,0,0
5236,15000000,NA,en,Kiss Kiss Bang Bang,32.690038,9/5/05,15785148,103,Released,Kiss Kiss Bang Bang,7.2,886,1,0,0,1,1,0,0,0,0,0,0,0,0,1,0,0,0,0,0,0
5255,165000000,NA,en,The Polar Express,47.323228,11/10/04,305875730,100,Released,The Polar Express,6.4,1474,0,1,1,0,0,0,0,1,1,0,0,0,0,0,0,0,0,0,0,0
5279,19800000,NA,en,Gosford Park,11.693272,11/7/01,87754044,137,Released,Gosford Park,6.8,246,0,0,0,0,0,0,1,0,0,0,0,0,0,1,0,0,1,0,0,0
5353,0,http://www.thehuntingpartymovie.com/,en,The Hunting Party,8.048305,9/3/07,0,101,Released,The Hunting Party,6.6,96,1,1,0,0,0,0,1,0,0,0,0,0,0,0,0,0,1,0,0,0
5393,47000000,http://www.happilyneverafterthefilm.com/,en,Happily N'Ever After,10.410933,9/14/06,38085778,75,Released,Happily N'Ever After,4.6,104,0,0,1,1,0,0,0,1,1,0,0,0,0,0,0,1,0,0,0,0
5491,44000000,NA,en,Battlefield Earth,7.89147,5/10/00,214e5,118,Released,Battlefield Earth,3,255,1,0,0,0,0,0,0,0,0,0,0,0,0,0,0,1,0,0,1,0
5494,32000000,NA,en,George and the Dragon,4.120549,3/28/04,0,93,Released,George and the Dragon,5,13,0,1,0,0,0,0,0,0,0,0,0,0,0,0,0,0,0,0,0,0
5503,44000000,NA,en,The Fugitive,54.884297,8/6/93,368875760,130,Released,The Fugitive,7.2,1220,1,1,0,0,1,0,0,0,0,0,0,0,0,1,0,0,1,0,0,0
5516,0,NA,en,The Ladykillers,23.666229,3/25/04,0,104,Released,The Ladykillers,6,415,0,0,0,1,1,0,0,0,0,0,0,0,0,0,0,0,1,0,0,0
5528,0,http://www.pathedistribution.com/accueil/filmcatalogue.php?IDFilm=498,fr,Les Choristes,20.982455,3/17/04,0,96,Released,The Chorus,7.5,526,0,0,0,0,0,0,1,0,0,0,0,0,0,0,0,0,0,0,0,0
5550,22000000,NA,en,RoboCop 3,14.725467,4/17/93,10696210,104,Released,RoboCop 3,4.2,305,1,1,0,0,1,0,0,0,0,0,0,0,0,0,0,1,1,0,0,0
5551,65000000,http://movies.warnerbros.com/spacecowboys/index.html,en,Space Cowboys,15.772081,7/31/00,128884132,130,Released,Space Cowboys,6.3,403,1,1,0,0,0,0,0,0,0,0,0,0,0,0,0,0,1,0,0,0
5559,150000000,http://www.beemovie.com/,en,Bee Movie,29.332905,10/28/07,287594577,91,Released,Bee Movie,5.7,1171,0,1,1,1,0,0,0,1,0,0,0,0,0,0,0,0,0,0,0,0
5689,4500000,NA,en,The Blue Lagoon,22.585384,7/5/80,58853106,104,Released,The Blue Lagoon,5.8,408,0,1,0,0,0,0,1,0,0,0,0,0,0,0,1,0,0,0,0,0
5708,0,http://www.controlthemovie.com,en,Control,11.357474,9/26/07,8159508,121,Released,Control,7.5,200,0,0,0,0,0,0,1,0,0,0,0,0,0,0,0,0,0,0,0,0
5722,2090000,http://www.beyondthevalleyofthedolls.com/home.html,en,Beyond the Valley of the Dolls,4.289003,7/17/70,4e7,109,Released,Beyond the Valley of the Dolls,6.6,53,0,0,0,1,0,0,1,0,0,0,0,0,0,0,0,0,1,0,0,0
5723,160000,http://www.foxsearchlight.com/once/,en,Once,19.052179,3/23/07,20710513,85,Released,Once,7.3,453,0,0,0,0,0,0,1,0,0,0,0,0,1,0,1,0,0,0,0,0
5759,0,NA,en,Baghead,3.299345,1/21/08,0,84,Released,Baghead,5.8,23,0,0,0,1,0,0,1,0,0,0,0,1,0,0,0,0,0,0,0,0
5769,1000000,NA,en,Tom Jones,2.833166,10/6/63,376e5,128,Released,Tom Jones,6.1,39,0,1,0,1,0,0,0,0,0,0,1,0,0,0,1,0,0,0,0,0
5780,3000000,NA,en,Torn Curtain,7.924982,7/13/66,13e6,128,Released,Torn Curtain,6.4,120,0,0,0,0,0,0,0,0,0,0,0,0,0,1,0,0,1,0,0,0
5820,60000000,NA,en,The Sentinel,15.352807,4/19/06,77920346,108,Released,The Sentinel,5.8,225,1,0,0,0,1,0,0,0,0,0,0,0,0,0,0,0,1,0,0,0
5822,150000,http://www.sonyclassics.com/badass/,en,Sweet Sweetback's Baadasssss Song,0.132878,4/23/71,152e5,97,Released,Sweet Sweetback's Baadasssss Song,4.6,18,1,0,0,0,0,0,1,0,0,0,0,0,0,0,1,0,0,0,0,0
5852,53000000,http://angeleyesmovie.warnerbros.com/index_noflash.html,en,Angel Eyes,6.454634,5/15/01,297e5,102,Released,Angel Eyes,5.6,88,0,0,0,0,0,0,1,0,0,0,0,0,0,0,1,0,1,0,0,0
5854,2000000,NA,en,Family Plot,3.832858,4/9/76,79e5,121,Released,Family Plot,6.7,86,0,0,0,1,1,0,0,0,0,0,0,0,0,0,0,0,1,0,0,0
5876,18000000,http://www.themist-movie.com/,en,The Mist,37.104353,11/21/07,57096190,126,Released,The Mist,6.7,1399,0,0,0,0,0,0,0,0,0,0,0,1,0,0,0,1,1,0,0,0
5900,0,NA,nl,De jurk,0.144031,3/21/96,0,103,Released,The Dress,7,3,0,0,0,1,0,0,1,0,0,0,0,0,0,0,0,0,0,0,0,0
5902,22000000,NA,en,A Bridge Too Far,20.256571,6/15/77,5075e4,175,Released,A Bridge Too Far,6.9,207,0,0,0,0,0,0,1,0,0,0,1,0,0,0,0,0,0,0,1,0
5915,15000000,http://www.intothewild.com/,en,Into the Wild,43.644978,9/11/07,56255142,148,Released,Into the Wild,7.8,3045,0,1,0,0,0,0,1,0,0,0,0,0,0,0,0,0,0,0,0,0
5925,4000000,NA,en,The Great Escape,35.061467,6/20/63,11744471,172,Released,The Great Escape,7.8,717,0,1,0,0,0,0,1,0,0,0,1,0,0,0,0,0,1,0,1,0
5955,35000000,http://movies.warnerbros.com/thepledge/,en,The Pledge,12.495436,1/9/01,294e5,123,Released,The Pledge,6.5,215,0,0,0,0,1,0,1,0,0,0,0,0,0,1,0,0,1,0,0,0
5966,42000000,http://www.alongcamepolly.com/,en,Along Came Polly,33.238296,1/16/04,171963386,90,Released,Along Came Polly,5.8,773,0,0,0,1,0,0,0,0,0,0,0,0,0,0,1,0,0,0,0,0
5971,20000000,NA,en,We're No Angels,9.927018,12/15/89,0,106,Released,We're No Angels,5.6,105,0,0,0,1,1,0,1,0,0,0,0,0,0,0,0,0,0,0,0,0
5994,60000000,NA,en,The Family Man,19.705489,12/12/00,0,125,Released,The Family Man,6.5,521,0,0,0,1,0,0,1,0,1,0,0,0,0,0,1,0,0,0,0,0
6007,0,NA,en,Elling,2.526356,3/16/01,0,89,Released,Elling,7,51,0,0,0,1,0,0,1,0,0,0,0,0,0,0,0,0,0,0,0,0
6016,0,NA,en,The Good Thief,2.774811,4/3/03,0,108,Released,The Good Thief,6,31,0,0,0,0,1,0,1,0,0,0,0,0,0,0,0,0,1,0,0,0
6020,12000000,NA,en,Sorority Boys,3.444542,3/22/02,0,93,Released,Sorority Boys,4.6,47,0,0,0,1,0,0,0,0,0,0,0,0,0,0,0,0,0,0,0,0
6023,30000000,NA,en,P.S. I Love You,29.489274,11/15/07,156835339,126,Released,P.S. I Love You,6.9,977,0,0,0,0,0,0,1,0,0,0,0,0,0,0,1,0,0,0,0,0
6038,50000000,NA,en,Shanghai Knights,16.251204,2/6/03,88323487,115,Released,Shanghai Knights,6,692,1,1,0,1,0,0,0,0,0,0,0,0,0,0,0,0,0,0,0,1
6068,70000000,NA,en,Six Days Seven Nights,18.264635,6/12/98,164e6,98,Released,Six Days Seven Nights,5.6,332,1,1,0,1,0,0,0,0,0,0,0,0,0,0,1,0,0,0,0,0
6071,40000000,NA,en,Kiss of Death,6.90894,4/21/95,0,101,Released,Kiss of Death,5.7,81,1,0,0,0,1,0,1,0,0,0,0,0,0,0,0,0,1,0,0,0
6073,57000000,NA,en,The Mexican,21.021809,3/1/01,147845033,123,Released,The Mexican,5.8,441,1,0,0,1,1,0,0,0,0,0,0,0,0,0,1,0,0,0,0,0
6106,4500000,NA,en,Salvador,3.819796,4/23/86,0,123,Released,Salvador,7,71,0,0,0,0,0,0,1,0,0,0,0,0,0,0,0,0,0,0,0,0
6114,40000000,NA,en,Dracula,45.022964,11/13/92,215862692,128,Released,Dracula,7.1,1056,0,0,0,0,0,0,0,0,0,0,0,1,0,0,1,0,0,0,0,0
6116,25000000,NA,en,Spice World,6.889437,12/19/97,1e8,93,Released,Spice World,4.7,123,0,1,0,1,0,0,1,0,1,0,0,0,1,0,0,0,0,0,0,0
6171,68000000,http://dreamcatchermovie.warnerbros.com/,en,Dreamcatcher,26.792794,3/21/03,75715436,136,Released,Dreamcatcher,5.3,567,0,0,0,0,0,0,1,0,0,0,0,1,0,0,0,1,1,0,0,0
6217,0,NA,en,Cat People,5.69872,4/2/82,0,118,Released,Cat People,6,94,0,0,0,0,0,0,1,0,1,0,0,1,0,0,0,0,1,0,0,0
6278,60000000,NA,en,Reign of Fire,27.615108,7/12/02,43061982,101,Released,Reign of Fire,6,669,1,1,0,0,0,0,0,0,1,0,0,0,0,0,0,0,0,0,0,0
6282,45000000,NA,en,Coyote Ugly,26.79781,7/30/00,113916474,100,Released,Coyote Ugly,5.8,575,0,0,0,1,0,0,0,0,0,0,0,0,0,0,0,0,0,0,0,0
6415,75000000,NA,en,Three Kings,34.973086,9/27/99,108e6,114,Released,Three Kings,6.6,692,1,1,0,1,0,0,0,0,0,0,0,0,0,0,0,0,0,0,0,0
6435,75000000,NA,en,Practical Magic,15.142701,10/16/98,46683377,104,Released,Practical Magic,6.3,338,0,0,0,1,0,0,1,0,1,0,0,0,0,0,0,0,0,0,0,0
6439,30000000,NA,en,Racing Stripes,8.058109,1/6/05,93772522,102,Released,Racing Stripes,5.1,123,0,0,0,1,0,0,0,0,0,0,0,0,0,0,0,0,0,0,0,0
6440,0,NA,en,The Shipping News,11.1399,12/18/01,0,111,Released,The Shipping News,6.4,108,0,0,0,0,0,0,1,0,0,0,0,0,0,0,1,0,0,0,0,0
6466,30000000,NA,en,Freddy vs. Jason,26.69592,8/15/03,114908830,97,Released,Freddy vs. Jason,5.8,594,0,0,0,0,0,0,0,0,0,0,0,1,0,0,0,0,0,0,0,0
6477,60000000,http://www.chipmunks.com,en,Alvin and the Chipmunks,47.336034,12/13/07,361366633,92,Released,Alvin and the Chipmunks,5.5,1177,0,0,1,1,0,0,0,1,1,0,0,0,1,0,0,0,0,0,0,0
6478,23000000,NA,en,Beyond the Sea,6.138213,12/17/04,0,118,Released,Beyond the Sea,6.5,55,0,0,0,0,0,0,1,0,0,0,0,0,1,0,0,0,0,0,0,0
6479,150000000,http://iamlegend.warnerbros.com/,en,I Am Legend,70.867401,12/14/07,585349010,101,Released,I Am Legend,6.9,4853,1,0,0,0,0,0,1,0,0,0,0,1,0,0,0,1,1,0,0,0
6488,31000000,NA,en,Arachnophobia,15.895661,8/9/90,53208180,103,Released,Arachnophobia,6.2,433,0,0,0,1,0,0,0,0,0,0,0,1,0,0,0,0,0,0,0,0
6519,50000000,http://www.warnerbros.com/dukes-hazzard/index_splash,en,The Dukes of Hazzard,15.98212,8/5/05,110803676,104,Released,The Dukes of Hazzard,5.1,316,1,1,0,1,0,0,0,0,0,0,0,0,0,0,0,0,0,0,0,0
6520,55000000,NA,en,First Knight,19.143321,7/7/95,127600435,134,Released,First Knight,5.9,311,1,1,0,0,0,0,1,0,0,0,0,0,0,0,1,0,0,0,0,0
6521,9000000,NA,en,The Contender,7.029126,10/13/00,0,126,Released,The Contender,6.7,60,0,0,0,0,0,0,1,0,0,0,0,0,0,0,0,0,1,0,0,0
6537,0,NA,es,El orfanato,29.071955,8/27/07,44e6,105,Released,The Orphanage,7.1,633,0,0,0,0,0,0,1,0,0,0,0,1,0,0,0,0,1,0,0,0
6538,75000000,http://www.charliewilsonswar.net/,en,Charlie Wilson's War,18.70031,12/19/07,119000410,102,Released,Charlie Wilson's War,6.5,338,0,0,0,1,0,0,1,0,0,0,1,0,0,0,0,0,0,0,0,0
6552,25000000,NA,en,Idle Hands,8.583217,4/30/99,4152230,92,Released,Idle Hands,6.1,182,0,0,0,1,0,0,0,0,0,0,0,1,0,0,0,0,1,0,0,0
6557,30000000,http://www.27dressesthemovie.com/,en,27 Dresses,30.695228,1/10/08,160259319,111,Released,27 Dresses,6.1,978,0,0,0,1,0,0,0,0,0,0,0,0,0,0,1,0,0,0,0,0
6575,35000000,http://www.walkhard-movie.com/,en,Walk Hard: The Dewey Cox Story,10.73522,12/21/07,18317151,96,Released,Walk Hard: The Dewey Cox Story,6.6,212,0,0,0,1,0,0,0,0,0,0,0,0,1,0,0,0,0,0,0,0
6615,12000000,http://www.larsandtherealgirl-themovie.com/,en,Lars and the Real Girl,15.817096,10/12/07,11293663,106,Released,Lars and the Real Girl,7.1,509,0,0,0,1,0,0,1,0,0,0,0,0,0,0,1,0,0,0,0,0
6623,50000000,NA,en,The Peacemaker,15.931084,9/26/97,0,124,Released,The Peacemaker,5.8,255,1,0,0,0,0,0,0,0,0,0,0,0,0,0,0,0,1,0,0,0
6639,45000000,http://www.loveinthetime.com/,en,Love in the Time of Cholera,5.361699,10/4/07,4607608,139,Released,Love in the Time of Cholera,6.4,81,0,0,0,0,0,0,1,0,0,0,0,0,0,0,1,0,0,0,0,0
6687,15000000,NA,en,Transsiberian,11.428903,1/18/08,5926410,111,Released,Transsiberian,6.5,195,0,0,0,0,1,0,0,0,0,0,0,0,0,1,0,0,1,0,0,0
6795,65000000,NA,en,Zathura: A Space Adventure,15.194239,11/6/05,64321501,101,Released,Zathura: A Space Adventure,6.1,779,0,1,0,0,0,0,0,1,1,0,0,0,0,0,0,1,0,0,0,0
6877,50000000,NA,en,Failure to Launch,18.806031,3/10/06,88715192,97,Released,Failure to Launch,5.5,399,0,0,0,1,0,0,0,0,0,0,0,0,0,0,0,0,0,0,0,0
6933,20000000,http://onemissedcallmovie.warnerbros.com/,en,One Missed Call,12.458131,1/4/08,0,87,Released,One Missed Call,4.7,171,0,0,0,0,0,0,0,0,0,0,0,1,0,1,0,0,1,0,0,0
6947,60000000,NA,en,The Village,27.491891,7/30/04,256697520,108,Released,The Village,6.2,1071,0,0,0,0,0,0,1,0,0,0,0,0,0,1,0,0,1,0,0,0
6950,50000000,NA,en,Outbreak,30.397496,3/10/95,189859560,127,Released,Outbreak,6.3,513,1,0,0,0,0,0,1,0,0,0,0,0,0,0,0,1,1,0,0,0
6957,26000000,http://www.universalstudiosentertainment.com/the-40-year-old-virgin/,en,The 40 Year Old Virgin,38.473732,8/11/05,109449237,116,Released,The 40 Year Old Virgin,6.2,1983,0,0,0,1,0,0,0,0,0,0,0,0,0,0,1,0,0,0,0,0
6961,15000000,https://www.uphe.com/movies/the-wedding-date,en,The Wedding Date,10.194097,2/4/05,47175038,88,Released,The Wedding Date,6.2,230,0,0,0,1,0,0,0,0,0,0,0,0,0,0,1,0,0,0,0,0
6963,20000000,NA,en,The Weather Man,14.031377,10/20/05,12482775,101,Released,The Weather Man,6,289,0,0,0,1,0,0,1,0,0,0,0,0,0,0,0,0,0,0,0,0
6964,80000000,NA,en,Something's Gotta Give,16.939441,12/12/03,266728738,128,Released,Something's Gotta Give,6.3,410,0,0,0,1,0,0,1,0,0,0,0,0,0,0,1,0,0,0,0,0
6968,27000000,http://www.bmk.film.de/,de,Der Baader Meinhof Komplex,7.727035,9/24/08,0,150,Released,The Baader Meinhof Complex,7.1,157,1,0,0,0,1,0,1,0,0,0,1,0,0,0,0,0,1,0,0,0
6972,130000000,NA,en,Australia,28.840997,11/18/08,49554002,165,Released,Australia,6.3,694,0,0,0,0,0,0,1,0,0,0,0,0,0,0,0,0,0,0,0,0
6973,23000000,http://wip.warnerbros.com/inthevalleyofelah/,en,In the Valley of Elah,15.676123,8/31/07,29541790,124,Released,In the Valley of Elah,6.6,261,0,0,0,0,1,0,1,0,0,0,1,0,0,1,0,0,1,0,0,0
6977,25000000,NA,en,No Country for Old Men,53.645267,11/8/07,1716e5,122,Released,No Country for Old Men,7.7,3003,0,0,0,0,1,0,1,0,0,0,0,0,0,0,0,0,1,0,0,0
6978,25000000,http://www.theofficialjohncarpenter.com/big-trouble-in-little-china/,en,Big Trouble in Little China,29.796394,5/30/86,11e6,99,Released,Big Trouble in Little China,7.1,705,1,1,0,1,0,0,0,0,1,0,0,0,0,0,0,0,0,0,0,0
7006,0,NA,en,White Noise 2: The Light,6.814247,1/5/07,0,99,Released,White Noise 2: The Light,5.6,80,0,0,0,0,0,0,1,0,1,0,0,1,0,0,0,0,1,0,0,0
7191,25000000,http://www.cloverfieldmovie.com/,en,Cloverfield,46.942396,1/15/08,170764026,85,Released,Cloverfield,6.4,2251,1,0,0,0,0,0,0,0,0,0,0,0,0,0,0,1,1,0,0,0
7214,30000000,NA,en,Coach Carter,23.234651,1/14/05,76669806,136,Released,Coach Carter,7.3,496,0,0,0,0,0,0,1,0,0,0,0,0,0,0,0,0,0,0,0,0
7220,33000000,http://marvel.com/movies/movie/5/the_punisher,en,The Punisher,35.099611,4/15/04,54700105,124,Released,The Punisher,6.1,766,1,0,0,0,1,0,1,0,0,0,0,0,0,0,0,0,0,0,0,0
7278,30000000,http://www.meetthespartans.com/,en,Meet the Spartans,10.608998,1/24/08,84646831,84,Released,Meet the Spartans,3.7,359,0,0,0,1,0,0,0,0,0,0,0,0,0,0,0,0,0,0,0,0
7288,40000000,NA,en,Duplex,15.590001000000001,9/26/03,19322135,89,Released,Duplex,5.9,482,1,0,0,1,0,0,0,0,0,0,0,0,0,0,0,0,1,0,0,0
7299,20000000,NA,en,Equilibrium,44.566609,12/6/02,5359645,107,Released,Equilibrium,6.9,1552,1,0,0,0,0,0,0,0,0,0,0,0,0,0,0,1,1,0,0,0
7301,0,NA,en,Lonesome Jim,3.433625,11/16/05,0,91,Released,Lonesome Jim,6.4,26,0,0,0,1,0,0,1,0,0,0,0,0,0,0,1,0,0,0,0,0
7303,55000000,http://www.sonypictures.com/movies/maidinmanhattan/,en,Maid in Manhattan,19.738215,12/13/02,154906693,105,Released,Maid in Manhattan,5.6,485,0,0,0,1,0,0,1,0,0,0,0,0,0,0,1,0,0,0,0,0
7304,17000000,https://www.warnerbros.com/running-scared,en,Running Scared,19.311572,1/6/06,95e5,122,Released,Running Scared,7,331,1,0,0,0,1,0,1,0,0,0,0,0,0,0,0,0,1,0,0,0
7305,32000000,NA,en,Alive,14.48851,1/15/93,36733909,120,Released,Alive,6.7,374,1,1,0,0,0,0,1,0,0,0,0,0,0,0,0,0,1,0,0,0
7326,7500000,http://www.foxsearchlight.com/juno/,en,Juno,19.782725,12/5/07,231411584,96,Released,Juno,7,2244,0,0,0,1,0,0,1,0,0,0,0,0,0,0,1,0,0,0,0,0
7341,21000000,NA,en,The Rage: Carrie 2,4.781538,3/11/99,17762705,104,Released,The Rage: Carrie 2,5.1,76,0,0,0,0,0,0,0,0,0,0,0,1,0,0,0,1,1,0,0,0
7345,25000000,NA,en,There Will Be Blood,37.817905,12/28/07,77208711,158,Released,There Will Be Blood,7.9,1537,0,0,0,0,0,0,1,0,0,0,0,0,0,0,0,0,0,0,0,0
7347,4000000,http://www.tropadeeliteofilme.com.br/,pt,Tropa de Elite,23.604936,10/12/07,0,115,Released,Elite Squad,7.8,504,1,0,0,0,1,0,1,0,0,0,0,0,0,0,0,0,0,0,0,0
7350,45000000,http://www.warnerbros.com/bucket-list,en,The Bucket List,31.305336,12/25/07,175372502,97,Released,The Bucket List,7,1111,0,0,0,1,0,0,1,0,0,0,0,0,0,0,0,0,0,0,0,0
7364,130000000,NA,en,Sahara,21.605568,4/6/05,119269486,124,Released,Sahara,5.7,434,1,1,0,1,0,0,1,0,0,0,0,0,0,1,0,0,0,0,0,0
7443,45000000,NA,en,Chicken Run,31.789029,6/21/00,224834564,84,Released,Chicken Run,6.5,1150,0,0,1,1,0,0,0,1,0,0,0,0,0,0,0,0,0,0,0,0
7445,26000000,NA,en,Brothers,22.07638,1/27/09,43318349,104,Released,Brothers,6.8,633,0,0,0,0,0,0,1,0,0,0,0,0,0,0,0,0,1,0,1,0
7446,92000000,http://www.tropicthunder.com/,en,Tropic Thunder,43.192048,8/9/08,188072649,107,Released,Tropic Thunder,6.5,1667,1,0,0,1,0,0,0,0,0,0,0,0,0,0,0,0,0,0,0,0
7450,75000000,NA,en,Titan A.E.,14.44381,6/16/00,36754634,94,Released,Titan A.E.,6.3,313,1,1,1,0,0,0,0,1,0,0,0,0,0,0,0,1,0,0,0,0
7451,70000000,http://www.sonypictures.com/movies/xxx/,en,xXx,46.217769,8/9/02,277448382,124,Released,xXx,5.8,1424,1,1,0,0,0,0,0,0,0,0,0,0,0,0,0,0,1,0,0,0
7453,50000000,NA,en,The Hitchhiker's Guide to the Galaxy,51.742065,1/15/05,104478416,109,Released,The Hitchhiker's Guide to the Galaxy,6.6,1315,0,1,0,1,0,0,0,1,0,0,0,0,0,0,0,1,0,0,0,0
7459,120000000,http://www.speedracerthemovie.warnerbros.com/,en,Speed Racer,17.060695,5/9/08,93945766,135,Released,Speed Racer,5.7,354,1,0,0,0,0,0,0,1,0,0,0,0,0,0,0,1,0,0,0,0
7461,40000000,http://www.vantagepoint-movie.com/index.php,en,Vantage Point,24.862767,2/1/08,151161491,90,Released,Vantage Point,6.2,716,1,0,0,0,1,0,1,0,0,0,0,0,0,0,0,0,1,0,0,0
7484,85000000,http://www.sonypictures.com/movies/openseason/,en,Open Season,26.61951,9/29/06,197309027,83,Released,Open Season,6.1,656,0,1,1,0,0,0,0,1,0,0,0,0,0,0,0,0,0,0,0,0
7485,61000000,http://www.shootermovie.com/,en,Shooter,37.378081,3/22/07,95696996,124,Released,Shooter,6.9,1462,1,0,0,0,1,0,1,0,0,0,0,0,0,1,0,0,1,0,0,0
7501,15000000,http://www.newline.com/properties/knockaroundguys.html,en,Knockaround Guys,8.113634,9/7/01,12e6,92,Released,Knockaround Guys,5.9,97,0,0,0,0,1,0,0,0,0,0,0,0,0,0,0,0,1,0,0,0
7504,0,NA,hi,1947: Earth,1.246883,9/16/98,528972,101,Released,Earth,6.6,9,0,0,0,0,0,0,1,0,0,0,0,0,0,0,0,0,0,0,0,0
7509,0,NA,en,Water,2.787375,9/8/05,10422387,115,Released,Water,6.8,34,0,0,0,0,0,0,1,0,0,1,0,0,0,0,1,0,0,0,0,0
7510,12000000,NA,en,Running with Scissors,4.770195,10/27/06,6754898,116,Released,Running with Scissors,5.8,78,0,0,0,1,0,0,1,0,0,0,0,0,0,0,0,0,0,0,0,0
7512,30000000,NA,en,Idiocracy,27.940093,9/1/06,495303,84,Released,Idiocracy,6.3,664,0,1,0,1,0,0,0,0,0,0,0,0,0,0,0,1,0,0,0,0
7515,0,NA,en,London,5.350423,2/10/05,0,NA,Released,London,6.1,96,1,0,0,0,0,0,1,0,0,0,0,0,0,0,1,0,0,0,0,0
7516,17000000,http://www.smokinaces.net/,en,Smokin' Aces,23.491962,12/9/06,57103895,109,Released,Smokin' Aces,6.4,534,1,0,0,1,1,0,0,0,0,0,0,0,0,0,0,0,1,0,0,0
7518,80000000,NA,en,Over the Hedge,36.32705,4/22/06,343397247,83,Released,Over the Hedge,6.3,1074,0,0,1,1,0,0,0,1,0,0,0,0,0,0,0,0,0,0,0,0
7547,6000000,NA,en,Come Early Morning,3.427061,1/10/06,0,97,Released,Come Early Morning,5.9,10,0,0,0,0,0,0,1,0,0,0,0,0,0,0,1,0,0,0,0,0
7548,0,NA,en,The Libertine,7.588597,9/16/04,0,114,Released,The Libertine,5.9,128,0,0,0,0,0,0,1,0,0,0,0,0,0,0,1,0,0,0,0,0
7552,100000000,http://www.sonypictures.com/movies/funwithdickandjane/,en,Fun with Dick and Jane,25.159168,12/21/05,202026112,90,Released,Fun with Dick and Jane,5.9,627,0,0,0,1,0,0,0,0,0,0,0,0,0,0,0,0,0,0,0,0
7553,3000000,NA,en,Waiting...,10.230583,10/7/05,18637690,94,Released,Waiting...,6.2,237,0,0,0,1,0,0,0,0,0,0,0,0,0,0,0,0,0,0,0,0
7735,7500000,http://www.welle.film.de/,de,Die Welle,25.281197,3/11/08,19e6,107,Released,The Wave,7.5,841,0,0,0,0,0,0,1,0,0,0,0,0,0,0,0,0,1,0,0,0
7737,45000000,http://www.sonypictures.com/movies/residentevilextinction/index.html,en,Resident Evil: Extinction,12.06538,9/20/07,148412065,94,Released,Resident Evil: Extinction,6.1,1292,1,0,0,0,0,0,0,0,0,0,0,1,0,0,0,1,0,0,0,0
7859,700000,http://www.halfnelsonthefilm.co.uk/,en,Half Nelson,12.378031,8/11/06,4911725,107,Released,Half Nelson,6.5,240,0,0,0,0,0,0,1,0,0,0,0,0,0,0,0,0,0,0,0,0
7863,0,NA,en,Shine,10.396305,1/21/96,0,105,Released,Shine,7.3,131,0,0,0,0,0,0,1,0,0,0,0,0,0,0,0,0,0,0,0,0
7870,8000000,http://www.downinthevalleyfilm.com/main.htm,en,Down in the Valley,7.433574,5/13/05,852872,112,Released,Down in the Valley,5.9,63,0,0,0,0,0,0,1,0,0,0,0,0,0,0,1,0,0,0,0,0
7873,2000000,http://www.harshtimes.com/,en,Harsh Times,12.999023,9/11/05,5967038,120,Released,Harsh Times,6.3,197,1,0,0,0,1,0,1,0,0,0,0,0,0,0,0,0,1,0,0,0
7874,15000000,http://www.moanmovie.com/,en,Black Snake Moan,11.429607,12/8/06,10903846,116,Released,Black Snake Moan,6.6,243,0,0,0,0,0,0,1,0,0,0,0,0,0,0,0,0,0,0,0,0
7913,2200000,NA,hi,Rang De Basanti,5.206967,1/26/06,11502151,157,Released,Rang De Basanti,7.2,97,0,0,0,0,0,0,1,0,0,0,0,0,0,0,0,0,0,0,0,0
7942,10000000,http://www.runfatboyrunmovie.com/,en,Run Fatboy Run,14.905357,9/6/07,33e6,100,Released,"Run, Fatboy, Run",6.2,238,0,0,0,1,0,0,0,0,0,0,0,0,0,0,1,0,0,0,0,0
7944,0,http://www.shinealightmovie.com/,en,Shine a Light,2.162522,2/7/08,0,122,Released,Shine a Light,7.2,44,0,0,0,0,0,1,0,0,0,0,0,0,1,0,0,0,0,0,0,0
7973,0,http://www.bacfilms.com/site/caramel/,ar,سكر بنات,4.554574,7/1/07,0,96,Released,Caramel,6.8,52,0,0,0,1,0,0,1,0,0,0,0,0,0,0,1,0,0,0,0,0
7978,150000000,http://www.thewolfmanmovie.com/,en,The Wolfman,21.214571,2/11/10,0,102,Released,The Wolfman,5.5,549,0,0,0,0,0,0,1,0,0,0,0,1,0,0,0,0,1,0,0,0
7979,20000000,http://www.kiterunnermovie.com/,en,The Kite Runner,10.446722,10/14/07,73276047,128,Released,The Kite Runner,7.3,394,0,0,0,0,0,0,1,0,0,0,0,0,0,0,0,0,0,0,0,0
7980,65000000,http://www.lovelybones.com,en,The Lovely Bones,29.257137,12/26/09,93525586,136,Released,The Lovely Bones,6.6,1065,0,0,0,0,0,0,1,0,1,0,0,0,0,0,0,0,0,0,0,0
8007,40000000,NA,en,Behind Enemy Lines,24.012986,11/17/01,91753202,106,Released,Behind Enemy Lines,6,457,1,0,0,0,0,0,1,0,0,0,0,0,0,0,0,0,1,0,1,0
8009,16000000,NA,en,Highlander,29.253833,3/7/86,59e5,116,Released,Highlander,6.8,624,1,1,0,0,0,0,0,0,1,0,0,0,0,0,0,0,0,0,0,0
8011,26000000,NA,en,Highlander III: The Sorcerer,7.964451,11/29/94,368e5,99,Released,Highlander: The Final Dimension,4.5,110,1,0,0,0,0,0,0,0,1,0,0,0,0,0,0,1,0,0,0,0
8012,30250000,NA,en,Get Shorty,15.585138,10/20/95,115101622,105,Released,Get Shorty,6.4,302,0,0,0,1,1,0,0,0,0,0,0,0,0,0,0,0,1,0,0,0
8046,54000000,http://www.sonypictures.com/homevideo/catalog/catalogDetail_DVD043396087576.html,en,Gigli,9.053456,8/1/03,7266209,121,Released,Gigli,3.5,104,0,0,0,0,0,0,1,0,0,0,0,0,0,0,0,0,0,0,0,0
8051,25000000,NA,en,Punch-Drunk Love,15.960916,10/25/02,17e6,95,Released,Punch-Drunk Love,6.9,530,0,0,0,1,0,0,1,0,0,0,0,0,0,0,1,0,0,0,0,0
8053,15000000,NA,en,The Three Burials of Melquiades Estrada,12.163832,11/17/05,12036149,121,Released,The Three Burials of Melquiades Estrada,7,177,0,1,0,0,1,0,1,0,0,0,0,0,0,1,0,0,0,0,0,1
8054,30000000,http://doctorparnassus.com/,en,The Imaginarium of Doctor Parnassus,37.181019,10/1/09,64352607,123,Released,The Imaginarium of Doctor Parnassus,6.3,869,0,1,0,0,0,0,0,0,1,0,0,0,0,1,0,0,0,0,0,0
8055,32000000,NA,en,The Reader,33.923786,12/10/08,113019290,124,Released,The Reader,7.2,813,0,0,0,0,0,0,1,0,0,0,0,0,0,0,1,0,0,0,0,0
8060,12000000,http://www.sonyclassics.com/marriedlife/,en,Married Life,3.004432,9/12/07,0,90,Released,Married Life,6.1,38,0,0,0,0,1,0,1,0,0,0,0,0,0,0,1,0,0,0,0,0
8065,35000000,http://www.sonypictures.com/movies/21/,en,21,45.149948,3/27/08,69823199,123,Released,21,6.5,1375,0,0,0,0,1,0,1,0,0,0,0,0,0,0,0,0,0,0,0,0
8068,7000000,NA,en,Desperado,25.511217,8/25/95,25405445,104,Released,Desperado,6.8,881,1,0,0,0,1,0,0,0,0,0,0,0,0,0,0,0,1,0,0,0
8069,9000000,NA,en,Barbarella,14.171759,10/10/68,25e5,98,Released,Barbarella,5.7,146,0,0,0,0,0,0,0,0,0,0,0,0,0,0,0,1,0,0,0,0
8077,50000000,NA,en,Alien³,45.856409,5/22/92,159773545,114,Released,Alien³,6.2,1633,1,0,0,0,0,0,0,0,0,0,0,1,0,0,0,1,0,0,0,0
8078,70000000,NA,en,Alien: Resurrection,37.44963,11/12/97,162e6,109,Released,Alien: Resurrection,5.9,1365,1,0,0,0,0,0,0,0,0,0,0,1,0,0,0,1,0,0,0,0
8080,27000000,NA,en,Suspect Zero,8.715822,8/27/04,13e6,99,Released,Suspect Zero,5.5,98,0,0,0,0,1,0,0,0,0,0,0,0,0,0,0,0,1,0,0,0
8090,35000000,http://www.sonypictures.com/movies/untraceable/,en,Untraceable,12.677505,1/22/08,32483410,101,Released,Untraceable,5.9,238,0,0,0,0,0,0,1,0,0,0,0,0,0,0,0,0,0,0,0,0
8095,31115000,NA,en,Cleopatra,13.244365,6/12/63,71e6,248,Released,Cleopatra,6.7,146,0,0,0,0,0,0,1,0,0,0,1,0,0,0,1,0,0,0,0,0
8141,4000000,http://www.youkillmethefilm.com/,en,You Kill Me,6.091951,2/9/07,2426851,90,Released,You Kill Me,6.2,80,0,0,0,1,1,0,0,0,0,0,0,0,0,0,1,0,1,0,0,0
8193,400000,NA,en,Napoleon Dynamite,23.603514,6/11/04,46118097,95,Released,Napoleon Dynamite,6.7,554,0,0,0,1,0,0,0,0,0,0,0,0,0,0,0,0,0,0,0,0
8195,55000000,NA,en,Ronin,32.657488,9/25/98,41610884,122,Released,Ronin,6.7,658,1,1,0,0,1,0,0,0,0,0,0,0,0,0,0,0,1,0,0,0
8197,35000000,NA,en,Midnight in the Garden of Good and Evil,5.525544,11/21/97,25105255,155,Released,Midnight in the Garden of Good and Evil,6.3,157,0,0,0,0,1,0,1,0,0,0,0,0,0,1,0,0,1,0,0,0
8198,30000000,NA,en,The Quiet American,5.133744,11/22/02,27674124,101,Released,The Quiet American,6.4,81,1,0,0,0,0,0,1,0,0,0,0,0,0,0,1,0,1,0,0,0
8202,62000000,NA,en,Æon Flux,29.954302,11/30/05,52304001,93,Released,Æon Flux,5.4,703,1,0,0,0,0,0,0,0,0,0,0,0,0,0,0,1,0,0,0,0
8204,90000000,NA,en,The Spiderwick Chronicles,21.436682,2/14/08,162839667,95,Released,The Spiderwick Chronicles,6.3,572,0,1,0,0,0,0,0,1,1,0,0,0,0,0,0,0,0,0,0,0
8224,40000000,NA,en,8MM,25.580272,2/26/99,96618699,123,Released,8MM,6.1,474,0,0,0,0,1,0,0,0,0,0,0,0,0,1,0,0,1,0,0,0
8247,85000000,http://www.fox.co.uk/jumper,en,Jumper,21.218,2/10/08,222231186,88,Released,Jumper,5.9,1799,0,1,0,0,0,0,0,0,1,0,0,0,0,0,0,1,0,0,0,0
8265,11000000,http://www.bienvenuechezleschtis-lefilm.com/,fr,Bienvenue chez les ch'tis,18.923181,1/9/08,53191886,106,Released,Welcome to the Sticks,6.8,615,0,0,0,1,0,0,0,0,0,0,0,0,0,0,0,0,0,0,0,0
8271,20000000,http://www.disturbia.com/,en,Disturbia,31.690456,4/12/07,117760134,105,Released,Disturbia,6.6,1006,0,0,0,0,0,0,1,0,0,0,0,0,0,1,0,0,1,0,0,0
8272,0,http://www.foxsearchlight.com/thesavages,en,The Savages,5.663889,1/19/07,0,114,Released,The Savages,6.8,110,0,0,0,0,0,0,1,0,0,0,0,0,0,0,0,0,0,0,0,0
8273,55000000,NA,en,American Wedding,36.194802,8/1/03,231449203,103,Released,American Wedding,6,1129,0,0,0,1,0,0,0,0,0,0,0,0,0,0,1,0,0,0,0,0
8285,60000000,http://www.mycityscreams.com/,en,The Spirit,14.84856,12/25/08,39031337,103,Released,The Spirit,4.7,320,1,0,0,1,1,0,0,0,0,0,0,0,0,0,0,1,1,0,0,0
8291,14000000,http://www.janetjackson.com,en,Poetic Justice,3.650857,7/23/93,27515786,109,Released,Poetic Justice,6.9,47,0,0,0,0,0,0,1,0,0,0,0,0,0,0,1,0,0,0,0,0
8292,45000000,http://fourbrothersmovie.com,en,Four Brothers,24.694551,8/11/05,92374674,109,Released,Four Brothers,6.7,607,1,0,0,0,1,0,0,0,0,0,0,0,0,0,0,0,0,0,0,0
8293,0,http://www.bfi.org.uk/whats-on/bfi-film-releases/howards-end,en,Howards End,5.897391,3/13/92,25966555,140,Released,Howards End,6.9,95,0,0,0,0,0,0,1,0,0,0,0,0,0,0,1,0,0,0,0,0
8321,15000000,http://www.filminfocus.com/film/in_bruges,en,In Bruges,25.329493,2/8/08,34533783,107,Released,In Bruges,7.4,1388,0,0,0,1,1,0,1,0,0,0,0,0,0,0,0,0,0,0,0,0
8326,20000000,NA,en,Holes,22.001408,4/18/03,0,117,Released,Holes,6.7,383,0,1,0,1,0,0,1,1,0,0,0,0,0,0,0,0,0,0,0,0
8328,23000000,NA,en,Step Up 2: The Streets,28.973074,2/14/08,150816700,98,Released,Step Up 2: The Streets,6.5,640,0,0,0,0,0,0,1,0,0,0,0,0,1,0,1,0,0,0,0,0
8329,1500000,http://www.3l-filmverleih.de/rec,es,[REC],31.691617,4/10/07,30448e3,78,Released,[REC],7.1,934,0,0,0,0,0,0,0,0,0,0,0,1,0,1,0,0,0,0,0,0
8337,4000000,http://www.theofficialjohncarpenter.com/they-live/,en,They Live,29.852608,11/23/88,13008928,94,Released,They Live,7.1,550,1,0,0,0,0,0,0,0,0,0,0,1,0,0,0,1,1,0,0,0
8338,25000000,http://www.blindness-themovie.com/,en,Blindness,17.603823,5/14/08,19844979,121,Released,Blindness,6.4,387,0,0,0,0,0,0,1,0,0,0,0,0,0,1,0,1,1,0,0,0
8346,5000000,NA,en,My Big Fat Greek Wedding,18.115566,2/22/02,368744044,95,Released,My Big Fat Greek Wedding,6.2,671,0,0,0,1,0,0,1,0,0,0,0,0,0,0,1,0,0,0,0,0
8355,90000000,http://www.iceagemovies.com/films/ice-age-dawn-of-the-dinosaurs,en,Ice Age: Dawn of the Dinosaurs,69.457898,6/29/09,886686817,94,Released,Ice Age: Dawn of the Dinosaurs,6.5,2271,0,1,1,1,0,0,0,1,0,0,0,0,0,0,0,0,0,0,0,0
8357,0,NA,en,What the #$*! Do We (K)now!?,7.288352,4/23/04,1e7,109,Released,What the #$*! Do We (K)now!?,5.8,34,0,0,0,0,0,1,0,0,0,0,0,0,0,0,0,0,0,0,0,0
8358,90000000,NA,en,Cast Away,57.739713,12/22/00,429632142,143,Released,Cast Away,7.5,3218,0,1,0,0,0,0,1,0,0,0,0,0,0,0,0,0,0,0,0,0
8359,0,http://www.americangirl.com/movie/,en,Kit Kittredge: An American Girl,6.27141,7/2/08,0,101,Released,Kit Kittredge: An American Girl,6.4,34,0,0,0,1,0,0,1,1,0,0,0,0,0,0,0,0,0,0,0,0
8363,20000000,http://www.areyousuperbad.com/,en,Superbad,33.436092,8/17/07,121463226,113,Released,Superbad,7,2100,0,0,0,1,0,0,0,0,0,0,0,0,0,0,0,0,0,0,0,0
8367,48000000,NA,en,Robin Hood: Prince of Thieves,28.803729,6/14/91,390493908,143,Released,Robin Hood: Prince of Thieves,6.6,909,0,1,0,0,0,0,0,0,0,0,0,0,0,0,0,0,0,0,0,0
8373,150000000,http://www.transformersmovie.com/,en,Transformers: Revenge of the Fallen,21.939663,6/19/09,836297228,150,Released,Transformers: Revenge of the Fallen,6,3138,1,1,0,0,0,0,0,0,0,0,0,0,0,0,0,1,0,0,0,0
8374,6000000,http://www.theboondocksaints.com,en,The Boondock Saints,34.917447,1/22/99,30471,108,Released,The Boondock Saints,7.2,837,1,0,0,0,1,0,0,0,0,0,0,0,0,0,0,0,1,0,0,0
8386,12000000,http://www.howhighmovie.com/,en,How High,11.510281,12/21/01,31155435,93,Released,How High,6.3,218,0,0,0,1,0,0,0,0,0,0,0,0,0,0,0,0,0,0,0,0
8390,0,http://www.definitelymaybemovie.com/,en,"Definitely, Maybe",29.173266,2/8/08,55447968,112,Released,"Definitely, Maybe",6.7,620,0,0,0,1,0,0,0,0,0,0,0,0,0,0,1,0,0,0,0,0
8408,3500000,NA,en,Day of the Dead,18.025206,7/19/85,34e6,96,Released,Day of the Dead,6.9,270,0,0,0,0,0,0,0,0,0,0,0,1,0,0,0,1,0,0,0,0
8409,36000000,http://www.newline.com/properties/manaparta.html,en,A Man Apart,19.854932,4/4/03,44350926,109,Released,A Man Apart,5.8,258,1,0,0,0,0,0,1,0,0,0,0,0,0,0,0,0,0,0,0,0
8413,60000000,NA,en,Event Horizon,29.787135,8/15/97,26673242,96,Released,Event Horizon,6.5,742,0,0,0,0,0,0,0,0,0,0,0,1,0,1,0,1,0,0,0,0
8416,750000,NA,it,Il conformista,8.429295,10/21/70,0,107,Released,The Conformist,7.6,127,0,0,0,0,0,0,1,0,0,0,0,0,0,0,0,0,0,0,0,0
8427,70000000,NA,en,I Spy,13.267631,10/31/02,33561137,97,Released,I Spy,5.2,269,1,1,0,1,0,0,0,0,0,0,0,0,0,0,0,0,1,0,0,0
8435,0,http://www.tristramshandymovie.com/,en,A Cock and Bull Story,3.500741,7/17/05,0,94,Released,A Cock and Bull Story,6.2,43,0,0,0,1,0,0,1,0,0,0,0,0,0,0,0,0,0,0,0,0
8452,82000000,NA,en,The 6th Day,18.447479,11/17/00,96085477,123,Released,The 6th Day,5.7,595,0,0,0,0,0,0,0,0,0,0,0,0,0,0,0,1,0,0,0,0
8456,20000000,http://www.neverbackdownthemovie.com/,en,Never Back Down,26.21425,3/4/08,41627431,115,Released,Never Back Down,6.4,497,1,0,0,0,0,0,1,0,0,0,0,0,0,0,0,0,0,0,0,0
8457,40000000,http://www.drillbittaylor.com/,en,Drillbit Taylor,15.055732,3/20/08,0,102,Released,Drillbit Taylor,5.5,275,0,0,0,1,0,0,0,0,0,0,0,0,0,0,0,0,0,0,0,0
8461,15000000,http://wip.warnerbros.com/funnygames/,en,Funny Games,15.175289,10/20/07,7938872,112,Released,Funny Games,6.3,545,0,0,0,0,1,0,0,0,0,0,0,1,0,0,0,0,1,0,0,0
8467,16000000,NA,en,Dumb and Dumber,35.777067,12/16/94,247275374,107,Released,Dumb and Dumber,6.5,1859,0,0,0,1,0,0,0,0,0,0,0,0,0,0,0,0,0,0,0,0
8469,2700000,http://www.animalhouse.com/,en,Animal House,17.332585,7/27/78,141e6,109,Released,Animal House,7,418,0,0,0,1,0,0,0,0,0,0,0,0,0,0,0,0,0,0,0,0
8470,36000000,NA,en,John Q,27.465433,2/15/02,102244770,116,Released,John Q,7,594,0,0,0,0,1,0,1,0,0,0,0,0,0,0,0,0,1,0,0,0
8487,170000000,NA,en,Wild Wild West,40.748915,6/29/99,222104681,106,Released,Wild Wild West,5.1,1020,1,1,0,1,0,0,0,0,0,0,0,0,0,0,0,1,0,0,0,1
8488,70000000,NA,en,Hitch,34.576913,2/10/05,368100420,118,Released,Hitch,6.4,1665,0,0,0,1,0,0,1,0,0,0,0,0,0,0,1,0,0,0,0,0
8489,107000000,NA,en,Ali,18.866672,12/11/01,87713825,157,Released,Ali,6.7,447,0,0,0,0,0,0,1,0,0,0,0,0,0,0,0,0,0,0,0,0
8536,54000000,NA,en,Superman II,30.515175,12/4/80,190458706,127,Released,Superman II,6.5,629,1,1,0,0,0,0,0,0,1,0,0,0,0,0,0,1,0,0,0,0
8545,0,NA,en,Little Voice,4.647547,11/5/98,0,97,Released,Little Voice,6.6,61,0,0,0,1,0,0,1,0,0,0,0,0,0,0,0,0,0,0,0,0
8584,55000000,NA,en,Shanghai Noon,25.400935,5/26/00,56932305,110,Released,Shanghai Noon,6.2,735,1,1,0,1,0,0,0,0,0,0,0,0,0,0,0,0,0,0,0,1
8587,45000000,http://movies.disney.com/the-lion-king,en,The Lion King,90.457886,6/23/94,788241776,89,Released,The Lion King,8,5376,0,0,1,0,0,0,1,1,0,0,0,0,0,0,0,0,0,0,0,0
8592,47000000,NA,en,Dick Tracy,7.859226,6/15/90,103738726,103,Released,Dick Tracy,5.9,251,1,1,0,1,1,0,0,0,0,0,0,0,0,0,0,0,1,0,0,0
8617,0,http://www.sonypictures.com/movies/promnight/,en,Prom Night,9.642041,4/10/08,14796236,88,Released,Prom Night,4.8,167,0,0,0,0,1,0,0,0,0,0,0,1,0,0,0,0,0,0,0,0
8618,4000000,http://www.foxsearchlight.com/site/thehistoryboys/,en,The History Boys,3.771652,10/2/06,13401952,109,Released,The History Boys,6.6,66,0,0,0,1,0,0,1,0,0,0,0,0,0,0,0,0,0,0,0,0
8619,150000000,http://www.masterandcommanderthefarsideoftheworld.com/,en,Master and Commander: The Far Side of the World,36.973031,11/14/03,212011111,138,Released,Master and Commander: The Far Side of the World,6.9,790,0,1,0,0,0,0,0,0,0,0,0,0,0,0,0,0,0,0,0,0
8643,19000000,NA,en,The Exorcism of Emily Rose,32.602868,9/9/05,144216468,122,Released,The Exorcism of Emily Rose,6.3,659,0,0,0,0,1,0,1,0,0,0,0,1,0,0,0,0,1,0,0,0
8645,60000000,http://www.thehappeningmovie.com,en,The Happening,20.501582,6/11/08,163403799,91,Released,The Happening,4.9,950,0,0,0,0,0,0,0,0,0,0,0,0,0,0,0,1,1,0,0,0
8649,32000000,NA,en,Bringing Out the Dead,15.560918,10/22/99,0,121,Released,Bringing Out the Dead,6.6,225,0,0,0,0,0,0,1,0,0,0,0,0,0,0,0,0,0,0,0,0
8656,75000000,NA,en,Deep Impact,34.070054,5/8/98,140464664,120,Released,Deep Impact,5.9,855,1,0,0,0,0,0,1,0,0,0,0,0,0,0,1,0,0,0,0,0
8665,100000000,NA,en,K-19: The Widowmaker,15.625949,7/19/02,35168966,138,Released,K-19: The Widowmaker,6.1,264,0,0,0,0,0,0,1,0,0,0,1,0,0,0,0,0,1,0,0,0
8669,12000000,http://www.charliebartlett-themovie.com/,en,Charlie Bartlett,9.779444,2/22/08,0,97,Released,Charlie Bartlett,6.5,225,0,0,0,1,0,0,1,0,0,0,0,0,0,0,0,0,0,0,0,0
8675,1000000,http://www.orgazmodvd.com/,en,Orgazmo,5.06516,9/6/97,0,94,Released,Orgazmo,6.2,115,0,0,0,1,0,0,0,0,0,0,0,0,0,0,0,0,0,0,0,0
8676,70000000,http://www.warnerbros.com/fools-gold,en,Fool's Gold,21.789615,2/7/08,111231041,112,Released,Fool's Gold,5.4,444,0,1,0,1,0,0,0,0,0,0,0,0,0,0,1,0,0,0,0,0
8681,25000000,NA,en,Taken,80.879032,2/18/08,226830568,93,Released,Taken,7.2,4369,1,0,0,0,0,0,0,0,0,0,0,0,0,0,0,0,1,0,0,0
8688,73000000,NA,en,Snake Eyes,20.790703,8/7/98,103891409,98,Released,Snake Eyes,5.8,327,0,0,0,0,1,0,0,0,0,0,0,0,0,1,0,0,0,0,0,0
8698,78000000,NA,en,The League of Extraordinary Gentlemen,47.436675,7/11/03,179265204,110,Released,The League of Extraordinary Gentlemen,5.7,1155,1,0,0,0,0,0,0,0,1,0,0,0,0,0,0,1,1,0,0,0
8699,26000000,NA,en,Anchorman: The Legend of Ron Burgundy,29.342744,7/9/04,90574188,94,Released,Anchorman: The Legend of Ron Burgundy,6.7,1493,0,0,0,1,0,0,0,0,0,0,0,0,0,0,0,0,0,0,0,0
8741,52000000,NA,en,The Thin Red Line,40.072583,12/25/98,98126565,170,Released,The Thin Red Line,7.2,771,0,0,0,0,0,0,1,0,0,0,1,0,0,0,0,0,0,0,1,0
8744,6000000,NA,en,Albino Alligator,2.388683,9/9/96,0,97,Released,Albino Alligator,5.6,45,0,0,0,0,1,0,1,0,0,0,0,0,0,0,0,0,1,0,0,0
8780,30000000,http://www.babymamamovie.net/,en,Baby Mama,11.409124,4/23/08,63833449,99,Released,Baby Mama,5.8,205,0,0,0,1,0,0,0,0,0,0,0,0,0,0,0,0,0,0,0,0
8810,2000000,NA,en,Mad Max 2,37.117362,12/24/81,24600832,95,Released,Mad Max 2: The Road Warrior,7.3,957,1,1,0,0,0,0,0,0,0,0,0,0,0,0,0,1,1,0,0,0
8814,60000000,NA,en,Doom,29.261348,10/20/05,55987321,105,Released,Doom,5,609,1,1,0,0,0,0,0,0,0,0,0,1,0,0,0,0,0,0,0,0
8818,55000000,http://en.wikipedia.org/wiki/Evita_(film),en,Evita,7.027139,12/14/96,141047179,134,Released,Evita,5.9,120,0,0,0,0,0,0,1,0,0,0,1,0,1,0,0,0,0,0,0,0
8831,27000000,NA,en,Timecop,13.308127,9/15/94,101646581,99,Released,Timecop,5.5,282,1,0,0,0,1,0,0,0,0,0,0,0,0,0,0,1,1,0,0,0
8834,75000000,NA,en,Conspiracy Theory,22.179658,8/7/97,136982834,135,Released,Conspiracy Theory,6.5,431,1,0,0,0,0,0,1,0,0,0,0,0,0,1,0,0,1,0,0,0
8835,18000000,NA,en,Legally Blonde,25.43954,7/13/01,141774679,96,Released,Legally Blonde,6.1,882,0,0,0,1,0,0,0,0,0,0,0,0,0,0,0,0,0,0,0,0
8836,30000000,NA,en,The X Files: I Want to Believe,25.454549,7/24/08,68369434,104,Released,The X Files: I Want to Believe,5.5,523,0,0,0,0,0,0,1,0,0,0,0,0,0,1,0,1,1,0,0,0
8838,60000000,NA,en,Mercury Rising,18.877795,4/3/98,0,111,Released,Mercury Rising,6,368,1,0,0,0,1,0,1,0,0,0,0,0,0,0,0,0,1,0,0,0
8839,50000000,NA,en,Casper,19.830132,5/26/95,287928194,100,Released,Casper,6,1019,0,0,0,1,0,0,0,1,1,0,0,0,0,0,0,0,0,0,0,0
8840,57000000,NA,en,DragonHeart,31.791979,5/31/96,115267375,103,Released,DragonHeart,6.4,535,0,0,0,0,0,0,0,0,1,0,0,0,0,0,0,0,0,0,0,0
8841,0,NA,fr,Entre les murs,13.437038,9/24/08,28814580,128,Released,The Class,6.8,174,0,0,0,0,0,0,1,0,0,0,0,0,0,0,0,0,0,0,0,0
8842,39000000,NA,en,Against the Ropes,2.817364,2/20/04,6614280,106,Released,Against the Ropes,4.5,32,0,0,0,0,0,0,1,0,0,0,0,0,0,0,1,0,0,0,0,0
8843,33000000,NA,en,The Cell,25.413955,8/17/00,104155843,107,Released,The Cell,6,436,0,0,0,0,0,0,0,0,0,0,0,1,0,0,0,1,1,0,0,0
8847,0,http://www.sonyclassics.com/standardoperatingprocedure/,en,Standard Operating Procedure,0.888986,2/12/08,0,117,Released,Standard Operating Procedure,6.6,14,0,0,0,0,0,1,0,0,0,0,0,0,0,0,0,0,0,0,0,0
8848,20000000,http://thebankjobmovie.com/,en,The Bank Job,30.387754,2/28/08,64822796,112,Released,The Bank Job,6.6,697,0,0,0,0,1,0,1,0,0,0,0,0,0,0,0,0,1,0,0,0
8849,60000000,NA,en,Alfie,15.219263,10/22/04,13395939,103,Released,Alfie,5.6,248,0,0,0,1,0,0,0,0,0,0,0,0,0,0,0,0,0,0,0,0
8850,25000000,NA,en,The Shadow,8.178203,7/1/94,48063435,108,Released,The Shadow,5.4,138,1,1,0,0,0,0,0,0,1,0,0,0,0,0,0,1,1,0,0,0
8854,16000000,NA,en,Steel,2.848727,8/15/97,1686429,97,Released,Steel,4.3,48,1,1,0,0,0,0,0,0,0,0,0,0,0,0,0,1,0,0,0,0
8859,13000000,NA,en,"Dude, Where’s My Car?",25.316146,12/15/00,73180723,83,Released,"Dude, Where’s My Car?",5.2,509,0,0,0,1,0,0,0,0,0,0,0,0,0,0,0,0,0,0,0,0
8869,0,NA,en,Eight Legged Freaks,17.834976,7/17/02,0,99,Released,Eight Legged Freaks,5.4,295,1,0,0,1,0,0,0,0,0,0,0,1,0,0,0,0,1,0,0,0
8870,80000000,NA,en,Red Planet,13.800656,11/10/00,33463969,106,Released,Red Planet,5.4,267,1,0,0,0,0,0,0,0,0,0,0,0,0,0,0,1,1,0,0,0
8871,123000000,http://www.grinched.com/,en,How the Grinch Stole Christmas,45.419668,11/17/00,345141403,104,Released,How the Grinch Stole Christmas,6.2,1386,0,0,0,1,0,0,0,1,1,0,0,0,0,0,0,0,0,0,0,0
8872,20000000,NA,en,Wayne's World,21.815122,2/14/92,121697323,94,Released,Wayne's World,6.5,728,0,0,0,1,0,0,0,0,0,0,0,0,1,0,0,0,0,0,0,0
8874,38000000,NA,en,My Best Friend's Wedding,15.401855,6/19/97,299288605,105,Released,My Best Friend's Wedding,6.3,584,0,0,0,1,0,0,0,0,0,0,0,0,0,0,1,0,0,0,0,0
8875,2600000,NA,en,Timber Falls,3.687574,12/7/07,0,97,Released,Timber Falls,5.2,38,0,0,0,0,0,0,0,0,0,0,0,1,0,0,0,0,1,0,0,0
8879,0,NA,en,Pale Rider,14.574995,6/28/85,41410568,115,Released,Pale Rider,7,251,0,0,0,0,0,0,0,0,0,0,0,0,0,0,1,0,0,0,0,1
8883,6500000,http://www.flammenogcitronen.dk/,da,Flammen & Citronen,7.028946,3/25/08,0,130,Released,Flame & Citron,6.8,68,0,0,0,0,1,0,1,0,0,0,1,0,0,0,0,0,0,0,1,0
8885,2000000,http://waltzwithbashir.com,he,Vals Im Bashir,14.08251,6/25/08,11125849,90,Released,Waltz with Bashir,7.8,291,0,0,1,0,0,0,1,0,0,0,0,0,0,0,0,0,0,0,1,0
8909,75000000,http://www.wantedmovie.com/,en,Wanted,73.82289,6/19/08,258270008,110,Released,Wanted,6.4,2528,1,0,0,0,1,0,0,0,0,0,0,0,0,0,0,0,1,0,0,0
8913,11500000,NA,en,Pet Sematary,20.747994,4/21/89,57469467,103,Released,Pet Sematary,6.4,407,0,0,0,0,0,0,1,0,0,0,0,1,0,0,0,0,0,0,0,0
8914,60000000,NA,en,Deep Blue Sea,22.991269,7/28/99,73648228,105,Released,Deep Blue Sea,5.6,604,1,0,0,0,0,0,0,0,0,0,0,0,0,0,0,1,1,0,0,0
8916,60000000,NA,en,Antz,41.515702,10/2/98,171757863,83,Released,Antz,6,1272,0,1,1,1,0,0,0,1,0,0,0,0,0,0,0,0,0,0,0,0
8920,50000000,NA,en,Garfield,17.667826,6/10/04,200804534,80,Released,Garfield,5.2,820,0,0,1,1,0,0,0,1,0,0,0,0,0,0,0,0,0,0,0,0
8922,10000000,NA,en,Jeepers Creepers,23.316208,7/1/01,59217789,90,Released,Jeepers Creepers,6.1,720,0,0,0,0,0,0,0,0,0,0,0,1,0,0,0,0,1,0,0,0
8942,200000,NA,en,Wendy and Lucy,0.713906,5/22/08,0,80,Released,Wendy and Lucy,6.4,64,0,0,0,0,0,0,1,0,0,0,0,0,0,0,0,0,0,0,0,0
8944,25000000,http://whatjusthappenedfilm.com/,en,What Just Happened,8.31653,10/17/08,6673422,104,Released,What Just Happened,5.2,127,0,0,0,1,0,0,1,0,0,0,0,0,0,0,0,0,0,0,0,0
8952,13000000,NA,en,I Love You Phillip Morris,19.664699,1/18/09,10652035,98,Released,I Love You Phillip Morris,6.4,503,0,0,0,1,0,0,1,0,0,0,0,0,0,0,1,0,0,0,0,0
8953,20000000,NA,ja,Steamboy,9.129808,7/17/04,0,126,Released,Steamboy,6.4,102,0,0,1,0,0,0,0,0,1,0,0,0,0,0,0,1,0,0,0,0
8960,150000000,http://www.sonypictures.com/movies/hancock/,en,Hancock,56.758411,7/1/08,624029371,92,Released,Hancock,6.2,2961,1,0,0,0,0,0,0,0,1,0,0,0,0,0,0,0,0,0,0,0
8961,130000000,NA,en,Bad Boys II,38.068736,7/18/03,273339556,147,Released,Bad Boys II,6.3,1564,1,1,0,1,1,0,0,0,0,0,0,0,0,0,0,0,1,0,0,0
8963,53000000,NA,en,Crimson Tide,20.334629,5/12/95,157387195,116,Released,Crimson Tide,7,498,1,0,0,0,0,0,1,0,0,0,0,0,0,0,0,0,1,0,0,0
8966,37000000,http://www.twilightthemovie.com,en,Twilight,127.084938,11/20/08,392616625,122,Released,Twilight,5.8,3561,0,1,0,0,0,0,1,0,1,0,0,0,0,0,1,0,0,0,0,0
8967,32000000,http://www.twowaysthroughlife.com/,en,The Tree of Life,43.862456,5/18/11,54674226,139,Released,The Tree of Life,6.5,987,0,0,0,0,0,0,1,0,1,0,0,0,0,0,0,0,0,0,0,0
8968,20000000,http://www.uip.de/lo/goodies/posters/pl_boogeyman.html,en,Boogeyman,11.62423,2/4/05,67192859,89,Released,Boogeyman,4.6,191,0,0,0,0,0,0,1,0,0,0,0,1,0,1,0,0,1,0,0,0
8970,75000000,NA,en,The Out-of-Towners,4.842626,4/2/99,29e6,90,Released,The Out-of-Towners,5,45,0,0,0,1,0,0,0,0,0,0,0,0,0,0,0,0,0,0,0,0
8975,20000000,NA,en,The Marine,7.679336,10/13/06,22165608,92,Released,The Marine,5,163,1,1,0,0,0,0,1,0,0,0,0,0,0,0,0,0,1,0,0,0
8976,30000000,NA,en,A Lot Like Love,19.212552,4/22/05,42886719,107,Released,A Lot Like Love,6.5,318,0,0,0,1,0,0,0,0,0,0,0,0,0,0,0,0,0,0,0,0
8978,30000000,NA,en,Assault on Precinct 13,18.706504,1/19/05,35294470,109,Released,Assault on Precinct 13,6,311,0,0,0,0,0,0,0,0,0,0,0,0,0,0,0,0,1,0,0,0
8981,0,NA,en,Dear Frankie,3.11319,5/18/04,0,105,Released,Dear Frankie,7,46,0,0,0,0,0,0,1,1,0,0,0,0,0,0,0,0,0,0,0,0
8982,6000000,NA,th,ต้มยำกุ้ง,11.81832,8/11/05,27165581,108,Released,The Protector,6.8,167,1,0,0,0,1,0,1,0,0,0,0,0,0,0,0,0,1,0,0,0
8984,55000000,NA,en,Disclosure,15.064058,12/9/94,214015089,123,Released,Disclosure,5.9,210,0,0,0,0,1,0,1,0,0,0,0,0,0,1,1,0,1,0,0,0
8987,45000000,NA,en,The River Wild,12.362876,9/30/94,0,111,Released,The River Wild,6.1,210,1,1,0,0,1,0,0,0,0,0,0,0,0,0,0,0,1,0,0,0
8988,25000000,http://www.stoplossmovie.com/,en,Stop-Loss,4.002579,3/28/08,11207130,113,Released,Stop-Loss,6.1,82,0,0,0,0,0,0,1,0,0,0,0,0,0,0,0,0,0,0,1,0
8998,6500000,NA,en,Friends with Money,11.885221,9/7/06,13368437,88,Released,Friends with Money,5.1,128,0,0,0,1,0,0,1,0,0,0,0,0,0,0,1,0,0,0,0,0
8999,22000000,http://weinsteinco.com/films/derailed/,en,Derailed,17.7091,11/11/05,57479076,108,Released,Derailed,6.1,319,0,0,0,0,0,0,1,0,0,0,0,0,0,0,0,0,1,0,0,0
9003,1000000,NA,en,Hellraiser,22.583834,9/11/87,14564027,94,Released,Hellraiser,6.9,449,0,0,0,0,0,0,0,0,0,0,0,1,0,0,0,0,0,0,0,0
9007,58000000,NA,en,Just Like Heaven,13.43573,9/16/05,102854431,95,Released,Just Like Heaven,6.5,579,0,0,0,1,0,0,0,0,1,0,0,0,0,0,1,0,0,0,0,0
9008,90000000,NA,en,The Insider,26.153669,10/28/99,60289912,157,Released,The Insider,7.3,481,0,0,0,0,0,0,1,0,0,0,0,0,0,0,0,0,1,0,0,0
9009,30000000,NA,en,Dark Water,14.376463,6/27/05,25473093,105,Released,Dark Water,5.3,274,0,0,0,0,0,0,1,0,0,0,0,1,0,0,0,0,1,0,0,0
9012,5000000,NA,en,Jackass: The Movie,14.752587,10/21/02,64282312,87,Released,Jackass: The Movie,6.1,345,0,0,0,1,0,1,0,0,0,0,0,0,0,0,0,0,0,0,0,0
9013,30000000,NA,en,Midnight Run,12.821329,7/20/88,38413606,126,Released,Midnight Run,7.2,238,0,1,0,1,1,0,0,0,0,0,0,0,0,0,0,0,0,0,0,0
9016,140000000,NA,en,Treasure Planet,38.924136,11/26/02,109578115,95,Released,Treasure Planet,7.2,948,0,1,1,0,0,0,0,1,1,0,0,0,0,0,0,1,0,0,0,0
9021,65000000,NA,en,The Santa Clause 2,14.646884,10/31/02,172855065,104,Released,The Santa Clause 2,5.5,297,0,0,0,1,0,0,0,1,1,0,0,0,0,0,0,0,0,0,0,0
9022,750000,http://www.mandylane.co.uk,en,All the Boys Love Mandy Lane,12.284939,2/15/08,0,90,Released,All the Boys Love Mandy Lane,5.7,209,0,0,0,0,0,0,0,0,0,0,0,1,0,1,0,0,1,0,0,0
9023,80000000,NA,en,Spirit: Stallion of the Cimarron,41.670544,5/24/02,122563539,83,Released,Spirit: Stallion of the Cimarron,7.4,831,0,1,1,1,0,0,0,1,0,0,0,0,0,0,0,0,0,0,0,1
9026,0,NA,en,The Importance of Being Earnest,7.250379,5/17/02,0,97,Released,The Importance of Being Earnest,6.7,127,0,0,0,1,0,0,1,0,0,0,1,0,0,0,1,0,0,0,0,0
9027,0,NA,en,The Guru,4.093288,8/21/02,0,91,Released,The Guru,5.1,75,0,0,0,1,0,0,0,0,0,0,0,0,0,0,1,0,0,0,0,0
9029,35000000,NA,da,What Happens in Vegas,38.100488,5/7/08,17e7,99,Released,What Happens in Vegas,5.8,923,0,0,0,1,0,0,0,0,0,0,0,0,0,0,1,0,0,0,0,0
9030,12000000,http://www.theeyethefilm.com,en,The Eye,11.135734,2/1/08,56309766,98,Released,The Eye,5.5,281,0,0,0,0,0,0,1,0,0,0,0,1,0,0,0,0,1,0,0,0
9032,34200000,NA,en,Big Daddy,34.86859,6/25/99,234801895,93,Released,Big Daddy,6.1,875,0,0,0,1,0,0,1,0,0,0,0,0,0,0,0,0,0,0,0,0
9034,10000000,NA,en,The Banger Sisters,6.015354,9/20/02,0,98,Released,The Banger Sisters,5.5,62,0,0,0,1,0,0,1,0,0,0,0,0,0,0,0,0,0,0,0,0
9035,15500000,NA,en,Slither,17.327279,3/31/06,0,95,Released,Slither,6.3,317,0,0,0,1,0,0,0,0,0,0,0,1,0,0,0,1,0,0,0,0
9036,40000000,NA,en,Eight Below,24.287306,2/17/06,120455994,120,Released,Eight Below,6.7,542,0,1,0,0,0,0,1,1,0,0,0,0,0,0,0,0,0,0,0,0
9042,30000000,NA,en,The Cave,10.756266,8/25/05,15007991,97,Released,The Cave,5.1,202,1,1,0,0,0,0,0,0,0,0,0,1,0,0,0,0,1,0,0,0
9043,0,NA,en,The Family Stone,14.190837,12/14/05,0,103,Released,The Family Stone,6.2,249,0,0,0,1,0,0,1,0,0,0,0,0,0,0,1,0,0,0,0,0
9045,0,NA,fr,Amen.,5.930533,2/13/02,0,132,Released,Amen.,7.1,75,0,0,0,0,0,0,1,0,0,0,1,0,0,0,0,0,0,0,0,0
9053,21000000,NA,en,DOA: Dead or Alive,12.790408,9/7/06,480314,87,Released,DOA: Dead or Alive,5,205,1,1,0,0,0,0,0,0,0,0,0,0,0,0,0,0,1,0,0,0
9059,0,NA,en,Tales from the Crypt: Demon Knight,7.710797,1/13/95,0,92,Released,Tales from the Crypt: Demon Knight,6.7,94,0,0,0,1,0,0,0,0,0,0,0,1,0,0,0,0,1,0,0,0
9067,25000000,NA,en,Tank Girl,8.186936,3/31/95,4064495,98,Released,Tank Girl,5.5,138,1,0,0,1,0,0,0,0,1,0,0,0,0,0,0,1,0,0,0,0
9072,64000000,http://www.littleman-movie.com/,en,Little Man,12.421504,8/31/06,101595121,98,Released,Little Man,5.3,261,0,0,0,1,1,0,0,0,0,0,0,0,0,0,0,0,0,0,0,0
9074,0,NA,en,The Man,6.925645,9/8/05,12382362,83,Released,The Man,5.4,133,1,0,0,1,1,0,0,0,0,0,0,0,0,0,0,0,0,0,0,0
9075,21000000,NA,nl,Zwartboek,13.906611,9/1/06,26193068,145,Released,Black Book,7.2,277,0,0,0,0,0,0,1,0,0,0,0,0,0,0,0,0,1,0,1,0
9087,62000000,NA,en,The American President,11.056763,11/17/95,107879496,106,Released,The American President,6.5,195,0,0,0,1,0,0,1,0,0,0,0,0,0,0,1,0,0,0,0,0
9089,0,NA,en,Home for the Holidays,4.031585,11/2/95,17519169,103,Released,Home for the Holidays,6.3,39,0,0,0,1,0,0,1,0,0,0,0,0,0,0,1,0,0,0,0,0
9092,26000000,NA,en,Snow White: A Tale of Terror,4.810621,7/18/97,0,100,Released,Snow White: A Tale of Terror,6,62,0,0,0,0,0,0,0,0,1,0,0,1,0,0,0,0,0,0,0,0
9093,35000000,NA,en,The Four Feathers,10.10364,9/8/02,29882645,132,Released,The Four Feathers,6.5,159,0,1,0,0,0,0,1,0,0,0,0,0,0,0,1,0,0,0,1,0
9095,47000000,NA,en,Mary Reilly,6.067212,2/23/96,12379402,104,Released,Mary Reilly,5.7,74,0,0,0,0,0,0,1,0,0,0,0,1,0,0,1,0,1,0,0,0
9096,40000000,NA,en,Medicine Man,7.021871,2/7/92,0,106,Released,Medicine Man,5.8,114,0,1,0,0,0,0,0,0,0,0,0,0,0,0,0,0,0,0,0,0
9099,0,NA,en,Sgt. Bilko,5.417787,3/29/96,0,90,Released,Sgt. Bilko,5.5,94,0,0,0,1,0,0,0,1,0,0,0,0,0,0,0,0,0,0,0,0
9100,15000000,NA,en,The Craft,19.517239,5/3/96,24769466,101,Released,The Craft,6.3,380,0,0,0,0,0,0,1,0,1,0,0,1,0,0,0,0,1,0,0,0
9104,15000000,NA,en,Buffalo Soldiers,6.329672,9/8/01,0,NA,Released,Buffalo Soldiers,6.5,93,0,0,0,1,1,0,1,0,0,0,0,0,0,0,0,0,1,0,1,0
9208,50000000,NA,en,Broken Arrow,22.769108,2/9/96,150270147,108,Released,Broken Arrow,5.7,453,1,1,0,0,0,0,1,0,0,0,0,0,0,0,0,0,1,0,0,0
9257,80000000,http://www.sonypictures.com/homevideo/swat/,en,S.W.A.T.,34.052253,8/8/03,116643346,117,Released,S.W.A.T.,5.8,770,1,0,0,0,1,0,0,0,0,0,0,0,0,0,0,0,1,0,0,0
9260,1200000,NA,en,Welcome to Collinwood,3.582733,5/24/02,0,86,Released,Welcome to Collinwood,6.2,50,0,0,0,1,0,0,0,0,0,0,0,0,0,0,0,0,0,0,0,0
9266,25000000,NA,en,Blue Crush,11.42943,8/8/02,51842679,104,Released,Blue Crush,5.6,159,0,1,0,0,0,0,0,0,0,0,0,0,0,0,0,0,0,0,0,0
9268,100000000,http://www.warnerbros.com/eraser,en,Eraser,24.507987,6/21/96,242295562,115,Released,Eraser,5.6,543,1,0,0,0,0,0,1,0,0,0,0,0,0,1,0,0,1,0,0,0
9271,30000000,NA,en,Virtuosity,5.301589,8/4/95,24048e3,106,Released,Virtuosity,5.4,163,1,0,0,0,1,0,0,0,0,0,0,0,0,0,0,1,1,0,0,0
9273,30000000,NA,en,Ace Ventura: When Nature Calls,34.391792,11/10/95,212385533,90,Released,Ace Ventura: When Nature Calls,6.1,1099,0,1,0,1,1,0,0,0,0,0,0,0,0,0,0,0,0,0,0,0
9275,55000000,NA,en,Death to Smoochy,11.329727,3/28/02,0,109,Released,Death to Smoochy,5.9,132,0,0,0,1,1,0,1,0,0,0,0,0,0,0,0,0,1,0,0,0
9276,15000000,NA,en,The Faculty,21.535126,12/25/98,40283321,104,Released,The Faculty,6.2,492,0,0,0,0,0,0,0,0,0,0,0,1,0,1,0,1,0,0,0,0
9277,5500000,NA,en,The Sting,28.500913,12/25/73,159616327,129,Released,The Sting,7.9,622,0,0,0,1,1,0,1,0,0,0,0,0,0,0,0,0,0,0,0,0
9279,60000000,NA,en,Jingle All the Way,22.501041,11/15/96,129832389,89,Released,Jingle All the Way,5.5,575,0,0,0,1,0,0,0,1,0,0,0,0,0,0,0,0,0,0,0,0
9280,35000000,NA,en,Femme Fatale,9.07278,11/6/02,16838910,114,Released,Femme Fatale,6.2,142,0,0,0,0,1,0,0,0,0,0,0,0,0,0,1,0,1,0,0,0
9281,12000000,NA,en,Witness,19.195399,2/8/85,68706993,113,Released,Witness,7,375,0,0,0,0,1,0,1,0,0,0,0,0,0,0,1,0,1,0,0,0
9282,6000000,NA,en,11:14,15.048067,5/16/03,0,86,Released,11:14,6.8,206,0,0,0,0,1,0,1,0,0,0,0,0,0,0,0,0,1,0,0,0
9285,16000000,NA,en,Road Trip,14.759948,5/19/00,119754278,93,Released,Road Trip,5.9,542,0,1,0,1,0,0,0,0,0,0,0,0,0,0,0,0,0,0,0,0
9286,25000000,NA,en,Final Destination 3,31.64341,2/10/06,117719158,93,Released,Final Destination 3,5.8,974,0,0,0,0,0,0,0,0,0,0,0,1,0,1,0,0,0,0,0,0
9288,0,NA,en,Dungeons & Dragons: Wrath of the Dragon God,4.901936,1/1/05,0,NA,Released,Dungeons & Dragons: Wrath of the Dragon God,4.8,36,1,1,0,0,0,0,0,0,1,0,0,0,0,0,0,0,0,0,0,0
9289,10000000,NA,en,The Longest Day,19.524972000000002,9/25/62,501e5,178,Released,The Longest Day,7.2,234,1,0,0,0,0,0,1,0,0,0,1,0,0,0,0,0,0,0,1,0
9290,21150000,NA,en,Crocodile Dundee in Los Angeles,6.081772,4/12/01,39438674,92,Released,Crocodile Dundee in Los Angeles,4.7,146,0,1,0,1,0,0,0,0,0,0,0,0,0,0,0,0,0,0,0,0
9291,82000000,NA,en,The Longest Yard,26.065735,5/19/05,190320568,113,Released,The Longest Yard,6.2,785,0,0,0,1,0,0,1,0,0,0,0,0,0,0,0,0,0,0,0,0
9292,65000000,NA,en,Hudson Hawk,16.803457,5/23/91,17218080,100,Released,Hudson Hawk,5.4,269,1,1,0,1,0,0,0,0,0,0,0,0,0,0,0,0,0,0,0,0
9294,32000000,NA,en,Phenomenon,15.039407,7/5/96,152036382,123,Released,Phenomenon,6.2,323,0,0,0,0,0,0,1,0,1,0,0,0,0,0,1,1,0,0,0,0
9297,75000000,http://www.sonypictures.com/movies/monsterhouse/,en,Monster House,36.368839,7/21/06,140175006,91,Released,Monster House,6.3,874,0,0,1,1,0,0,0,1,1,0,0,0,0,0,0,0,0,0,0,0
9302,60000000,NA,en,Up Close & Personal,4.801849,3/1/96,0,119,Released,Up Close & Personal,5.9,50,0,0,0,0,0,0,1,0,0,0,0,0,0,0,1,0,0,0,0,0
9303,4500000,NA,en,Bound,15.359952,9/13/96,7011317,108,Released,Bound,6.9,198,0,0,0,0,1,0,1,0,0,0,0,0,0,0,1,0,1,0,0,0
9304,45000000,NA,en,Multiplicity,11.120344,7/19/96,0,117,Released,Multiplicity,5.5,154,0,0,0,1,0,0,0,0,1,0,0,0,0,0,0,1,0,0,0,0
9306,40000000,NA,en,The Island of Dr. Moreau,13.210898,8/23/96,49627779,96,Released,The Island of Dr. Moreau,4.6,147,0,0,0,0,0,0,0,0,1,0,0,1,0,0,0,1,0,0,0,0
9310,17000000,NA,en,American Dreamz,7.864011,3/4/06,7314027,107,Released,American Dreamz,4.9,95,0,0,0,1,0,0,1,1,0,0,0,0,0,0,0,0,0,0,0,0
9311,35000000,NA,en,Smilla's Sense of Snow,5.419181,2/13/97,0,121,Released,Smilla's Sense of Snow,6.6,60,1,0,0,0,1,0,1,0,0,0,0,0,0,1,0,0,1,0,0,0
9312,18000000,NA,en,Mortal Kombat,16.470895,8/18/95,122195920,101,Released,Mortal Kombat,5.4,442,1,0,0,0,0,0,0,0,1,0,0,0,0,0,0,0,0,0,0,0
9313,0,NA,en,The Man in the Iron Mask,28.98027,3/12/98,0,132,Released,The Man in the Iron Mask,6.3,1018,1,1,0,0,0,0,1,0,0,0,0,0,0,0,0,0,0,0,0,0
9315,55000000,NA,en,Flightplan,32.05145,9/22/05,223387299,98,Released,Flightplan,6.1,772,0,0,0,0,0,0,1,0,0,0,0,0,0,1,0,0,1,0,0,0
9327,54000000,NA,en,The Nutty Professor,20.28119,6/26/96,128769345,95,Released,The Nutty Professor,5.4,702,0,0,0,1,0,0,0,0,1,0,0,0,0,0,1,1,0,0,0,0
9331,62000000,NA,en,Clear and Present Danger,18.832471,8/3/94,215887717,141,Released,Clear and Present Danger,6.4,386,1,0,0,0,0,0,1,0,0,0,0,0,0,0,0,0,1,0,0,0
9334,60000000,http://www.the-scorpion-king.com/,en,The Scorpion King,37.537093,4/16/02,165333180,92,Released,The Scorpion King,5.3,779,1,1,0,0,0,0,0,0,1,0,0,0,0,0,0,0,0,0,0,0
9335,32000000,NA,en,Transporter 2,47.5612,8/2/05,85167639,87,Released,Transporter 2,6.2,1061,1,0,0,0,1,0,0,0,0,0,0,0,0,0,0,0,1,0,0,0
9336,4500000,NA,en,Police Academy,15.002502,3/22/84,146198896,96,Released,Police Academy,6.5,602,0,0,0,1,1,0,0,0,0,0,0,0,0,0,0,0,0,0,0,0
9339,82500000,NA,en,Click,41.176631,6/22/06,237681299,107,Released,Click,6,2104,0,0,0,1,0,0,1,0,1,0,0,0,0,0,1,0,0,0,0,0
9341,60000000,NA,en,The Core,29.211255,3/28/03,74208267,136,Released,The Core,5.4,516,1,1,0,0,0,0,0,0,0,0,0,0,0,0,0,1,1,0,0,0
9342,95000000,NA,en,The Mask of Zorro,31.086791,7/16/98,250288523,136,Released,The Mask of Zorro,6.3,1183,1,1,0,0,0,0,0,0,0,0,0,0,0,0,0,0,0,0,0,0
9344,1500000,NA,en,Kids,13.291991,7/28/95,7412216,91,Released,Kids,6.8,279,0,0,0,0,1,0,1,0,0,0,0,0,0,0,0,0,0,0,0,0
9348,35000000,NA,en,Species,23.607071,7/7/95,113374103,108,Released,Species,5.5,453,1,0,0,0,0,0,0,0,0,0,0,1,0,0,0,1,0,0,0,0
9350,70000000,NA,en,Cliffhanger,26.19909,5/28/93,255000211,112,Released,Cliffhanger,6.1,588,1,1,0,0,0,0,0,0,0,0,0,0,0,0,0,0,1,0,0,0
9352,25000000,NA,en,EuroTrip,25.848003,2/20/04,20796847,93,Released,EuroTrip,6.5,656,0,0,0,1,0,0,0,0,0,0,0,0,0,0,0,0,0,0,0,0
9353,32000000,http://www.nacholibre.com/,en,Nacho Libre,14.642055,6/16/06,80197993,92,Released,Nacho Libre,5.6,359,0,0,0,1,0,0,0,1,0,0,0,0,0,0,0,0,0,0,0,0
9355,12305523,NA,en,Mad Max Beyond Thunderdome,36.582038,6/29/85,36230219,107,Released,Mad Max Beyond Thunderdome,5.9,748,1,1,0,0,0,0,0,0,0,0,0,0,0,0,0,1,0,0,0,0
9357,12000000,NA,en,One Hour Photo,20.624896,8/21/02,52223306,96,Released,One Hour Photo,6.6,435,0,0,0,0,0,0,0,0,0,0,0,1,0,0,0,0,1,0,0,0
9358,26000000,NA,en,Final Destination 2,37.355826,1/31/03,90426405,90,Released,Final Destination 2,5.9,1023,0,0,0,0,0,0,0,0,0,0,0,1,0,1,0,0,0,0,0,0
9360,45000000,NA,en,Anaconda,27.684779,4/11/97,136885767,89,Released,Anaconda,4.7,610,0,1,0,0,0,0,0,0,0,0,0,1,0,0,0,0,1,0,0,0
9361,40000000,NA,en,The Last of the Mohicans,37.776566,9/25/92,75505856,112,Released,The Last of the Mohicans,7.1,732,1,1,0,0,0,0,1,0,0,0,1,0,0,0,1,0,0,0,1,0
9362,11000000,NA,en,Tremors,32.579697,1/19/90,48572e3,96,Released,Tremors,6.6,864,1,0,0,0,0,0,0,0,0,0,0,1,0,0,0,0,0,0,0,0
9366,35000000,NA,en,Donnie Brasco,40.370442,2/27/97,41954997,127,Released,Donnie Brasco,7.4,1147,0,0,0,0,1,0,1,0,0,0,0,0,0,0,0,0,1,0,0,0
9367,220000,NA,es,El Mariachi,14.269792,9/4/92,2040920,81,Released,El Mariachi,6.6,238,1,0,0,0,1,0,0,0,0,0,0,0,0,0,0,0,1,0,0,0
9372,65000,NA,en,Super Size Me,10.400603,1/17/04,28575078,100,Released,Super Size Me,6.6,506,0,0,0,1,0,1,1,0,0,0,0,0,0,0,0,0,0,0,0,0
9374,55000000,NA,en,Death Becomes Her,29.498304,7/30/92,149022650,104,Released,Death Becomes Her,6.3,636,0,0,0,1,0,0,0,0,1,0,0,0,0,0,0,0,0,0,0,0
9378,0,NA,en,Thir13en Ghosts,20.392858,10/26/01,0,91,Released,Thir13en Ghosts,5.4,440,0,0,0,0,0,0,0,0,0,0,0,1,0,0,0,0,1,0,0,0
9381,70000000,http://www.babylonadmovie.com/,en,Babylon A.D.,27.568194,8/20/08,72108608,101,Released,Babylon A.D.,5.4,676,1,1,0,0,0,0,0,0,0,0,0,0,0,0,0,1,1,0,0,0
9383,95000000,NA,en,Hollow Man,28.200874,8/4/00,190213455,112,Released,Hollow Man,5.6,634,1,0,0,0,0,0,0,0,0,0,0,0,0,0,0,1,1,0,0,0
9384,60000000,NA,en,Starsky & Hutch,28.848842,3/5/04,170268750,101,Released,Starsky & Hutch,5.6,644,0,0,0,1,1,0,0,0,0,0,0,0,0,0,0,0,0,0,0,0
9387,20000000,NA,en,Conan the Barbarian,31.802807,4/2/82,79114085,129,Released,Conan the Barbarian,6.6,650,1,1,0,0,0,0,0,0,1,0,0,0,0,0,0,0,0,0,0,0
9388,6500000,NA,en,Thank You for Smoking,29.01153,9/5/05,24793509,92,Released,Thank You for Smoking,7.1,664,0,0,0,1,0,0,1,0,0,0,0,0,0,0,0,0,0,0,0,0
9389,18000000,NA,fr,Renaissance,9.244181,3/16/06,1831348,105,Released,Renaissance,6.7,77,1,0,1,0,0,0,0,0,0,0,0,0,0,0,0,1,0,0,0,0
9390,50000000,NA,en,Jerry Maguire,27.039636,12/6/96,273552592,139,Released,Jerry Maguire,6.7,913,0,0,0,1,0,0,1,0,0,0,0,0,0,0,1,0,0,0,0,0
9392,0,NA,en,The Descent,23.413188,7/8/05,0,99,Released,The Descent,6.8,1005,0,1,0,0,0,0,0,0,0,0,0,1,0,0,0,0,0,0,0,0
9396,0,NA,en,Crocodile Dundee II,15.474831,5/19/88,239606210,NA,Released,Crocodile Dundee II,5.5,303,0,1,0,1,0,0,0,0,0,0,0,0,0,0,0,0,0,0,0,0
9398,28000000,NA,en,Zoolander,38.0958,9/28/01,60780981,89,Released,Zoolander,6.1,1337,0,0,0,1,0,0,0,0,0,0,0,0,0,0,0,0,0,0,0,0
9400,9000000,http://www.newline.com/properties/setitoff.html,en,Set It Off,6.717994,11/6/96,41590886,118,Released,Set It Off,6.9,66,1,0,0,0,1,0,1,0,0,0,0,0,0,0,0,0,0,0,0,0
9408,85000000,http://www.sonypictures.com/homevideo/surfsup/,en,Surf's Up,23.230851,6/8/07,149044513,85,Released,Surf's Up,5.9,601,0,0,1,1,0,0,0,1,0,0,0,0,0,0,0,0,0,0,0,0
9414,20000000,NA,en,The Man Who Knew Too Little,6.397042,11/14/97,13801755,97,Released,The Man Who Knew Too Little,6.5,125,1,0,0,1,1,0,0,0,0,0,0,0,0,0,0,0,1,0,0,0
9416,0,NA,en,Money Talks,7.615653,8/22/97,0,97,Released,Money Talks,5.9,87,1,1,0,1,0,0,0,0,0,0,0,0,0,0,0,0,0,0,0,0
9422,70000000,NA,en,A Civil Action,10.147321,3/5/98,56702901,115,Released,A Civil Action,6.1,109,0,0,0,0,0,0,1,0,0,0,0,0,0,0,0,0,0,0,0,0
9424,15000000,NA,en,Disturbing Behavior,9.378688,7/24/98,17507368,84,Released,Disturbing Behavior,5.5,104,0,0,0,0,0,0,0,0,0,0,0,1,0,1,0,1,0,0,0,0
9425,75000000,http://www.wb-soldier.com/,en,Soldier,11.873856,10/23/98,14567883,99,Released,Soldier,6.1,221,1,0,0,0,0,0,0,0,0,0,0,0,0,0,0,1,0,0,1,0
9427,3500000,NA,en,The Full Monty,17.002623,8/13/97,257850122,91,Released,The Full Monty,6.8,363,0,0,0,1,0,0,0,0,0,0,0,0,0,0,0,0,0,0,0,0
9428,21000000,NA,en,The Royal Tenenbaums,24.13081,10/5/01,71441250,110,Released,The Royal Tenenbaums,7.4,1286,0,0,0,1,0,0,1,0,0,0,0,0,0,0,0,0,0,0,0,0
9429,17000000,NA,en,A Night at the Roxbury,12.709227,10/1/98,30331165,81,Released,A Night at the Roxbury,5.9,198,0,0,0,1,0,0,0,0,0,0,0,0,0,0,0,0,0,0,0,0
9430,6500000,NA,en,Go,11.142389,4/9/99,28451622,98,Released,Go,7,196,0,0,0,1,1,0,0,0,0,0,0,0,0,0,0,0,1,0,0,0
9433,0,NA,en,The Edge,20.632673,9/6/97,43312294,117,Released,The Edge,6.7,349,1,1,0,0,0,0,1,0,0,0,0,0,0,0,0,0,0,0,0,0
9434,0,NA,en,Grosse Pointe Blank,13.817269,4/11/97,28084357,107,Released,Grosse Pointe Blank,6.9,275,1,0,0,1,0,0,0,0,0,0,0,0,0,0,1,0,1,0,0,0
9437,27000000,NA,en,Kiss the Girls,18.913,10/3/97,60527873,115,Released,Kiss the Girls,6.2,345,0,0,0,0,1,0,1,0,0,0,0,0,0,1,0,0,1,0,0,0
9440,65000000,NA,en,Primary Colors,9.110247,3/20/98,0,143,Released,Primary Colors,6.1,94,0,0,0,1,0,0,1,0,0,0,0,0,0,0,0,0,0,0,0,0
9441,0,NA,en,Stepmom,16.368283,12/25/98,0,124,Released,Stepmom,6.9,277,0,0,0,0,0,0,1,0,0,0,0,0,0,0,1,0,0,0,0,0
9443,5500000,NA,en,Chariots of Fire,10.439971,5/15/81,58972904,123,Released,Chariots of Fire,6.8,207,0,0,0,0,0,0,1,0,0,0,1,0,0,0,0,0,0,0,0,0
9444,53000000,NA,en,Anastasia,45.565918,11/20/97,139804348,94,Released,Anastasia,7.4,1432,0,0,1,0,0,0,0,1,0,0,0,0,0,0,0,0,0,0,0,0
9447,90000000,NA,en,Babe: Pig in the City,11.356079,11/25/98,69131860,92,Released,Babe: Pig in the City,5.2,305,0,1,0,1,0,0,1,1,1,0,0,0,0,0,0,0,0,0,0,0
9448,13000000,NA,en,The Big Hit,6.425528,4/24/98,27007143,91,Released,The Big Hit,6.1,109,1,1,0,1,0,0,0,0,0,0,0,0,0,0,0,0,1,0,0,0
9449,29000000,NA,en,The Borrowers,10.364582,12/5/97,0,86,Released,The Borrowers,5.8,135,1,1,0,1,0,0,0,1,1,0,0,0,0,0,0,0,0,0,0,0
9451,0,NA,en,Election,13.476596,4/23/99,0,99,Released,Election,6.7,270,0,0,0,1,0,0,0,0,0,0,0,0,0,0,0,0,0,0,0,0
9452,30000000,NA,en,Bulworth,4.52363,5/15/98,29202884,108,Released,Bulworth,6.3,66,0,0,0,1,0,0,1,0,0,0,0,0,0,0,0,0,0,0,0,0
9454,26000000,NA,en,EverAfter,21.988861,7/31/98,65705772,121,Released,Ever After: A Cinderella Story,6.8,399,0,0,0,1,0,0,1,0,0,0,0,0,0,0,1,0,0,0,0,0
9455,25000000,NA,en,The Corruptor,4.068107,3/12/99,15156200,110,Released,The Corruptor,6,57,1,0,0,0,1,0,0,0,0,0,0,0,0,1,0,0,1,0,0,0
9457,45000000,NA,en,Deep Rising,6.513856,1/30/98,11203026,106,Released,Deep Rising,6,154,1,1,0,0,0,0,0,0,0,0,0,1,0,0,0,1,0,0,0,0
9459,600000,NA,en,Woodstock,3.409764,3/26/70,34505110,225,Released,Woodstock,7.1,66,0,0,0,0,0,1,0,0,0,0,1,0,1,0,0,0,0,0,0,0
9464,1500000,NA,en,Buffalo '66,10.009994,1/20/98,2375097,110,Released,Buffalo '66,7.1,166,0,0,0,1,1,0,1,0,0,0,0,0,0,0,1,0,0,0,0,0
9466,0,NA,en,Celebrity,7.594593,9/7/98,0,113,Released,Celebrity,6,111,0,0,0,1,0,0,1,0,0,0,0,0,0,0,0,0,0,0,0,0
9469,25000000,NA,en,He Got Game,10.232599,5/1/98,21567853,136,Released,He Got Game,6.7,134,0,0,0,0,0,0,1,0,0,0,0,0,0,0,0,0,0,0,0,0
9470,20000000,NA,cn,功夫,13.658985,2/10/04,100914445,99,Released,Kung Fu Hustle,7.2,831,1,0,0,1,1,0,0,0,1,0,0,0,0,0,0,0,0,0,0,0
9471,120000000,NA,en,Charlie's Angels: Full Throttle,33.616115,6/27/03,259175788,106,Released,Charlie's Angels: Full Throttle,5.2,914,1,1,0,1,0,0,0,0,0,0,0,0,0,0,0,0,0,0,0,0
9472,20000000,NA,en,DodgeBall: A True Underdog Story,41.156217,6/18/04,167722310,92,Released,DodgeBall: A True Underdog Story,6.2,981,0,0,0,1,0,0,0,0,0,0,0,0,0,0,0,0,0,0,0,0
9473,21000000,NA,en,"South Park: Bigger, Longer & Uncut",27.197799,6/30/99,0,81,Released,"South Park: Bigger, Longer & Uncut",7.1,893,0,0,1,1,0,0,0,0,0,0,0,0,1,0,0,0,0,0,0,0
9476,65000000,NA,en,A Knight's Tale,36.670399,5/11/01,117487473,132,Released,A Knight's Tale,6.6,907,1,1,0,0,0,0,1,0,0,0,0,0,0,0,1,0,0,0,0,0
9481,73000000,NA,en,The Bone Collector,33.884459,11/4/99,151493655,118,Released,The Bone Collector,6.5,826,0,0,0,0,1,0,1,0,0,0,0,0,0,1,0,0,1,0,0,0
9486,40000000,NA,en,Johnny English,28.029015,4/6/03,160583018,88,Released,Johnny English,6,852,1,1,0,1,0,0,0,0,0,0,0,0,0,0,0,0,0,0,0,0
9487,120000000,http://movies.disney.com/a-bugs-life,en,A Bug's Life,87.350802,11/25/98,363258859,95,Released,A Bug's Life,6.8,2303,0,1,1,1,0,0,0,1,0,0,0,0,0,0,0,0,0,0,0,0
9488,38000000,NA,en,Spy Kids 2: The Island of Lost Dreams,24.085144,8/7/02,119723358,100,Released,Spy Kids 2: The Island of Lost Dreams,5.3,521,1,1,0,0,0,0,0,1,0,0,0,0,0,0,0,0,0,0,0,0
9489,65000000,http://youvegotmail.warnerbros.com,en,You've Got Mail,28.540267,12/17/98,250821495,119,Released,You've Got Mail,6.3,838,0,0,0,1,0,0,0,0,0,0,0,0,0,0,1,0,0,0,0,0
9490,8000000,NA,en,Half Baked,7.894489,1/16/98,17460020,82,Released,Half Baked,6.4,177,0,0,0,1,1,0,0,0,0,0,0,0,0,0,0,0,0,0,0,0
9493,15000000,NA,en,Twins,17.638286,12/9/88,216614388,107,Released,Twins,5.7,559,0,0,0,1,0,0,0,0,0,0,0,0,0,0,0,0,0,0,0,0
9495,15000000,NA,en,The Crow,44.690107,5/11/94,94e6,102,Released,The Crow,7.3,953,1,0,0,0,0,0,0,0,1,0,0,0,0,0,0,0,1,0,0,0
9502,130000000,http://www.kungfupanda.com/,en,Kung Fu Panda,84.689648,6/4/08,631744560,90,Released,Kung Fu Panda,6.9,3145,0,1,1,1,0,0,0,1,0,0,0,0,0,0,0,0,0,0,0,0
9504,12500000,NA,en,Glengarry Glen Ross,13.939054,9/15/92,10725228,100,Released,Glengarry Glen Ross,7.5,323,0,0,0,0,1,0,1,0,0,0,0,0,0,1,0,0,0,0,0,0
9509,70000000,NA,en,Man on Fire,45.299089,4/23/04,130293714,146,Released,Man on Fire,7.3,1553,1,0,0,0,1,0,1,0,0,0,0,0,0,0,0,0,1,0,0,0
9513,0,NA,en,Garfield: A Tail of Two Kitties,16.930969,6/15/06,141702264,78,Released,Garfield: A Tail of Two Kitties,5.1,464,0,0,1,1,0,0,0,1,0,0,0,0,0,0,0,0,0,0,0,0
9515,10000000,NA,en,The Matador,5.647538,5/12/05,17297244,96,Released,The Matador,6.2,136,1,0,0,1,1,0,1,0,0,0,0,0,0,0,0,0,1,0,0,0
9516,3500000,NA,en,Menace II Society,3.418871,5/26/93,279e5,97,Released,Menace II Society,7.2,173,1,0,0,0,1,0,1,0,0,0,0,0,0,0,0,0,0,0,0,0
9517,0,NA,en,Bully,6.677093,6/15/01,480811,113,Released,Bully,6.7,125,0,0,0,0,1,0,1,0,0,0,0,0,0,0,0,0,0,0,0,0
9526,10000000,NA,en,A Prairie Home Companion,5.025446,6/9/06,0,105,Released,A Prairie Home Companion,6.4,81,0,0,0,1,0,0,1,0,0,0,0,0,1,0,0,0,0,0,0,0
9531,39000000,NA,en,Superman III,22.164202,6/17/83,75850624,125,Released,Superman III,5.3,490,1,1,0,1,0,0,0,0,1,0,0,0,0,0,0,1,0,0,0,0
9532,23000000,NA,en,Final Destination,38.799596,3/16/00,53302314,98,Released,Final Destination,6.4,1378,0,0,0,0,0,0,0,0,0,0,0,1,0,0,0,0,0,0,0,0
9533,78000000,NA,en,Red Dragon,10.083905,9/29/02,209196298,124,Released,Red Dragon,6.7,1115,0,0,0,0,1,0,0,0,0,0,0,1,0,0,0,0,1,0,0,0
9535,80000000,NA,en,Analyze This,29.415229,3/5/99,176885658,103,Released,Analyze This,6.4,503,0,0,0,1,1,0,0,0,0,0,0,0,0,0,0,0,0,0,0,0
9541,35000000,NA,en,Jersey Girl,14.699342,3/25/04,36098382,102,Released,Jersey Girl,5.8,325,0,0,0,1,0,0,0,0,0,0,0,0,0,0,1,0,0,0,0,0
9543,150000000,http://disney.go.com/disneypictures/princeofpersia,en,Prince of Persia: The Sands of Time,62.169881,5/19/10,335154643,116,Released,Prince of Persia: The Sands of Time,6.2,2317,1,1,0,0,0,0,0,0,1,0,0,0,0,0,1,0,0,0,0,0
9544,40000000,NA,en,FearDotCom,6.756886,8/9/02,18902015,101,Released,FearDotCom,3.2,105,0,0,0,0,0,0,0,0,0,0,0,1,0,0,0,0,1,0,0,0
9548,49000000,NA,en,The Adventures of Ford Fairlane,2.808428,7/11/90,20423389,104,Released,The Adventures of Ford Fairlane,6.2,71,1,0,0,1,1,0,0,0,0,0,0,0,0,1,0,0,1,0,0,0
9549,27000000,NA,en,The Right Stuff,17.567332,10/20/83,215e5,193,Released,The Right Stuff,7.3,235,0,0,0,0,0,0,1,0,0,0,1,0,0,0,0,0,0,0,0,0
9550,0,NA,zh,十面埋伏,21.064082,5/19/04,92863945,119,Released,House of Flying Daggers,7.1,439,1,1,0,0,0,0,1,0,0,0,0,0,0,0,1,0,0,0,0,0
9552,8000000,http://theexorcist.warnerbros.com/,en,The Exorcist,47.584643,12/26/73,441306145,122,Released,The Exorcist,7.5,2005,0,0,0,0,0,0,1,0,0,0,0,1,0,0,0,0,1,0,0,0
9555,0,NA,en,Rabbit-Proof Fence,2.128211,2/4/02,0,94,Released,Rabbit-Proof Fence,6.8,84,1,1,0,0,0,0,1,0,0,0,1,0,0,0,0,0,0,0,0,0
9557,20000000,NA,en,Boat Trip,7.034752,10/1/02,8586376,94,Released,Boat Trip,4.7,146,0,0,0,1,0,0,0,0,0,0,0,0,0,0,0,0,0,0,0,0
9562,80000000,NA,en,Timeline,11.22268,11/26/03,19480739,116,Released,Timeline,5.4,318,1,1,0,0,0,0,0,0,0,0,0,0,0,0,0,1,0,0,0,0
9563,55000000,NA,en,Any Given Sunday,23.127561,12/16/99,100230832,163,Released,Any Given Sunday,6.8,422,0,0,0,0,0,0,1,0,0,0,0,0,0,0,0,0,0,0,0,0
9566,55000000,NA,en,The Fan,4.366488,8/15/96,18626419,116,Released,The Fan,5.7,194,0,0,0,0,0,0,1,0,0,0,0,0,0,1,0,0,1,0,0,0
9567,70000000,NA,en,Tears of the Sun,27.055085,3/7/03,85632458,121,Released,Tears of the Sun,6.4,573,1,0,0,0,0,0,1,0,0,0,0,0,0,0,0,0,0,0,1,0
9570,20000000,NA,en,The Black Hole,8.265317,12/18/79,35841901,98,Released,The Black Hole,6.1,131,1,1,0,0,0,0,0,1,0,0,0,0,0,0,0,1,0,0,0,0
9571,6900000,NA,en,Dazed and Confused,26.181753,9/24/93,7993039,102,Released,Dazed and Confused,7.4,583,0,0,0,1,0,0,1,0,0,0,0,0,0,0,0,0,0,0,0,0
9573,50000000,NA,en,Blood Work,10.089065,8/4/02,26199517,110,Released,Blood Work,6.1,206,0,0,0,0,1,0,1,0,0,0,0,0,0,1,0,0,1,0,0,0
9574,80000000,NA,en,Flubber,11.50396,11/26/97,177977226,93,Released,Flubber,5.3,695,0,0,0,1,0,0,0,1,0,0,0,0,0,0,0,1,0,0,0,0
9576,21000000,NA,en,Tootsie,20.818567,12/16/82,1772e5,116,Released,Tootsie,6.9,421,0,0,0,1,0,0,0,0,0,0,0,0,0,0,1,0,0,0,0,0
9582,20000000,NA,en,A Guy Thing,5.596835,1/17/03,17432163,101,Released,A Guy Thing,5.3,83,0,0,0,1,0,0,0,0,0,0,0,0,0,0,1,0,0,0,0,0
9583,27000000,NA,en,Divine Secrets of the Ya-Ya Sisterhood,5.576937,6/7/02,0,116,Released,Divine Secrets of the Ya-Ya Sisterhood,5.6,65,0,0,0,1,0,0,1,0,0,0,0,0,0,0,1,0,0,0,0,0
9587,18000000,NA,en,Little Women,16.418639,12/21/94,0,115,Released,Little Women,7,215,0,0,0,0,0,0,1,0,0,0,0,0,0,0,1,0,0,0,0,0
9588,0,NA,en,Quigley Down Under,11.360997,10/17/90,0,119,Released,Quigley Down Under,6.5,119,1,1,0,0,0,0,1,0,0,0,0,0,0,0,1,0,0,0,0,1
9591,0,NA,en,That Thing You Do!,14.885388,10/4/96,34585416,108,Released,That Thing You Do!,6.8,225,0,0,0,1,0,0,1,0,0,0,0,0,0,0,0,0,0,0,0,0
9593,85000000,NA,en,Last Action Hero,32.044191,6/18/93,137298489,130,Released,Last Action Hero,6.1,712,1,1,0,1,0,0,0,1,1,0,0,0,0,0,0,0,0,0,0,0
9594,15000000,NA,en,Double Impact,10.484642,8/10/91,30102717,110,Released,Double Impact,5.3,215,1,0,0,0,1,0,1,0,0,0,0,0,0,0,0,0,1,0,0,0
9598,30000000,NA,en,Babe,34.36645,7/18/95,254134910,89,Released,Babe,6,733,0,0,0,1,0,0,1,1,1,0,0,0,0,0,0,0,0,0,0,0
9600,30000000,NA,en,Big Momma's House,24.389194,5/31/00,173959438,98,Released,Big Momma's House,5.6,506,0,0,0,1,1,0,0,0,0,0,0,0,0,0,0,0,0,0,0,0
9603,12000000,NA,en,Clueless,16.051328,7/19/95,0,97,Released,Clueless,6.9,803,0,0,0,1,0,0,1,0,0,0,0,0,0,0,1,0,0,0,0,0
9607,48000000,NA,en,Super Mario Bros.,14.587367,5/28/93,20915465,104,Released,Super Mario Bros.,4,232,0,1,0,1,0,0,0,1,1,0,0,0,0,0,0,0,0,0,0,0
9610,18000000,NA,en,Conan the Destroyer,18.379124,6/29/84,1e8,103,Released,Conan the Destroyer,5.8,383,1,1,0,0,0,0,0,0,1,0,0,0,0,0,0,0,0,0,0,0
9613,0,http://www.spiderthemovie.com/,en,Spider,6.948401,12/13/02,0,98,Released,Spider,6.4,168,0,0,0,0,0,0,1,0,0,0,0,0,0,1,0,0,1,0,0,0
9614,12000000,NA,en,Happy Gilmore,26.598884,2/16/96,41205099,92,Released,Happy Gilmore,6.5,755,0,0,0,1,0,0,0,0,0,0,0,0,0,0,0,0,0,0,0,0
9615,85000000,http://www.thefastandthefurious3.com/,en,The Fast and the Furious: Tokyo Drift,8.282876,6/3/06,158468292,104,Released,The Fast and the Furious: Tokyo Drift,6.1,1705,1,0,0,0,1,0,1,0,0,0,0,0,0,0,0,0,1,0,0,0
9616,35000000,NA,en,The Order,3.746806,9/5/03,11560806,102,Released,The Order,4.8,91,0,0,0,0,0,0,1,0,1,0,0,1,0,1,1,0,1,0,0,0
9618,55000000,NA,en,Tango & Cash,22.787667,12/22/89,63408614,104,Released,Tango & Cash,6.1,458,1,1,0,1,0,0,0,0,0,0,0,0,0,0,0,0,0,0,0,0
9619,116000000,NA,en,Dante's Peak,16.90444,2/7/97,178127760,108,Released,Dante's Peak,5.7,428,1,1,0,0,0,0,0,0,0,0,0,0,0,0,0,0,1,0,0,0
9620,60000000,NA,en,Paycheck,29.018826,12/25/03,96269812,119,Released,Paycheck,5.9,581,1,1,0,0,0,0,0,0,0,0,0,0,0,1,0,1,1,0,0,0
9621,57000000,NA,en,Elizabethtown,22.894898,10/6/05,52034889,123,Released,Elizabethtown,6.1,327,0,0,0,1,0,0,1,0,0,0,0,0,0,0,1,0,0,0,0,0
9623,44000000,NA,en,The Juror,3.937352,2/2/96,0,118,Released,The Juror,5.5,89,0,0,0,0,0,0,1,0,0,0,0,0,0,0,0,0,1,0,0,0
9624,50000000,NA,en,On Deadly Ground,9.114168,2/18/94,49e6,102,Released,On Deadly Ground,4.5,104,1,0,0,0,0,0,0,0,0,0,0,0,0,0,0,0,1,0,0,0
9625,45000000,NA,en,The Glimmer Man,6.250282,10/4/96,0,92,Released,The Glimmer Man,4.7,100,1,1,0,0,1,0,1,0,0,0,0,0,0,0,0,0,1,0,0,0
9626,17900000,NA,en,Red Sonja,12.752463,4/9/85,6948633,89,Released,Red Sonja,5,206,1,1,0,0,0,0,0,0,1,0,0,0,0,0,0,0,0,0,0,0
9631,50000000,NA,en,The Negotiator,28.725621,7/29/98,44547681,140,Released,The Negotiator,6.8,582,1,1,0,0,1,0,1,0,0,0,0,0,0,1,0,0,1,0,0,0
9637,84000000,NA,en,Scooby-Doo,31.435539,6/14/02,275650703,88,Released,Scooby-Doo,5.4,820,0,1,0,1,0,0,0,0,0,0,0,0,0,1,0,0,0,0,0,0
9641,60000000,NA,en,Cheaper by the Dozen 2,18.831023,12/21/05,129181830,94,Released,Cheaper by the Dozen 2,5.7,526,0,0,0,1,0,0,0,0,0,0,0,0,0,0,0,0,0,0,0,0
9644,0,NA,en,National Lampoon's Loaded Weapon 1,12.963328,2/4/93,0,84,Released,National Lampoon's Loaded Weapon 1,5.7,157,0,0,0,1,0,0,0,0,0,0,0,0,0,0,0,0,0,0,0,0
9645,35000000,NA,en,Ghost Ship,27.724913,10/25/02,68349884,91,Released,Ghost Ship,5.3,531,0,0,0,0,0,0,0,0,0,0,0,1,0,1,0,0,1,0,0,0
9647,0,NA,en,Scrooged,21.620317,11/22/88,60328e3,101,Released,Scrooged,6.7,390,0,0,0,1,0,0,1,0,1,0,0,0,0,0,0,0,0,0,0,0
9654,60000000,http://www.italianjobmovie.com/,en,The Italian Job,62.766854,5/30/03,176070171,110,Released,The Italian Job,6.6,1919,1,0,0,0,1,0,0,0,0,0,0,0,0,0,0,0,0,0,0,0
9655,20000000,NA,en,She's the Man,10.81439,3/17/06,33889159,105,Released,She's the Man,6.4,671,0,0,0,1,0,0,1,1,0,0,0,0,0,0,1,0,0,0,0,0
9656,9000000,NA,en,Black Christmas,4.134327,12/25/06,21510851,84,Released,Black Christmas,4.8,119,0,0,0,0,0,0,0,0,0,0,0,1,0,0,0,0,1,0,0,0
9659,400000,NA,en,Mad Max,33.142185,4/12/79,1e8,93,Released,Mad Max,6.6,1213,1,1,0,0,0,0,0,0,0,0,0,0,0,0,0,1,1,0,0,0
9662,8000000,http://www.sonyclassics.com/triplets/,fr,Les triplettes de Belleville,13.944645,6/11/03,1477676,80,Released,The Triplets of Belleville,7.3,231,0,1,1,1,0,0,1,0,0,0,0,0,0,0,0,0,0,0,0,0
9664,60000000,NA,en,Flyboys,13.155999,9/22/06,178e5,140,Released,Flyboys,6.3,271,1,1,0,0,0,0,1,0,0,0,1,0,0,0,1,0,0,0,1,0
9665,18000000,NA,en,Glory,16.102271000000002,12/15/89,26828365,122,Released,Glory,7.4,383,0,0,0,0,0,0,0,0,0,0,0,0,0,0,0,0,0,0,1,0
9667,29000000,NA,en,The Jacket,24.240361,3/4/05,21126225,103,Released,The Jacket,6.8,455,0,0,0,0,0,0,1,0,1,0,0,0,0,1,0,0,1,0,0,0
9671,5000000,NA,en,Crocodile Dundee,16.072466,9/26/86,328203506,97,Released,Crocodile Dundee,6.3,503,0,1,0,1,0,0,0,0,0,0,0,0,0,0,0,0,0,0,0,0
9672,13000000,NA,en,Infamous,3.680896,11/16/06,1151330,110,Released,Infamous,6.4,60,0,0,0,0,0,0,1,0,0,0,0,0,0,0,0,0,0,0,0,0
9675,16000000,http://www.foxsearchlight.com/sideways/,en,Sideways,23.425431,10/22/04,109502303,126,Released,Sideways,6.9,478,0,0,0,1,0,0,1,0,0,0,0,0,0,0,1,0,0,0,0,0
9676,50000000,NA,en,The Black Dahlia,15.213484,9/15/06,49111202,121,Released,The Black Dahlia,5.7,287,0,0,0,0,0,0,1,0,0,0,0,0,0,0,0,0,0,0,0,0
9678,85000000,NA,en,Little Nicky,18.335992,11/10/00,0,90,Released,Little Nicky,5.2,438,0,0,0,1,0,0,0,0,1,0,0,0,0,0,1,0,0,0,0,0
9679,90000000,NA,en,Gone in Sixty Seconds,52.995628,6/9/00,237202299,118,Released,Gone in Sixty Seconds,6.1,1485,1,0,0,0,1,0,0,0,0,0,0,0,0,0,0,0,1,0,0,0
9682,38000000,http://www.pulsethemovie.net/,en,Pulse,9.662715,8/11/06,29907685,90,Released,Pulse,5,150,0,0,0,0,0,0,0,0,0,0,0,1,0,0,0,0,1,0,0,0
9683,0,NA,en,Bubble Boy,10.131123,8/24/01,0,84,Released,Bubble Boy,5.1,163,0,1,0,1,0,0,1,0,0,0,0,0,0,0,1,0,0,0,0,0
9685,9000000,NA,en,Igby Goes Down,2.062087,9/13/02,4777465,97,Released,Igby Goes Down,6.5,95,0,0,0,1,0,0,1,0,0,0,0,0,0,0,0,0,0,0,0,0
9686,15000000,NA,en,New York Stories,6.684096,3/10/89,0,124,Released,New York Stories,6.2,64,0,0,0,1,0,0,1,0,0,0,0,0,0,0,1,0,0,0,0,0
9689,16000000,NA,en,Hollywood Ending,8.711782,5/3/02,0,112,Released,Hollywood Ending,6.4,113,0,0,0,1,0,0,1,0,0,0,0,0,0,0,0,0,0,0,0,0
9691,50000000,NA,en,Assassins,23.073933,10/6/95,30303072,132,Released,Assassins,6,387,1,1,0,0,1,0,0,0,0,0,0,0,0,0,0,0,1,0,0,0
9693,76000000,http://www.universalstudiosentertainment.com/children-of-men/,en,Children of Men,35.387874,9/22/06,69959751,109,Released,Children of Men,7.4,2071,1,0,0,0,0,0,1,0,0,0,0,0,0,0,0,1,1,0,0,0
9697,75000000,NA,en,Lady in the Water,20.219385,7/21/06,42285169,110,Released,Lady in the Water,5.3,409,0,0,0,0,0,0,1,0,1,0,0,0,0,1,0,0,1,0,0,0
9700,9600000,NA,en,The Lost City,3.588529,9/3/05,4386236,144,Released,The Lost City,6,24,0,0,0,0,0,0,1,0,0,0,0,0,0,0,1,0,0,0,0,0
9701,35000000,http://northcountrymovie.warnerbros.com/,en,North Country,12.779201,2/12/05,25224242,126,Released,North Country,6.8,125,0,0,0,0,0,0,1,0,0,0,0,0,0,0,0,0,0,0,0,0
9702,35000000,NA,en,Bound by Honor,9.122828,2/5/93,0,180,Released,Bound by Honor,7.7,115,1,0,0,0,1,0,1,0,0,0,0,0,0,0,0,0,1,0,0,0
9703,67000000,NA,en,The Last Legion,12.282911,4/19/07,25303038,102,Released,The Last Legion,5,207,1,1,0,0,0,0,0,0,1,0,0,0,0,0,0,0,0,0,1,0
9705,102000000,NA,en,Swordfish,36.788745,6/7/01,147080413,99,Released,Swordfish,6.1,932,1,0,0,0,1,0,0,0,0,0,0,0,0,0,0,0,1,0,0,0
9707,1000000,NA,en,Bubba Ho-tep,9.954848,6/9/02,0,92,Released,Bubba Ho-tep,6.7,191,0,0,0,1,0,0,0,0,1,0,0,1,0,1,0,0,1,0,0,0
9709,0,NA,en,My Summer of Love,3.939753,8/20/04,0,86,Released,My Summer of Love,6,59,0,0,0,0,0,0,1,0,0,0,0,0,0,0,1,0,1,0,0,0
9713,60000000,NA,en,Holy Man,9.265672,10/8/98,0,114,Released,Holy Man,4.9,111,0,0,0,1,0,0,1,0,0,0,0,0,0,0,0,0,0,0,0,0
9715,0,NA,en,Hope Floats,7.922716,5/29/98,0,114,Released,Hope Floats,5.8,81,0,0,0,0,0,0,1,0,0,0,0,0,0,0,1,0,0,0,0,0
9716,20000000,NA,en,Everyone Says I Love You,12.379781,12/6/96,0,101,Released,Everyone Says I Love You,6.5,147,0,0,0,1,0,0,0,0,0,0,0,0,1,0,1,0,0,0,0,0
9718,72500000,http://www.sonypictures.com/homevideo/talladeganights/,en,Talladega Nights: The Ballad of Ricky Bobby,12.599836,8/4/06,162966177,116,Released,Talladega Nights: The Ballad of Ricky Bobby,6.2,491,0,0,0,1,0,0,0,0,0,0,0,0,0,0,0,0,0,0,0,0
9725,1250000,NA,en,Friday the 13th Part 2,16.517777,5/1/81,21722776,87,Released,Friday the 13th Part 2,6,315,0,0,0,0,0,0,0,0,0,0,0,1,0,0,0,0,1,0,0,0
9726,35000000,NA,en,A Good Year,16.782471,9/9/06,42064105,118,Released,A Good Year,6.5,357,0,0,0,1,0,0,1,0,0,0,0,0,0,0,1,0,0,0,0,0
9728,4000000,NA,en,Friday the 13th Part III,14.206525,8/13/82,36690067,95,Released,Friday the 13th Part III,5.7,254,0,0,0,0,0,0,0,0,0,0,0,1,0,0,0,0,1,0,0,0
9729,25000000,NA,en,Where the Truth Lies,4.051221,10/7/05,0,107,Released,Where the Truth Lies,5.9,66,0,0,0,0,0,0,1,0,0,0,0,0,0,1,0,0,1,0,0,0
9730,2600000,NA,en,Friday the 13th: The Final Chapter,14.013414,4/13/84,32980880,91,Released,Friday the 13th: The Final Chapter,5.9,237,0,0,0,0,0,0,0,0,0,0,0,1,0,0,0,0,1,0,0,0
9731,2200000,NA,en,Friday the 13th: A New Beginning,12.639469,3/22/85,21930418,92,Released,Friday the 13th: A New Beginning,5.1,196,0,0,0,0,0,0,0,0,0,0,0,1,0,0,0,0,1,0,0,0
9737,19000000,NA,en,Bad Boys,33.872182,4/7/95,141407024,118,Released,Bad Boys,6.5,1699,1,0,0,1,1,0,0,0,0,0,0,0,0,0,0,0,1,0,0,0
9741,75000000,NA,en,Unbreakable,42.006908,11/13/00,248118121,106,Released,Unbreakable,6.9,1946,0,0,0,0,0,0,1,0,0,0,0,0,0,0,0,1,1,0,0,0
9746,28000000,NA,en,Kundun,7.039189,12/25/97,5684789,134,Released,Kundun,6.8,91,0,0,0,0,0,0,1,0,0,0,0,0,0,0,0,0,0,0,0,0
9754,45000000,NA,en,Firewall,18.186026,2/10/06,828e5,105,Released,Firewall,5.6,267,0,0,0,0,0,0,0,0,0,0,0,0,0,0,0,0,1,0,0,0
9759,25000000,http://www.cellularthemovie.com/,en,Cellular,24.459948,9/6/04,56422687,94,Released,Cellular,6.1,537,1,1,0,0,1,0,0,0,0,0,0,0,0,0,0,0,1,0,0,0
9760,20000000,NA,en,Epic Movie,6.064638,1/25/07,86865564,86,Released,Epic Movie,3.2,326,1,1,0,1,0,0,0,0,0,0,0,0,0,0,0,0,0,0,0,0
9762,12000000,NA,en,Step Up,45.477802,8/11/06,114194847,104,Released,Step Up,6.7,1060,0,0,0,0,1,0,1,0,0,0,0,0,1,0,1,0,0,0,0,0
9763,30000000,NA,en,Goal!: The Dream Begins,16.541791,6/6/05,27610873,118,Released,Goal!: The Dream Begins,6.6,238,0,0,0,0,0,0,1,0,0,0,0,0,0,0,0,0,0,0,0,0
9766,30000000,NA,en,Gridiron Gang,9.278361,9/15/06,41480851,125,Released,Gridiron Gang,6.5,206,1,1,0,0,1,0,1,0,0,0,0,0,0,0,0,0,0,0,0,0
9767,52000000,https://www.uphe.com/movies/the-break-up,en,The Break-Up,26.251217,6/1/06,204999686,106,Released,The Break-Up,5.6,832,0,0,0,1,0,0,0,0,0,0,0,0,0,0,1,0,0,0,0,0
9770,50000000,NA,en,Mad City,3.314004,11/7/97,10541523,114,Released,Mad City,5.9,81,1,0,0,0,0,0,1,0,0,0,0,0,0,0,0,0,1,0,0,0
9772,85000000,NA,en,Air Force One,36.38795,7/25/97,315156409,124,Released,Air Force One,6.2,840,1,0,0,0,0,0,0,0,0,0,0,0,0,0,0,0,1,0,0,0
9776,0,NA,en,Head of State,3.457194,1/1/03,0,95,Released,Head of State,5.3,71,0,0,0,1,0,0,0,0,0,0,0,0,0,0,0,0,0,0,0,0
9778,28000000,NA,en,Serendipity,14.530803,10/5/01,77516304,90,Released,Serendipity,6.6,521,0,0,0,1,0,0,0,0,0,0,0,0,0,0,1,0,0,0,0,0
9779,25000000,NA,en,The Sisterhood of the Traveling Pants,17.17372,6/1/05,39053061,119,Released,The Sisterhood of the Traveling Pants,6.3,386,0,0,0,1,0,0,1,0,0,0,0,0,0,0,0,0,0,0,0,0
9781,6500000,NA,en,Detroit Rock City,5.700333,8/13/99,4217115,95,Released,Detroit Rock City,6.7,100,0,0,0,1,0,0,0,0,0,0,0,0,1,0,0,0,0,0,0,0
9782,0,NA,en,The Night Listener,7.173059,2/12/06,0,91,Released,The Night Listener,5.5,57,0,0,0,0,0,0,1,0,0,0,0,0,0,0,0,0,1,0,0,0
9783,0,NA,en,Sublime,6.833164,6/15/07,0,113,Released,Sublime,5.3,33,0,0,0,0,0,0,0,0,0,0,0,1,0,0,0,0,1,0,0,0
9787,25000000,NA,en,Lords of Dogtown,8.127728,6/3/05,13411957,107,Released,Lords of Dogtown,7,210,0,0,0,0,0,0,1,0,0,0,0,0,0,0,0,0,0,0,0,0
9792,15000000,http://www.foxsearchlight.com/thehillshaveeyes/,en,The Hills Have Eyes,35.107857,3/10/06,69623713,107,Released,The Hills Have Eyes,6.1,705,0,0,0,0,0,0,0,0,0,0,0,1,0,0,0,0,1,0,0,0
9793,15000000,NA,en,The Hills Have Eyes II,17.141376,3/22/07,0,89,Released,The Hills Have Eyes 2,5.2,351,0,0,0,0,0,0,0,0,0,0,0,1,0,0,0,0,1,0,0,0
9794,12000000,NA,en,Employee of the Month,9.559737,10/6/06,38368909,103,Released,Employee of the Month,5.3,153,0,0,0,1,0,0,0,0,0,0,0,0,0,0,1,0,0,0,0,0
9798,90000000,NA,en,Enemy of the State,41.207568,11/20/98,250649836,132,Released,Enemy of the State,6.7,1240,1,0,0,0,0,0,1,0,0,0,0,0,0,0,0,0,1,0,0,0
9799,38000000,NA,en,The Fast and the Furious,6.909942,6/22/01,207283925,106,Released,The Fast and the Furious,6.6,3428,1,0,0,0,1,0,0,0,0,0,0,0,0,0,0,0,1,0,0,0
9800,26000000,NA,en,Philadelphia,44.301745,12/22/93,206678440,125,Released,Philadelphia,7.6,988,0,0,0,0,0,0,1,0,0,0,0,0,0,0,0,0,0,0,0,0
9801,50000000,NA,en,Bridget Jones: The Edge of Reason,28.803802,11/10/04,40203020,108,Released,Bridget Jones: The Edge of Reason,6.1,750,0,0,0,1,0,0,0,0,0,0,0,0,0,0,1,0,0,0,0,0
9802,75000000,NA,en,The Rock,51.469576000000004,6/6/96,335062621,136,Released,The Rock,6.9,1456,1,1,0,0,0,0,0,0,0,0,0,0,0,0,0,0,1,0,0,0
9804,175000000,NA,en,Waterworld,44.640292,7/28/95,264218220,135,Released,Waterworld,5.9,992,1,1,0,0,0,0,0,0,0,0,0,0,0,0,0,0,0,0,0,0
9806,92000000,http://disney.go.com/disneyvideos/animatedfilms/incredibles/main.html,en,The Incredibles,77.817571,11/5/04,631442092,115,Released,The Incredibles,7.4,5152,1,1,1,0,0,0,0,1,0,0,0,0,0,0,0,0,0,0,0,0
9809,4000000,NA,en,Let's Go to Prison,4.59841,11/17/06,4630045,84,Released,Let's Go to Prison,5.5,69,0,0,0,1,1,0,0,0,0,0,0,0,0,0,0,0,0,0,0,0
9813,900000,NA,en,The Quiet,4.0971,9/12/05,381420,96,Released,The Quiet,6.1,73,0,0,0,0,0,0,1,0,0,0,0,0,0,0,0,0,1,0,0,0
9816,13000000,NA,en,Save the Last Dance,9.969624,1/12/01,91038276,112,Released,Save the Last Dance,6.3,352,0,0,0,0,0,0,1,1,0,0,0,0,1,0,1,0,0,0,0,0
9819,0,NA,en,Marvin's Room,6.130231,12/18/96,0,98,Released,Marvin's Room,6.6,124,0,0,0,0,0,0,1,0,0,0,0,0,0,0,0,0,0,0,0,0
9821,0,NA,en,The Mighty,5.497682,10/23/98,0,100,Released,The Mighty,7.1,51,0,0,0,1,0,0,1,0,0,0,0,0,0,0,0,0,0,0,0,0
9822,90000000,NA,en,Mighty Joe Young,6.643778,12/25/98,0,114,Released,Mighty Joe Young,5.9,208,1,1,0,0,0,0,0,1,1,0,0,0,0,0,0,0,0,0,0,0
9823,30000000,NA,en,Mortal Kombat: Annihilation,11.916389,11/21/97,51376861,95,Released,Mortal Kombat: Annihilation,3.8,221,1,0,0,0,0,0,0,0,1,0,0,0,0,0,0,1,0,0,0,0
9824,68000000,NA,en,Mystery Men,12.948627,8/6/99,29762011,121,Released,Mystery Men,5.7,250,1,1,0,1,0,0,0,0,1,0,0,0,0,0,0,1,0,0,0,0
9825,27000000,NA,en,Lake Placid,11.678561,7/15/99,56870414,82,Released,Lake Placid,5.5,247,1,0,0,1,0,0,0,0,0,0,0,1,0,0,0,1,1,0,0,0
9826,45000000,NA,en,The Phantom,9.025236,6/6/96,17300889,100,Released,The Phantom,4.7,136,1,1,0,0,0,0,0,0,0,0,0,0,0,0,0,0,0,0,0,0
9829,15000000,NA,en,United 93,17.50138,4/28/06,76286096,111,Released,United 93,6.9,367,1,0,0,0,1,0,1,0,0,0,1,0,0,0,0,0,1,0,0,0
9833,70000000,NA,en,The Phantom of the Opera,18.927463,12/8/04,154648887,143,Released,The Phantom of the Opera,7,438,0,0,0,0,0,0,1,0,0,0,0,0,0,0,1,0,1,0,0,0
9836,100000000,http://www.warnerbros.com/happy-feet,en,Happy Feet,37.272385,11/16/06,384335608,108,Released,Happy Feet,5.9,1410,0,0,1,1,0,0,0,0,0,0,0,0,0,0,0,0,0,0,0,0
9837,70000000,NA,en,The Prince of Egypt,29.464852,12/15/98,218613188,99,Released,The Prince of Egypt,6.8,817,0,1,1,0,0,0,1,1,0,0,0,0,1,0,0,0,0,0,0,0
9839,35000000,NA,en,Beyond Borders,6.523472,10/23/03,0,127,Released,Beyond Borders,6.7,110,0,1,0,0,0,0,1,0,0,0,0,0,0,0,1,0,0,0,1,0
9842,20000000,NA,en,School for Scoundrels,8.244324,9/29/06,17807569,100,Released,School for Scoundrels,5.6,111,0,0,0,1,0,0,1,0,0,0,0,0,0,0,1,0,0,0,0,0
9849,65000000,NA,en,My Favorite Martian,6.80692,2/11/99,36850101,94,Released,My Favorite Martian,5.1,80,0,0,0,1,0,0,1,1,0,0,0,0,0,0,0,1,0,0,0,0
9869,45000000,NA,en,Patriot Games,19.637704,6/4/92,178051587,117,Released,Patriot Games,6.3,433,1,0,0,0,1,0,1,0,0,0,0,0,0,0,0,0,1,0,0,0
9870,30000000,http://www.forgettingsarahmarshall.com/,en,Forgetting Sarah Marshall,50.670253,4/17/08,105173115,111,Released,Forgetting Sarah Marshall,6.4,1172,0,0,0,1,0,0,1,0,0,0,0,0,0,0,1,0,0,0,0,0
9877,14000000,NA,en,Urban Legend,12.159009,9/25/98,72527595,NA,Released,Urban Legend,5.6,290,0,0,0,0,0,0,0,0,0,0,0,1,0,0,0,0,1,0,0,0
9879,50000000,NA,en,Striptease,11.106006,6/28/96,113309743,115,Released,Striptease,4.4,205,0,0,0,0,1,0,1,0,0,0,0,0,0,0,0,0,1,0,0,0
9880,37000000,NA,en,The Princess Diaries,40.176265,8/3/01,165335153,115,Released,The Princess Diaries,6.5,1023,0,0,0,1,0,0,0,1,0,0,0,0,0,0,1,0,0,0,0,0
9882,70000000,NA,en,The Siege,20.089933,11/6/98,116672912,116,Released,The Siege,6,352,1,0,0,0,1,0,1,0,0,0,0,0,0,0,0,0,1,0,0,0
9884,85000000,http://www.wbshop.com/product/code/1000040993.do,en,Collateral Damage,18.827753,2/6/02,78382433,108,Released,Collateral Damage,5.5,427,1,0,0,0,0,0,1,0,0,0,0,0,0,0,0,0,1,0,0,0
9889,40000000,NA,en,Shallow Hal,29.854773,11/1/01,141069860,114,Released,Shallow Hal,5.7,731,0,0,0,1,0,0,0,0,0,0,0,0,0,0,1,0,0,0,0,0
9890,90000000,NA,en,The Stepford Wives,19.224754,6/10/04,102e6,93,Released,The Stepford Wives,5.4,334,1,0,0,1,0,0,0,0,0,0,0,0,0,0,0,1,0,0,0,0
9893,0,NA,en,Sleepover,5.842299,7/9/04,0,89,Released,Sleepover,5.3,101,0,0,0,1,0,0,0,1,0,0,0,0,0,0,0,0,0,0,0,0
9894,47000000,NA,en,The Cable Guy,19.525659,6/10/96,102825796,96,Released,The Cable Guy,5.7,594,0,0,0,1,0,0,1,0,0,0,0,0,0,0,0,0,1,0,0,0
9895,20000000,NA,en,Man of the Year,11.203335,10/9/06,41237648,115,Released,Man of the Year,5.8,129,0,0,0,1,0,0,1,0,0,0,0,0,0,0,1,0,1,0,0,0
9896,48000000,NA,en,Rat Race,18.60049,7/30/01,85498534,112,Released,Rat Race,6,518,0,1,0,1,0,0,0,0,0,0,0,0,0,0,0,0,0,0,0,0
9899,45000000,NA,en,The Producers,6.803965,12/25/05,38058335,134,Released,The Producers,6.1,151,0,0,0,1,0,0,0,0,0,0,0,0,1,0,0,0,0,0,0,0
9900,0,NA,en,Grandma's Boy,9.974681,1/6/06,6538177,94,Released,Grandma's Boy,6.6,220,0,0,0,1,0,0,0,0,0,0,0,0,0,0,0,0,0,0,0,0
9902,12600000,NA,en,Wrong Turn,33.555764,5/30/03,28650575,84,Released,Wrong Turn,6,635,0,0,0,0,0,0,0,0,0,0,0,1,0,0,0,0,1,0,0,0
9903,25000000,NA,en,The Hoax,5.073536,10/14/06,11772461,116,Released,The Hoax,6.4,60,0,0,0,1,0,0,1,0,0,0,0,0,0,0,0,0,0,0,0,0
9906,50000000,http://www.theantbully.com,en,The Ant Bully,20.239061,7/27/06,55181129,88,Released,The Ant Bully,5.5,366,0,1,1,1,0,0,0,1,1,0,0,0,0,0,0,0,0,0,0,0
9907,51000000,NA,en,Barnyard,10.430832,8/4/06,72779e3,90,Released,Barnyard,5.3,225,0,0,1,1,0,0,0,1,0,0,0,0,0,0,0,0,0,0,0,0
9912,25000000,NA,en,The World's Fastest Indian,8.450513,10/12/05,0,127,Released,The World's Fastest Indian,7.3,166,0,0,0,0,0,0,1,0,0,0,0,0,0,0,0,0,0,0,0,0
9913,43000000,NA,en,The Skeleton Key,29.105407,7/29/05,91974818,104,Released,The Skeleton Key,6.4,573,0,0,0,0,0,0,1,0,0,0,0,1,0,1,0,0,1,0,0,0
9916,0,NA,en,The Last Sin Eater,2.371477,2/9/07,0,117,Released,The Last Sin Eater,6.2,11,0,0,0,0,0,0,1,0,0,0,0,0,0,0,0,0,0,0,0,0
9918,0,NA,en,Glory Road,8.305085,1/13/06,42647449,118,Released,Glory Road,7.2,144,0,0,0,0,0,0,1,0,0,0,0,0,0,0,0,0,0,0,0,0
9919,50000000,NA,en,How to Lose a Guy in 10 Days,23.854701,2/7/03,177371441,116,Released,How to Lose a Guy in 10 Days,6.3,850,0,0,0,1,0,0,0,0,0,0,0,0,0,0,1,0,0,0,0,0
9920,30000000,http://www.sonypictures.com/movies/ultraviolet/,en,Ultraviolet,15.89534,3/3/06,31070211,87,Released,Ultraviolet,4.8,458,1,0,0,0,0,0,0,0,0,0,0,0,0,0,0,1,1,0,0,0
9922,80000000,NA,en,The Postman,14.564667,12/25/97,17626234,177,Released,The Postman,6.1,299,0,1,0,0,0,0,1,0,0,0,0,0,0,0,0,0,0,0,0,0
9923,50000000,NA,en,Domino,18.394571,9/22/05,22944502,127,Released,Domino,6,444,1,0,0,0,1,0,0,0,0,0,0,0,0,0,0,0,0,0,0,0
9928,75000000,NA,en,Robots,29.558157,3/10/05,260696994,91,Released,Robots,6,1333,0,0,1,1,0,0,0,1,0,0,0,0,0,0,0,1,0,0,0,0
9930,0,NA,en,Legal Eagles,7.519433,6/18/86,0,116,Released,Legal Eagles,5.8,51,0,0,0,1,1,0,1,0,0,0,0,0,0,0,1,0,1,0,0,0
9932,60000000,NA,en,Analyze That,21.08952,12/6/02,55003135,96,Released,Analyze That,5.7,380,0,0,0,1,1,0,0,0,0,0,0,0,0,0,0,0,0,0,0,0
9942,11000000,NA,en,Major League,7.559192,2/16/89,49797148,107,Released,Major League,6.6,217,0,0,0,1,0,0,0,0,0,0,0,0,0,0,0,0,0,0,0,0
9944,45000000,NA,en,The Pelican Brief,17.923254,12/16/93,195268056,141,Released,The Pelican Brief,6.3,371,0,0,0,0,1,0,1,0,0,0,0,0,0,1,0,0,1,0,0,0
9945,20000000,http://www.theofficialjohncarpenter.com/vampires/,en,Vampires,17.016284,4/15/98,0,108,Released,Vampires,5.8,255,1,0,0,0,0,0,1,0,1,0,0,1,0,0,0,0,1,0,0,0
9946,100000000,http://www.end-of-days.com/,en,End of Days,20.652943,11/24/99,211989043,121,Released,End of Days,5.5,482,1,0,0,0,0,0,0,0,1,0,0,1,0,1,0,0,0,0,0,0
9947,43000000,http://marvel.com/movies/movie/13/elektra,en,Elektra,28.613892,1/13/05,56681566,97,Released,Elektra,4.8,575,1,0,0,0,0,0,0,0,1,0,0,0,0,0,0,0,0,0,0,0
9950,13000000,NA,en,Find Me Guilty,12.321302,3/16/06,2636637,125,Released,Find Me Guilty,6.5,138,1,0,0,1,1,0,1,0,0,0,0,0,0,0,0,0,0,0,0,0
9952,10000000,NA,en,Rescue Dawn,17.078656,9/9/06,7177143,126,Released,Rescue Dawn,6.9,336,0,1,0,0,0,0,1,0,0,0,0,0,0,0,0,0,0,0,1,0
9954,20000000,NA,en,The Covenant,15.804814,9/8/06,37597471,97,Released,The Covenant,5.2,288,1,1,0,0,0,0,0,0,1,0,0,1,0,0,0,1,1,0,0,0
9955,53000000,NA,en,Blades of Glory,19.412028,3/30/07,0,93,Released,Blades of Glory,5.9,569,1,0,0,1,0,0,1,0,0,0,0,0,0,0,0,0,0,0,0,0
9957,0,NA,en,The Benchwarmers,6.74556,4/7/06,0,80,Released,The Benchwarmers,5.2,242,0,0,0,1,0,0,0,0,0,0,0,0,0,0,0,0,0,0,0,0
9962,8000000,NA,en,The Good Girl,9.799177,1/12/02,16856124,93,Released,The Good Girl,6.1,181,0,0,0,1,0,0,1,0,0,0,0,0,0,0,1,0,0,0,0,0
9963,20000000,NA,en,Premonition,22.049787,2/8/07,84146832,96,Released,Premonition,5.8,381,0,0,0,0,0,0,1,0,0,0,0,0,0,1,0,0,1,0,0,0
9969,0,NA,en,Deck the Halls,5.952527,11/22/06,47231070,93,Released,Deck the Halls,5.1,109,0,0,0,1,0,0,0,1,0,0,0,0,0,0,0,0,0,0,0,0
9975,50000000,NA,en,Curious George,9.894346,2/10/06,69834815,86,Released,Curious George,6.2,106,0,1,1,1,0,0,0,1,0,0,0,0,0,0,0,0,0,0,0,0
9978,40000000,NA,en,Stormbreaker,16.282962,7/21/06,23937870,93,Released,Stormbreaker,5.1,213,1,1,0,0,0,0,0,1,0,0,0,0,0,0,0,0,0,0,0,0
9981,45000000,NA,en,Kicking & Screaming,8.99269,5/13/05,56070433,95,Released,Kicking & Screaming,5.6,176,0,0,0,1,0,0,0,1,0,0,0,0,0,0,1,0,0,0,0,0
9982,150000000,http://movies.disney.com/chicken-little,en,Chicken Little,47.973995,11/4/05,314432665,81,Released,Chicken Little,5.6,944,0,0,1,1,0,0,0,1,0,0,0,0,0,0,0,0,0,0,0,0
9986,85000000,NA,en,Charlotte's Web,14.132583,12/15/06,144e6,97,Released,Charlotte's Web,5.8,288,0,0,0,1,0,0,0,1,1,0,0,0,0,0,0,0,0,0,0,0
9988,17500000,NA,en,Beerfest,14.304444,8/25/06,19179969,110,Released,Beerfest,5.8,172,0,0,0,1,0,0,0,0,0,0,0,0,0,0,0,0,0,0,0,0
9989,30000000,http://www.antitrustthemovie.com/,en,Antitrust,8.359599,1/12/01,18195610,108,Released,Antitrust,5.8,153,1,0,0,0,1,0,1,0,0,0,0,0,0,0,0,0,0,0,0,0
9991,0,NA,en,Mean Machine,8.816995,12/26/01,0,99,Released,Mean Machine,6,157,0,0,0,1,0,0,1,0,0,0,0,0,0,0,0,0,0,0,0,0
9992,86000000,NA,en,Arthur et les Minimoys,27.097932,12/13/06,107944236,94,Released,Arthur and the Invisibles,6,639,0,1,1,0,0,0,0,1,1,0,0,0,0,0,0,0,0,0,0,0
10003,68000000,NA,en,The Saint,20.913852,4/3/97,118063304,116,Released,The Saint,5.9,302,1,1,0,0,0,0,0,0,0,0,0,0,0,0,1,1,1,0,0,0
10008,0,NA,en,An American Haunting,7.436315,5/5/05,0,83,Released,An American Haunting,5.3,142,0,0,0,0,0,0,0,0,0,0,0,1,0,0,0,0,1,0,0,0
10012,35000000,NA,en,Cursed,11.195593,2/25/05,19294901,97,Released,Cursed,5.1,167,0,0,0,1,0,0,0,0,0,0,0,1,0,0,0,0,0,0,0,0
10013,18000000,NA,en,Peggy Sue Got Married,12.243887,10/5/86,41382841,103,Released,Peggy Sue Got Married,5.9,136,0,0,0,1,0,0,1,0,1,0,0,0,0,0,1,0,0,0,0,0
10014,3000000,NA,en,A Nightmare on Elm Street Part 2: Freddy's Revenge,21.607228,10/31/85,29999213,87,Released,A Nightmare on Elm Street Part 2: Freddy's Revenge,5.7,361,0,0,0,0,0,0,0,0,0,0,0,1,0,0,0,0,0,0,0,0
10016,28000000,http://www.theofficialjohncarpenter.com/ghost-of-mars/,en,Ghosts of Mars,13.145205,8/24/01,14010832,98,Released,Ghosts of Mars,4.8,296,1,0,0,0,0,0,0,0,0,0,0,1,0,0,0,1,0,0,0,0
10017,2700000,NA,en,The Wraith,10.47644,11/21/86,35e5,93,Released,The Wraith,5.9,108,1,0,0,0,1,0,0,0,0,0,0,1,0,0,1,1,0,0,0,0
10022,56000000,http://movies.disney.com/the-pacifier,en,The Pacifier,35.4763,3/4/05,113006880,95,Released,The Pacifier,5.8,842,1,0,0,1,0,0,1,1,0,0,0,0,0,0,0,0,1,0,0,0
10024,30000000,http://www.mysisterskeepermovie.com/,en,My Sister's Keeper,24.09152,6/26/09,95714875,109,Released,My Sister's Keeper,7.1,598,0,0,0,0,0,0,1,0,0,0,0,0,0,0,0,0,0,0,0,0
10025,28000000,NA,en,Just My Luck,22.074306,5/12/06,38159905,103,Released,Just My Luck,5.8,491,0,0,0,1,0,0,1,1,1,0,0,0,0,0,1,0,0,0,0,0
10027,45000000,http://www.universalstudiosentertainment.com/unleashed/,en,Unleashed,25.999888,2/2/05,50871113,103,Released,Unleashed,6.6,518,1,0,0,0,1,0,0,0,0,0,0,0,0,0,0,0,0,0,0,0
10028,18000000,NA,en,Honey,18.492655,11/24/03,62646763,94,Released,Honey,6,303,0,0,0,0,0,0,0,1,0,0,0,0,1,0,1,0,0,0,0,0
10029,30000000,NA,en,Very Bad Things,5.671691,9/11/98,9898412,100,Released,Very Bad Things,6.2,179,0,0,0,1,1,0,0,0,0,0,0,0,0,0,0,0,1,0,0,0
10030,25000000,http://www.goodluckchuckthemovie.com/,en,Good Luck Chuck,21.729434,9/21/07,59192128,101,Released,Good Luck Chuck,5.5,444,0,0,0,1,0,0,1,0,0,0,0,0,0,0,1,0,0,0,0,0
10034,0,NA,en,High Heels and Low Lifes,1.769593,7/16/01,0,86,Released,High Heels and Low Lifes,6.4,12,1,0,0,1,1,0,0,0,0,0,0,0,0,0,0,0,0,0,0,0
10040,0,NA,en,Miss Congeniality 2: Armed and Fabulous,19.998581,3/11/05,0,115,Released,Miss Congeniality 2: Armed and Fabulous,5.3,425,1,0,0,1,0,0,0,0,0,0,0,0,0,0,0,0,0,0,0,0
10045,12000000,http://www.banlieue13-lefilm.com/,fr,Banlieue 13,17.493735,11/9/04,9584131,84,Released,District B13,6.5,565,1,0,0,0,0,0,0,0,0,0,0,0,0,0,0,1,1,0,0,0
10047,60000000,NA,fr,Joan of Arc,21.084542,10/18/99,66976317,148,Released,The Messenger: The Story of Joan of Arc,6.2,367,1,1,0,0,0,0,1,0,0,0,1,0,0,0,0,0,0,0,1,0
10048,135000000,NA,en,Stealth,17.88953,7/28/05,76932943,121,Released,Stealth,4.9,331,1,0,0,0,0,0,0,0,0,0,0,0,0,0,0,0,0,0,0,0
10050,10000000,NA,en,Get Over It,11.592129,3/8/01,0,87,Released,Get Over It,5.5,75,0,0,0,1,0,0,0,0,0,0,0,0,0,0,1,0,0,0,0,0
10052,60000000,NA,en,Dragonfly,8.927137,2/22/02,52322400,104,Released,Dragonfly,6.1,204,0,0,0,0,0,0,1,0,0,0,0,0,0,0,0,0,0,0,0,0
10053,15000000,http://www.sonypictures.com/movies/whenastrangercalls/site/,en,When a Stranger Calls,4.688212,2/3/06,66966987,87,Released,When a Stranger Calls,5.4,268,0,0,0,0,0,0,0,0,0,0,0,1,0,0,0,0,1,0,0,0
10054,35000000,NA,en,Spy Kids,21.543389,3/18/01,147934180,88,Released,Spy Kids,5.5,867,1,1,0,1,0,0,0,1,0,0,0,0,0,0,0,0,0,0,0,0
10060,40000000,NA,en,Get Rich or Die Tryin',12.885985,11/9/05,46442528,117,Released,Get Rich or Die Tryin',6.3,186,0,0,0,0,0,0,1,0,0,0,0,0,0,0,0,0,0,0,0,0
10061,50000000,http://www.theofficialjohncarpenter.com/escape-from-la/,en,Escape from L.A.,21.637234,8/9/96,42277365,97,Released,Escape from L.A.,5.6,373,1,1,0,0,0,0,0,0,0,0,0,0,0,0,0,1,1,0,0,0
10065,19000000,NA,en,The Amityville Horror,30.205943,4/15/05,108047131,90,Released,The Amityville Horror,6,588,0,0,0,0,0,0,1,0,0,0,0,1,0,0,0,0,1,0,0,0
10066,40000000,NA,en,House of Wax,17.157738,4/30/05,68766121,113,Released,House of Wax,5.5,677,0,0,0,0,0,0,0,0,0,0,0,1,0,0,0,0,0,0,0,0
10067,50000000,http://movies.disney.com/the-shaggy-dog-2006,en,The Shaggy Dog,4.280619,3/9/06,61112916,98,Released,The Shaggy Dog,4.5,137,0,0,0,1,0,0,0,1,0,0,0,0,0,0,0,0,0,0,0,0
10068,17000000,NA,en,Nine 1/2 Weeks,12.313143,2/14/86,6735922,117,Released,Nine 1/2 Weeks,5.8,177,0,0,0,0,0,0,1,0,0,0,0,0,0,0,1,0,0,0,0,0
10069,9000000,NA,en,Stay Alive,4.34503,3/24/06,27105095,100,Released,Stay Alive,5.3,155,0,0,0,0,0,0,0,0,0,0,0,1,0,0,0,0,1,0,0,0
10070,0,http://www.feast-movie.com/,en,Feast,8.825113,10/14/05,658573,95,Released,Feast,6.1,160,1,0,0,1,0,0,0,0,0,0,0,1,0,0,0,0,0,0,0,0
10071,0,NA,en,The Brothers Solomon,8.312153,9/7/07,0,93,Released,The Brothers Solomon,4.9,46,0,0,0,1,0,0,0,0,0,0,0,0,0,0,0,0,0,0,0,0
10072,5000000,NA,en,A Nightmare on Elm Street 3: Dream Warriors,17.304055,2/27/87,44793222,96,Released,A Nightmare on Elm Street 3: Dream Warriors,6.5,354,0,0,0,0,0,0,0,0,0,0,0,1,0,0,0,0,1,0,0,0
10073,20000000,NA,en,Date Movie,10.098722,2/17/06,48548426,83,Released,Date Movie,3.6,222,0,0,0,1,0,0,0,0,0,0,0,0,0,0,0,0,0,0,0,0
10074,0,NA,en,Hot Rod,6.309587,8/3/07,14334401,88,Released,Hot Rod,6.3,313,1,0,0,1,0,0,0,0,0,0,0,0,0,0,0,0,0,0,0,0
10075,0,NA,en,Blood and Chocolate,12.295216,1/26/07,0,98,Released,Blood and Chocolate,5.4,87,0,0,0,0,0,0,1,0,1,0,0,1,0,0,1,0,0,0,0,0
10077,80000000,http://asoundofthunder.warnerbros.com/,en,A Sound of Thunder,7.342892,5/15/05,5989640,110,Released,A Sound of Thunder,4.8,111,1,1,0,0,0,0,0,0,0,0,0,0,0,0,0,1,1,0,0,0
10090,10000000,NA,en,Reno 911!: Miami,4.207456,2/23/07,20342161,84,Released,Reno 911!: Miami,5.6,72,1,1,0,1,1,0,0,0,0,0,0,0,0,0,0,0,0,0,0,0
10092,1000000,NA,en,Cry_Wolf,6.926926,9/16/05,10047674,90,Released,Cry_Wolf,5.6,126,0,0,0,0,0,0,0,0,0,0,0,1,0,0,0,0,1,0,0,0
10096,37000000,NA,en,13 Going on 30,41.569541,4/13/04,96455697,98,Released,13 Going on 30,6.3,1204,0,0,0,1,0,0,0,0,1,0,0,0,0,0,1,0,0,0,0,0
10105,780000,NA,en,Saints and Soldiers,6.003418,9/11/03,0,90,Released,Saints and Soldiers,6.6,98,1,1,0,0,0,0,1,0,0,0,1,0,0,0,0,0,0,0,1,0
10115,0,NA,en,Stick It,9.750557,4/21/06,0,105,Released,Stick It,6.3,148,0,0,0,1,0,0,1,0,0,0,0,0,0,0,0,0,0,0,0,0
10117,7000000,NA,en,Action Jackson,6.872784,2/12/88,20256975,96,Released,Action Jackson,4.9,50,1,1,0,1,1,0,1,0,0,0,0,0,0,0,0,0,0,0,0,0
10131,7000000,NA,en,A Nightmare on Elm Street 4: The Dream Master,17.113408,8/19/88,725e5,99,Released,A Nightmare on Elm Street 4: The Dream Master,5.8,281,0,0,0,0,0,0,0,0,0,0,0,1,0,0,0,0,1,0,0,0
10132,4000000,NA,en,Talk Radio,4.541908,12/21/88,3468572,110,Released,Talk Radio,6.7,46,0,0,0,0,0,0,1,0,0,0,0,0,0,0,0,0,0,0,0,0
10133,7500000,http://www.miramax.com/cypher/,en,Cypher,11.636883,10/1/02,0,95,Released,Cypher,6.7,192,0,0,0,0,0,0,0,0,0,0,0,0,0,1,0,1,1,0,0,0
10135,15000000,NA,en,Road House,6.216203,5/19/89,30050028,114,Released,Road House,6.3,252,1,0,0,0,0,0,0,0,0,0,0,0,0,0,0,0,1,0,0,0
10136,25000000,NA,en,The Golden Child,15.26213,12/12/86,79817939,94,Released,The Golden Child,5.6,304,1,1,0,1,0,0,0,0,0,0,0,0,0,0,0,0,0,0,0,0
10137,133000000,NA,en,Stuart Little,30.475297,12/17/99,300135367,84,Released,Stuart Little,5.8,959,0,0,1,1,0,0,0,1,1,0,0,0,0,0,0,0,0,0,0,0
10138,200000000,http://www.ironmanmovie.com/,en,Iron Man 2,77.300194,4/28/10,623933331,124,Released,Iron Man 2,6.6,6849,1,1,0,0,0,0,0,0,0,0,0,0,0,0,0,1,0,0,0,0
10139,20000000,http://focusfeatures.com/film/milk/,en,Milk,30.909699,11/26/08,54586584,128,Released,Milk,7.1,612,0,0,0,0,0,0,1,0,0,0,1,0,0,0,0,0,0,0,0,0
10140,155000000,NA,en,The Chronicles of Narnia: The Voyage of the Dawn Treader,49.661984,8/13/10,415686217,113,Released,The Chronicles of Narnia: The Voyage of the Dawn Treader,6.2,1514,0,1,0,0,0,0,0,1,1,0,0,0,0,0,0,0,0,0,0,0
10147,23000000,http://www.miramax.com/movie/bad-santa,en,Bad Santa,26.58873,11/26/03,76488889,91,Released,Bad Santa,6.5,656,0,0,0,1,1,0,1,0,0,0,0,0,0,0,0,0,0,0,0,0
10152,19000000,NA,en,Dumb and Dumberer: When Harry Met Lloyd,15.67747,6/13/03,39267515,85,Released,Dumb and Dumberer: When Harry Met Lloyd,4.1,210,0,0,0,1,0,0,0,0,0,0,0,0,0,0,0,0,0,0,0,0
10153,75000000,http://www.warnerbros.com/movies/home-entertainment/sphere/7bdffe73-2a0e-4e7a-98e7-cee4d723e0b3.html,en,Sphere,18.65988,2/13/98,131e5,134,Released,Sphere,5.8,476,0,0,0,0,0,0,0,0,0,0,0,0,0,0,0,1,0,0,0,0
10154,0,NA,en,Mickey Blue Eyes,6.786117,8/16/99,0,102,Released,Mickey Blue Eyes,5.3,140,0,0,0,1,1,0,0,0,0,0,0,0,0,0,1,0,0,0,0,0
10156,11000000,NA,en,History of the World: Part I,14.282314,6/12/81,31672907,92,Released,History of the World: Part I,6.5,204,0,0,0,1,0,0,0,0,0,0,0,0,0,0,0,0,0,0,0,0
10159,85000000,http://www.therundown.com/,en,The Rundown,24.107835,9/26/03,80916492,104,Released,The Rundown,6.4,514,1,1,0,1,0,0,0,0,0,0,0,0,0,0,0,0,1,0,0,0
10160,8000000,NA,en,A Nightmare on Elm Street 5: The Dream Child,12.654051,8/11/89,22168359,89,Released,A Nightmare on Elm Street 5: The Dream Child,5.5,245,0,0,0,0,0,0,0,0,0,0,0,1,0,0,0,0,1,0,0,0
10162,0,NA,en,Waking Ned,5.735912,9/15/98,0,91,Released,Waking Ned,7.4,54,0,0,0,1,0,0,0,0,0,0,0,0,0,0,1,0,0,0,0,0
10163,10000000,NA,en,The Lawnmower Man,10.125029,3/5/92,32101e3,108,Released,The Lawnmower Man,5.4,197,0,0,0,0,0,0,0,0,0,0,0,1,0,0,0,1,1,0,0,0
10167,13000000,NA,en,Half Past Dead,6.337063,11/15/02,0,98,Released,Half Past Dead,4.6,82,1,0,0,0,1,0,0,0,0,0,0,0,0,0,0,0,1,0,0,0
10179,9000000,NA,en,The Ice Pirates,3.810697,3/16/84,0,91,Released,The Ice Pirates,5.7,49,1,0,0,1,0,0,0,0,0,0,0,0,0,0,0,1,0,0,0,0
10183,0,NA,en,Frozen River,4.805651,8/1/08,0,97,Released,Frozen River,6.7,99,0,0,0,0,0,0,1,0,0,0,0,0,0,0,0,0,0,0,0,0
10184,40000000,http://www.hesjustnotthatintoyoumovie.com/,en,He's Just Not That Into You,26.253357,2/6/09,177259441,129,Released,He's Just Not That Into You,6.2,959,0,0,0,1,0,0,1,0,0,0,0,0,0,0,1,0,0,0,0,0
10185,15000000,http://www.midnightmeattrainthemovie.com,en,The Midnight Meat Train,19.913961,8/7/08,3533227,NA,Released,The Midnight Meat Train,6,290,0,0,0,0,1,0,1,0,0,0,0,1,0,1,0,0,1,0,0,0
10186,15000000,http://www.rockermovie.com,en,The Rocker,13.832376,8/20/08,8762890,102,Released,The Rocker,5.6,156,0,0,0,1,0,0,0,0,0,0,0,0,1,0,0,0,0,0,0,0
10187,21000000,NA,en,Swing Vote,5.815881,8/1/08,176e5,120,Released,Swing Vote,5.8,65,0,0,0,1,0,0,1,0,0,0,0,0,0,0,0,0,0,0,0,0
10188,27000000,NA,en,The Sisterhood of the Traveling Pants 2,11.870301,8/6/08,44352417,117,Released,The Sisterhood of the Traveling Pants 2,6,238,0,1,0,1,0,0,1,1,0,0,0,0,0,0,0,0,0,0,0,0
10189,27000000,http://www.sonypictures.com/movies/pineappleexpress/,en,Pineapple Express,41.832392,8/6/08,101624843,111,Released,Pineapple Express,6.6,1148,1,0,0,1,0,0,0,0,0,0,0,0,0,0,0,0,0,0,0,0
10191,165000000,http://www.howtotrainyourdragon.com/,en,How to Train Your Dragon,67.263269,3/5/10,494878759,98,Released,How to Train Your Dragon,7.5,4227,0,1,1,0,0,0,0,1,1,0,0,0,0,0,0,0,0,0,0,0
10192,165000000,http://www.shrekforeverafter.com/,en,Shrek Forever After,44.041186,5/16/10,752600867,93,Released,Shrek Forever After,6,1959,0,1,1,1,0,0,0,1,1,0,0,0,0,0,0,0,0,0,0,0
10193,200000000,http://disney.go.com/toystory/,en,Toy Story 3,59.995418,6/16/10,1066969703,103,Released,Toy Story 3,7.6,4597,0,0,1,1,0,0,0,1,0,0,0,0,0,0,0,0,0,0,0,0
10195,150000000,http://thor.marvel.com/,en,Thor,86.493424,4/21/11,449326618,115,Released,Thor,6.6,6525,1,1,0,0,0,0,0,0,1,0,0,0,0,0,0,0,0,0,0,0
10196,150000000,http://www.thelastairbendermovie.com/,en,The Last Airbender,33.769336,6/30/10,318502923,103,Released,The Last Airbender,4.7,1151,1,1,0,0,0,0,0,1,1,0,0,0,0,0,0,0,0,0,0,0
10197,80000000,http://nine-movie.com/,en,Nine,9.357734,12/3/09,53825515,112,Released,Nine,5.1,165,0,0,0,0,0,0,1,0,0,0,0,0,1,0,1,0,0,0,0,0
10198,105000000,http://disney.go.com/disneypictures/princessandthefrog/,en,The Princess and the Frog,62.479574,12/8/09,267045765,97,Released,The Princess and the Frog,6.7,1247,0,0,1,0,0,0,0,1,0,0,0,0,1,0,1,0,0,0,0,0
10199,60000000,https://www.uphe.com/movies/the-tale-of-despereaux,en,The Tale of Despereaux,16.493576,12/19/08,50877145,93,Released,The Tale of Despereaux,5.8,258,0,1,1,0,0,0,0,1,0,0,0,0,0,0,0,0,0,0,0,0
10200,80000000,NA,en,The Day the Earth Stood Still,41.890722,12/10/08,233093859,104,Released,The Day the Earth Stood Still,5.2,1043,0,0,0,0,0,0,1,0,0,0,0,0,0,0,0,1,1,0,0,0
10201,70000000,NA,en,Yes Man,43.849351,12/9/08,225990978,104,Released,Yes Man,6.4,1813,0,0,0,1,0,0,0,0,0,0,0,0,0,0,0,0,0,0,0,0
10202,80000000,NA,en,Bedtime Stories,23.531721,12/24/08,212874442,99,Released,Bedtime Stories,5.9,901,0,0,0,1,0,0,0,1,1,0,0,0,0,0,1,0,0,0,0,0
10204,110000000,NA,en,Around the World in 80 Days,22.643776,6/16/04,72178895,120,Released,Around the World in 80 Days,5.7,672,1,1,0,1,0,0,0,0,0,0,0,0,0,0,0,0,0,0,0,0
10207,80000000,NA,en,Message in a Bottle,10.81051,2/22/99,118880016,131,Released,Message in a Bottle,5.8,196,0,0,0,0,0,0,1,0,0,0,0,0,0,0,1,0,0,0,0,0
10208,24000000,NA,en,Muppets from Space,6.589193,7/14/99,16290976,87,Released,Muppets from Space,5.8,92,0,0,0,1,0,0,0,1,1,0,0,0,0,0,0,1,0,0,0,0
10212,12000000,NA,en,Ravenous,9.164386,3/16/99,0,100,Released,Ravenous,6.9,141,0,0,0,1,0,0,0,0,0,0,0,1,0,0,0,0,1,0,0,1
10214,84000000,NA,en,Son of the Mask,17.815595,2/18/05,0,94,Released,Son of the Mask,3.6,338,0,1,0,1,0,0,0,1,1,0,0,0,0,0,0,0,0,0,0,0
10215,6000000,NA,en,Sliding Doors,15.639016,4/23/98,58e6,99,Released,Sliding Doors,6.5,354,0,0,0,1,0,0,1,0,1,0,0,0,0,0,1,0,0,0,0,0
10217,5000000,NA,en,The Sweet Hereafter,7.673124,5/14/97,3263585,112,Released,The Sweet Hereafter,6.8,103,0,0,0,0,0,0,1,0,0,0,0,0,0,0,0,0,0,0,0,0
10218,200000,NA,en,Swingers,13.971674,10/18/96,4505922,94,Released,Swingers,6.8,253,0,0,0,1,0,0,0,0,0,0,0,0,0,0,1,0,0,0,0,0
10219,0,NA,en,Snow Falling on Cedars,2.79483,12/22/99,0,127,Released,Snow Falling on Cedars,6.3,32,0,0,0,0,0,0,1,0,0,0,0,0,0,0,1,0,0,0,0,0
10220,12000000,NA,en,Rounders,18.422008,9/11/98,22921898,121,Released,Rounders,6.9,439,0,0,0,0,1,0,1,0,0,0,0,0,0,0,0,0,0,0,0,0
10223,0,NA,en,A Simple Plan,10.178917,12/11/98,0,121,Released,A Simple Plan,6.9,187,0,0,0,0,1,0,1,0,0,0,0,0,0,0,0,0,1,0,0,0
10225,3000000,NA,en,Friday the 13th Part VI: Jason Lives,11.158167,8/1/86,19472057,86,Released,Friday the 13th Part VI: Jason Lives,5.7,216,0,0,0,0,0,0,0,0,0,0,0,1,0,1,0,0,1,0,0,0
10226,0,NA,fr,Haute tension,4.952983,6/18/03,0,91,Released,High Tension,6.6,271,0,0,0,0,0,0,0,0,0,0,0,1,0,1,0,0,1,0,0,0
10229,11000000,http://www2.warnerbros.com/walktoremember/main.html,en,A Walk to Remember,33.283554,1/25/02,41227069,101,Released,A Walk to Remember,7.5,1018,0,0,0,0,0,0,1,0,0,0,0,0,0,0,1,0,0,0,0,0
10238,0,NA,sv,Viskningar och rop,11.347855,12/21/72,0,91,Released,Cries and Whispers,7.8,115,0,0,0,0,0,0,1,0,0,0,0,0,0,0,0,0,0,0,0,0
10246,4000000,NA,en,Porky's,12.891276,11/13/81,125728258,94,Released,Porky's,6.1,183,0,0,0,1,0,0,0,0,0,0,0,0,0,0,0,0,0,0,0,0
10253,70000000,NA,ko,디워,4.822033,2/8/07,53587404,90,Released,Dragon Wars: D-War,4,104,1,0,0,0,0,0,1,0,1,0,0,1,0,0,0,1,1,0,0,0
10269,12000000,NA,en,Yentl,3.389249,11/18/83,304e5,132,Released,Yentl,6.2,51,0,0,0,0,0,0,1,0,0,0,0,0,1,0,1,0,0,0,0,0
10279,0,NA,en,Summer of Sam,3.70789,7/2/99,0,142,Released,Summer of Sam,6.3,112,0,0,0,0,1,0,1,0,0,0,0,0,0,0,1,0,1,0,0,0
10280,0,NA,en,Thinner,7.866961,10/25/96,0,92,Released,Thinner,5.5,124,0,0,0,0,0,0,0,0,0,0,0,1,0,0,0,0,1,0,0,0
10281,2800000,NA,en,Friday the 13th Part VII: The New Blood,9.070842,5/13/88,19170001,88,Released,Friday the 13th Part VII: The New Blood,5.3,192,0,0,0,0,0,0,0,0,0,0,0,1,0,0,0,0,1,0,0,0
10283,5000000,NA,en,Friday the 13th Part VIII: Jason Takes Manhattan,12.904615,7/28/89,14e6,100,Released,Friday the 13th Part VIII: Jason Takes Manhattan,4.8,191,0,0,0,0,0,0,0,0,0,0,0,1,0,0,0,0,1,0,0,0
10285,3000000,NA,en,Jason Goes to Hell: The Final Friday,10.341982,8/13/93,15938065,87,Released,Jason Goes to Hell: The Final Friday,4.2,193,0,0,0,0,0,0,0,0,1,0,0,1,0,0,0,0,1,0,0,0
10288,8000000,http://www.fidothemovie.com/,en,Fido,5.244518,9/7/06,426224,91,Released,Fido,6.6,135,0,0,0,1,0,0,1,0,0,0,0,1,0,0,1,0,0,0,0,0
10306,10500000,NA,en,Poltergeist III,11.225044,6/10/88,14144e3,98,Released,Poltergeist III,4.5,123,0,0,0,0,0,0,0,0,0,0,0,1,0,0,0,0,1,0,0,0
10307,29000000,NA,en,Stigmata,14.993169,9/10/99,50041732,103,Released,Stigmata,6,242,0,0,0,0,0,0,0,0,0,0,0,1,0,0,0,0,0,0,0,0
10312,50000000,NA,en,Patch Adams,35.537397,12/25/98,202292902,115,Released,Patch Adams,7,832,0,0,0,1,0,0,1,0,0,0,0,0,0,0,0,0,0,0,0,0
10313,24000000,http://www.themenwhostareatgoatsmovie.com/,en,The Men Who Stare at Goats,20.69219,10/17/09,68729358,93,Released,The Men Who Stare at Goats,5.9,742,0,0,0,1,0,0,0,0,0,0,0,0,0,0,0,0,0,0,1,0
10314,10000000,NA,en,She's All That,8.9876,1/29/99,103166989,95,Released,She's All That,5.7,418,0,0,0,1,0,0,0,0,0,0,0,0,0,0,1,0,0,0,0,0
10315,40000000,http://www.foxsearchlight.com/fantasticmrfox/,en,Fantastic Mr. Fox,41.258956,10/23/09,46471023,87,Released,Fantastic Mr. Fox,7.5,1176,0,1,1,1,0,0,0,1,0,0,0,0,0,0,0,0,0,0,0,0
10316,12500000,http://www.sonypictures.com/movies/theidesofmarch/,en,The Ides of March,20.317469,9/24/11,75993061,101,Released,The Ides of March,6.5,910,0,0,0,0,0,0,1,0,0,0,0,0,0,0,0,0,0,0,0,0
10317,28000000,http://www.ourbrandiscrisismovie.com/,en,Our Brand Is Crisis,12.921594,9/11/15,7002261,108,Released,Our Brand Is Crisis,5.8,195,0,0,0,1,0,0,1,0,0,0,0,0,0,0,0,0,0,0,0,0
10320,50000000,NA,en,The Ring Two,32.233713,3/17/05,161451538,110,Released,The Ring Two,5.4,632,0,0,0,0,0,0,1,0,0,0,0,1,0,0,0,0,1,0,0,0
10327,45000000,NA,en,"Legally Blonde 2: Red, White & Blonde",4.340616,7/2/03,124914842,95,Released,"Legally Blonde 2: Red, White & Blonde",5.1,377,0,0,0,1,0,0,0,0,0,0,0,0,0,0,0,0,0,0,0,0
10329,50000000,NA,en,Congo,10.755847,6/9/95,152022101,109,Released,Congo,5,213,1,1,0,0,0,0,1,0,0,0,0,0,0,1,0,1,1,0,0,0
10330,26000000,NA,en,Freaky Friday,24.345651,8/3/03,110230332,97,Released,Freaky Friday,6,879,0,0,0,1,0,0,0,0,0,0,0,0,0,0,0,0,0,0,0,0
10331,114000,NA,en,Night of the Living Dead,25.666029,10/1/68,3e7,96,Released,Night of the Living Dead,7.5,580,0,0,0,0,0,0,0,0,0,0,0,1,0,0,0,0,0,0,0,0
10333,30000000,NA,en,The Prince of Tides,3.845231,12/25/91,74787599,132,Released,The Prince of Tides,5.9,56,0,0,0,0,0,0,1,0,0,0,0,0,0,0,1,0,0,0,0,0
10336,40000000,NA,en,Spawn,19.833664,7/31/97,87840042,96,Released,Spawn,5,336,1,1,0,0,0,0,0,0,1,0,0,1,0,0,0,1,1,0,0,0
10339,4500000,NA,en,Moby Dick,5.224593,6/27/56,104e5,116,Released,Moby Dick,6.9,89,0,1,0,0,0,0,1,0,0,0,0,0,0,0,0,0,0,0,0,0
10350,30000000,NA,en,Wing Commander,5.259585,3/11/99,0,100,Released,Wing Commander,4,72,1,0,0,0,0,0,0,0,0,0,0,0,0,0,0,1,0,0,0,0
10353,0,NA,fr,Les Visiteurs 2 : Les Couloirs du temps,12.283025,2/11/98,0,118,Released,The Visitors II: The Corridors of Time,5.8,221,0,0,0,1,0,0,0,0,1,0,0,0,0,0,0,0,0,0,0,0
10357,90000000,NA,en,Volcano,19.836124,4/25/97,0,104,Released,Volcano,5.2,376,1,0,0,0,0,0,1,0,0,0,0,0,0,0,0,1,1,0,0,0
10358,24000000,http://www.zackandmiri.com,en,Zack and Miri Make a Porno,27.326466,9/18/08,42105111,102,Released,Zack and Miri Make a Porno,6.1,721,0,0,0,1,0,0,0,0,0,0,0,0,0,0,0,0,0,0,0,0
10362,12000000,NA,en,Two Lovers,8.290636,11/19/08,3148182,110,Released,Two Lovers,6.6,154,0,0,0,0,0,0,1,0,0,0,0,0,0,0,1,0,0,0,0,0
10364,18000000,NA,en,Catch-22,4.504377,6/24/70,24911670,121,Released,Catch-22,6.7,72,0,0,0,1,0,0,1,0,0,0,0,0,0,0,0,0,0,0,1,0
10366,45000000,NA,en,Universal Soldier: The Return,14.566664,8/5/99,10667893,82,Released,Universal Soldier: The Return,4.2,135,1,0,0,0,0,0,0,0,0,0,0,0,0,0,0,1,0,0,0,0
10368,12000000,NA,en,Tea with Mussolini,2.238646,3/25/99,21001563,117,Released,Tea with Mussolini,5.8,32,0,0,0,1,0,0,1,0,0,0,0,0,0,0,0,0,0,0,1,0
10375,55000000,NA,en,D-Tox,12.669778,1/4/02,6416302,96,Released,D-Tox,5.3,123,1,0,0,0,0,0,0,0,0,0,0,0,0,0,0,0,1,0,0,0
10377,11000000,NA,en,My Cousin Vinny,19.231507,3/13/92,64088552,120,Released,My Cousin Vinny,7.3,384,0,0,0,1,0,0,1,0,0,0,0,0,0,0,0,0,0,0,0,0
10383,0,NA,en,Lost Souls,3.312385,10/13/00,0,97,Released,Lost Souls,4.5,38,0,0,0,0,0,0,0,0,0,0,0,1,0,0,0,0,1,0,0,0
10384,90000000,NA,en,Supernova,5.762037,1/14/00,14828081,91,Released,Supernova,4.9,109,0,0,0,0,0,0,0,0,0,0,0,1,0,0,0,1,1,0,0,0
10385,40000000,NA,en,Hanging Up,3.415534,2/16/00,36037909,94,Released,Hanging Up,5,40,0,0,0,1,0,0,1,0,0,0,0,0,0,0,0,0,0,0,0,0
10386,70000000,https://www.warnerbros.com/iron-giant,en,The Iron Giant,61.245957,8/6/99,23159305,86,Released,The Iron Giant,7.6,1436,0,1,1,0,0,0,0,1,1,0,0,0,0,0,0,1,0,0,0,0
10388,10000000,NA,en,The Limey,8.902102,5/15/99,3193102,89,Released,The Limey,6.6,105,1,0,0,0,1,0,1,0,0,0,0,0,0,1,0,0,1,0,0,0
10390,50000000,NA,en,For Love of the Game,9.622345,9/17/99,0,137,Released,For Love of the Game,6.3,88,0,0,0,0,0,0,1,0,0,0,0,0,0,0,1,0,0,0,0,0
10391,40000000,NA,en,Bless the Child,3.321949,8/11/00,0,107,Released,Bless the Child,4.9,71,0,0,0,0,1,0,1,0,0,0,0,1,0,0,0,0,1,0,0,0
10393,0,NA,en,The Replacements,14.837288,8/7/00,0,118,Released,The Replacements,6.1,203,0,0,0,1,0,0,0,0,0,0,0,0,0,0,0,0,0,0,0,0
10395,0,NA,en,Wolf,13.758526,6/17/94,0,125,Released,Wolf,6,216,0,0,0,0,0,0,0,0,1,0,0,0,0,0,0,0,0,0,0,0
10397,25,NA,en,Angela's Ashes,4.88794,12/25/99,13,145,Released,Angela's Ashes,7,59,0,0,0,0,0,0,1,0,0,0,0,0,0,0,0,0,0,0,0,0
10398,70000000,NA,en,Double Jeopardy,19.439386,9/24/99,177841558,105,Released,Double Jeopardy,6.2,278,0,0,0,0,1,0,1,0,0,0,0,0,0,1,0,0,1,0,0,0
10400,50000000,NA,en,The Hurricane,20.825781,9/17/99,73956241,146,Released,The Hurricane,7.2,396,0,0,0,0,0,0,1,0,0,0,0,0,0,0,0,0,0,0,0,0
10402,17000000,NA,en,Deuce Bigalow: Male Gigolo,9.832326,12/10/99,65535067,88,Released,Deuce Bigalow: Male Gigolo,5.5,308,0,0,0,1,0,0,0,0,0,0,0,0,0,0,0,0,0,0,0,0
10410,35000000,NA,en,Hoffa,5.926966,12/25/92,0,140,Released,Hoffa,6.1,81,0,0,0,0,1,0,0,0,0,0,1,0,0,0,0,0,0,0,0,0
10413,0,NA,en,Nowhere to Run,11.689337,1/15/93,0,94,Released,Nowhere to Run,5.5,119,1,1,0,0,0,0,1,0,0,0,0,0,0,0,0,0,1,0,0,0
10414,10000000,NA,en,The Mighty Ducks,8.932837,10/1/92,50752337,101,Released,The Mighty Ducks,6.4,198,0,0,0,1,0,0,0,1,0,0,0,0,0,0,0,0,0,0,0,0
10416,60000000,NA,en,What Planet Are You From?,2.275331,3/3/00,0,105,Released,What Planet Are You From?,5.4,37,0,0,0,1,0,0,1,0,0,0,0,0,0,0,1,1,0,0,0,0
10425,22000000,NA,en,The Death and Life of Bobby Z,12.893219,7/23/07,413454,97,Released,The Death and Life of Bobby Z,5.8,103,1,0,0,0,1,0,1,0,0,0,0,0,0,0,0,0,1,0,0,0
10426,20000000,NA,en,Friday After Next,7.499639,11/22/02,33526835,85,Released,Friday After Next,6,100,0,0,0,1,0,0,0,0,0,0,0,0,0,0,0,0,0,0,0,0
10428,20000000,NA,en,Hackers,17.842246,9/14/95,7563728,107,Released,Hackers,6.2,398,1,0,0,0,1,0,1,0,0,0,0,0,0,0,0,0,1,0,0,0
10431,25000000,NA,en,War,18.896239,8/24/07,40452643,103,Released,War,6,414,1,0,0,0,1,0,0,0,0,0,0,0,0,0,0,0,1,0,0,0
10436,34000000,NA,en,The Age of Innocence,9.133747,9/17/93,32255440,139,Released,The Age of Innocence,7,169,0,0,0,0,0,0,1,0,0,0,0,0,0,0,1,0,0,0,0,0
10437,0,NA,en,The Muppet Christmas Carol,15.085981,12/10/92,27281507,85,Released,The Muppet Christmas Carol,7.2,212,0,0,0,1,0,0,1,1,1,0,0,0,0,0,0,0,0,0,0,0
10439,28000000,NA,en,Hocus Pocus,18.650748,7/16/93,39514713,96,Released,Hocus Pocus,6.4,471,0,0,0,1,0,0,0,1,1,0,0,0,0,0,0,0,0,0,0,0
10445,22000000,NA,en,Shadowlands,5.609755,12/25/93,0,131,Released,Shadowlands,6.8,61,0,0,0,0,0,0,1,0,0,0,0,0,0,0,1,0,0,0,0,0
10448,20000000,NA,en,Rapa Nui,3.581906,9/9/94,305070,107,Released,Rapa Nui,6.2,33,0,1,0,0,0,0,0,0,0,0,0,0,0,0,0,0,0,0,0,0
10461,63600000,NA,en,Get Carter,4.494788,10/6/00,19412993,102,Released,Get Carter,4.8,145,1,0,0,0,1,0,1,0,0,0,0,0,0,0,0,0,1,0,0,0
10468,43000000,NA,en,28 Days,5.418921,4/6/00,0,103,Released,28 Days,6,208,0,0,0,1,0,0,1,0,0,0,0,0,0,0,0,0,0,0,0,0
10471,11000000,NA,en,Next Friday,9.337388,1/12/00,59827328,98,Released,Next Friday,6.4,135,0,0,0,1,0,0,0,0,0,0,0,0,0,0,0,0,0,0,0,0
10472,9000000,NA,en,Down to You,3.269459,1/21/00,0,91,Released,Down to You,4.9,70,0,0,0,1,0,0,1,1,0,0,0,0,0,0,1,0,0,0,0,0
10476,8000000,NA,en,Hustle & Flow,6.39503,7/22/05,23563727,116,Released,Hustle & Flow,6.9,99,0,0,0,0,0,0,1,0,0,0,0,0,0,0,0,0,0,0,0,0
10477,94000000,NA,en,Driven,8.468586,4/27/01,54744738,116,Released,Driven,4.5,179,1,0,0,0,0,0,0,0,0,0,0,0,0,0,0,0,0,0,0,0
10478,45000000,NA,en,Tin Cup,10.731574,8/16/96,53854588,135,Released,Tin Cup,5.9,150,0,0,0,1,0,0,1,0,0,0,0,0,0,0,1,0,0,0,0,0
10480,24000000,NA,en,Nurse Betty,3.572339,9/8/00,0,108,Released,Nurse Betty,5.9,111,0,0,0,1,1,0,0,0,0,0,0,0,0,0,0,0,1,0,0,0
10481,85000000,NA,en,102 Dalmatians,9.895061,10/7/00,183611771,100,Released,102 Dalmatians,5.1,313,0,0,0,1,0,0,0,1,0,0,0,0,0,0,0,0,0,0,0,0
10483,45000000,http://www.deathracemovie.net/,en,Death Race,42.57877,8/22/08,73762516,105,Released,Death Race,6,1175,1,0,0,0,0,0,0,0,0,0,0,0,0,0,0,1,1,0,0,0
10488,37000000,NA,en,Nim's Island,14.353279,4/3/08,100076342,96,Released,Nim's Island,5.6,330,0,1,0,1,0,0,0,1,1,0,0,0,0,0,0,0,0,0,0,0
10490,10000000,NA,en,Drop Dead Gorgeous,6.736274,7/23/99,10571408,98,Released,Drop Dead Gorgeous,6.4,86,0,0,0,1,0,0,0,0,0,0,0,0,0,0,0,0,0,0,0,0
10496,0,NA,en,Bats,1.537859,10/22/99,10,91,Released,Bats,4.1,35,0,0,0,0,0,0,0,0,0,0,0,1,0,0,0,0,1,0,0,0
10501,95000000,NA,en,The Road to El Dorado,37.054554,3/31/00,76432727,89,Released,The Road to El Dorado,7,858,0,1,1,1,0,0,0,1,0,0,0,0,0,0,0,0,0,0,0,0
10514,6500000,NA,en,The Andromeda Strain,12.524953,3/12/71,12376563,131,Released,The Andromeda Strain,7,190,0,0,0,0,0,0,0,0,0,0,0,0,0,0,0,1,1,0,0,0
10521,30000000,http://www.bridewars.com,en,Bride Wars,33.385429,1/9/09,114663461,89,Released,Bride Wars,5.9,856,0,0,0,1,0,0,0,0,0,0,0,0,0,0,0,0,0,0,0,0
10523,25100000,http://www.wthefilm.com,en,W.,10.445391,10/17/08,29506464,131,Released,W.,6.1,143,0,0,0,0,0,0,1,0,0,0,1,0,0,0,0,0,0,0,0,0
10527,150000000,http://www.madagascar-themovie.com,en,Madagascar: Escape 2 Africa,44.141021,10/30/08,603900354,89,Released,Madagascar: Escape 2 Africa,6.2,1810,0,0,1,0,0,0,0,1,0,0,0,0,0,0,0,0,0,0,0,0
10528,90000000,http://sherlock-holmes-movie.warnerbros.com/,en,Sherlock Holmes,57.834787,12/23/09,524028679,128,Released,Sherlock Holmes,7,5766,1,1,0,0,1,0,0,0,0,0,0,0,0,1,0,0,0,0,0,0
10530,55000000,NA,en,Pocahontas,47.845589,6/14/95,346079773,81,Released,Pocahontas,6.7,1457,0,1,1,0,0,0,1,1,0,0,0,0,0,0,0,0,0,0,0,0
10533,50000000,NA,en,The Scarlet Letter,7.44268,10/13/95,10382407,135,Released,The Scarlet Letter,5.5,108,0,0,0,0,0,0,1,0,0,0,1,0,0,0,1,0,0,0,0,0
10534,38000000,NA,en,White Squall,10.047579,2/2/96,103e5,129,Released,White Squall,6.3,86,1,0,0,0,0,0,1,0,0,0,0,0,0,0,0,0,0,0,0,0
10535,18000000,NA,en,Spy Hard,11.238522,5/24/96,0,81,Released,Spy Hard,4.9,147,1,0,0,1,0,0,0,0,0,0,0,0,0,0,0,0,0,0,0,0
10537,38000000,NA,en,The Doors,10.794175,3/1/91,34416893,140,Released,The Doors,6.7,275,0,0,0,0,0,0,1,0,0,0,0,0,1,0,0,0,0,0,0,0
10545,100000000,NA,en,The Hunchback of Notre Dame,46.727941,6/21/96,100138851,91,Released,The Hunchback of Notre Dame,6.8,1129,0,0,1,0,0,0,1,1,0,0,0,0,0,0,0,0,0,0,0,0
10549,0,NA,en,Hamlet,9.814785,12/25/96,0,242,Released,Hamlet,7.3,117,0,0,0,0,0,0,1,0,0,0,0,0,0,0,0,0,0,0,0,0
10550,70000000,NA,en,Ballistic: Ecks vs. Sever,8.37378,9/20/02,19924033,91,Released,Ballistic: Ecks vs. Sever,4.3,97,1,1,0,0,0,0,0,0,0,0,0,0,0,0,0,0,1,0,0,0
10555,75000000,NA,en,Shark Tale,47.094369,9/20/04,367275019,90,Released,Shark Tale,5.8,1557,1,0,1,1,0,0,0,1,0,0,0,0,0,0,0,0,0,0,0,0
10557,3800000,NA,en,East Is East,3.667372,5/14/99,282e5,97,Released,East Is East,6.5,59,0,0,0,1,0,0,0,0,0,0,0,0,0,0,0,0,0,0,0,0
10559,31000000,NA,en,Frequency,19.258041,4/28/00,68106245,118,Released,Frequency,7,462,0,0,0,0,1,0,1,0,0,0,0,0,0,0,0,1,1,0,0,0
10560,18000000,NA,en,Center Stage,6.961736,5/12/00,17200925,115,Released,Center Stage,6.8,90,0,0,0,0,0,0,1,0,0,0,0,0,1,0,0,0,0,0,0,0
10563,20000000,NA,en,Three to Tango,7.553773,10/22/99,0,98,Released,Three to Tango,5.4,62,0,0,0,1,0,0,0,0,0,0,0,0,0,0,1,0,0,0,0,0
10564,15000000,NA,en,Where the Heart Is,6.857923,4/27/00,33771174,120,Released,Where the Heart Is,6.9,155,0,0,0,1,0,0,1,0,0,0,0,0,0,0,1,0,0,0,0,0
10567,127500000,NA,en,Dinosaur,26.548594,5/19/00,354248063,82,Released,Dinosaur,6.2,542,0,0,1,0,0,0,0,1,0,0,0,0,0,0,0,0,0,0,0,0
10569,0,NA,en,Small Time Crooks,11.423533,5/19/00,0,94,Released,Small Time Crooks,6.4,155,1,0,0,1,1,0,0,0,0,0,0,0,0,0,0,0,0,0,0,0
10571,16000000,NA,en,Boys and Girls,9.119797,6/16/00,20627372,94,Released,Boys and Girls,5.4,103,0,0,0,1,0,0,1,0,0,0,0,0,0,0,1,0,0,0,0,0
10577,28000000,NA,en,Dracula 2000,6.756771,12/22/00,33000337,99,Released,Dracula 2000,4.6,148,0,0,0,0,0,0,0,0,0,0,0,1,0,0,0,0,1,0,0,0
10585,9000000,NA,en,Child's Play,27.600843,11/8/88,44196684,87,Released,Child's Play,6.3,581,0,0,0,0,0,0,0,0,0,0,0,1,0,0,0,0,1,0,0,0
10586,50000000,NA,en,The Ghost and the Darkness,12.46525,10/11/96,75e6,109,Released,The Ghost and the Darkness,6.4,236,0,1,0,0,0,0,0,0,0,0,0,0,0,0,0,0,0,0,0,0
10588,0,NA,en,The Cat in the Hat,18.251129,11/21/03,0,82,Released,The Cat in the Hat,4.9,366,0,0,0,1,0,0,0,1,1,0,0,0,0,0,0,0,0,0,0,0
10589,60000000,http://www.afterthesunset.com/,en,After the Sunset,14.113066,11/12/04,61347797,97,Released,After the Sunset,6,226,1,0,0,1,1,0,1,0,0,0,0,0,0,0,0,0,0,0,0,0
10590,75000000,NA,en,We Were Soldiers,19.708731,3/1/02,114660784,138,Released,We Were Soldiers,6.7,521,1,0,0,0,0,0,0,0,0,0,1,0,0,0,0,0,0,0,1,0
10591,25000000,NA,en,The Girl Next Door,39.784026,4/9/04,30411183,108,Released,The Girl Next Door,6.3,824,0,0,0,1,0,0,0,0,0,0,0,0,0,0,0,0,0,0,0,0
10592,70000000,NA,en,Hart's War,14.244518,2/15/02,32287044,125,Released,Hart's War,5.9,241,0,0,0,0,0,0,1,0,0,0,0,0,0,0,0,0,0,0,1,0
10603,55000000,NA,en,George of the Jungle,22.573237,7/15/97,0,92,Released,George of the Jungle,5.4,496,0,1,0,1,0,0,0,1,0,0,0,0,0,0,1,0,0,0,0,0
10610,41000000,NA,en,The Medallion,14.653718,8/15/03,0,88,Released,The Medallion,5.3,281,1,0,0,1,0,0,0,0,1,0,0,0,0,0,0,0,1,0,0,0
10611,12000000,NA,en,Barbershop,10.297189,4/1/02,75781642,102,Released,Barbershop,6.2,137,0,0,0,1,0,0,1,0,0,0,0,0,0,0,0,0,0,0,0,0
10615,0,NA,en,Pootie Tang,3.115754,6/29/01,0,81,Released,Pootie Tang,5.4,43,1,0,0,1,0,0,0,0,0,0,0,0,0,0,0,0,0,0,0,0
10622,12716953,NA,cn,一個好人,7.077505,1/31/97,18814720,113,Released,Mr. Nice Guy,6.3,128,1,0,0,1,1,0,0,0,0,0,0,0,0,0,0,0,0,0,0,0
10623,25000000,NA,en,Cradle 2 the Grave,12.837116,2/28/03,56489558,101,Released,Cradle 2 the Grave,5.8,236,1,0,0,0,1,0,1,0,0,0,0,0,0,0,0,0,0,0,0,0
10625,17000000,http://www.meangirls.com/,en,Mean Girls,36.423717,4/30/04,129042871,97,Released,Mean Girls,6.9,2320,0,0,0,1,0,0,0,0,0,0,0,0,0,0,0,0,0,0,0,0
10628,0,NA,en,Kangaroo Jack,10.292864,1/17/03,0,89,Released,Kangaroo Jack,4.3,203,0,1,0,1,1,0,0,0,0,0,0,0,0,0,0,0,0,0,0,0
10629,17000000,NA,en,Veronica Guerin,9.583578,7/11/03,1569918,98,Released,Veronica Guerin,6.8,59,0,0,0,0,1,0,1,0,0,0,0,0,0,0,0,0,1,0,0,0
10632,55000000,NA,en,The Hunted,8.634954,3/11/03,34234008,94,Released,The Hunted,6,189,1,0,0,0,1,0,1,0,0,0,0,0,0,0,0,0,1,0,0,0
10634,3500000,http://www.newline.com/properties/friday.html,en,Friday,25.5748,4/26/95,28215918,91,Released,Friday,7,503,0,0,0,1,0,0,0,0,0,0,0,0,0,0,0,0,0,0,0,0
10637,30000000,http://movies.disney.com/remember-the-titans,en,Remember the Titans,25.996219,9/29/00,136706683,113,Released,Remember the Titans,7.4,821,0,0,0,0,0,0,1,0,0,0,0,0,0,0,0,0,0,0,0,0
10641,65000000,NA,en,Autumn in New York,8.680334,8/11/00,0,103,Released,Autumn in New York,5.7,135,0,0,0,0,0,0,1,0,0,0,0,0,0,0,1,0,0,0,0,0
10642,0,NA,en,Loser,5.214408,7/21/00,0,98,Released,Loser,5,120,0,0,0,1,0,0,1,1,0,0,0,0,0,0,1,0,0,0,0,0
10643,1000000,NA,ja,Gojira ni-sen mireniamu,3.322721,12/11/99,10037390,107,Released,Godzilla 2000,5.9,43,1,1,0,0,0,0,0,0,0,0,0,1,0,0,0,1,0,0,0,0
10646,11000000,NA,en,Tomcats,7.063053,3/30/01,23430766,95,Released,Tomcats,4.9,74,0,0,0,1,0,0,0,0,0,0,0,0,0,0,1,0,0,0,0,0
10647,40000000,NA,en,Pay It Forward,24.313684,10/12/00,55707411,122,Released,Pay It Forward,7,432,0,0,0,0,0,0,1,0,0,0,0,0,0,0,1,0,0,0,0,0
10655,0,NA,en,Gettysburg,5.529035,10/8/93,25e6,254,Released,Gettysburg,6.6,90,0,0,0,0,0,0,1,0,0,0,1,0,0,0,0,0,0,0,1,0
10656,2000000,NA,fr,Subway,5.261065,4/10/85,390659,104,Released,Subway,6.3,86,1,0,0,0,0,0,0,0,0,0,0,0,0,0,0,0,1,0,0,0
10658,37000000,NA,en,Howard the Duck,11.374306,8/1/86,37962774,110,Released,Howard the Duck,5.1,221,0,0,0,1,0,0,0,0,1,0,0,0,0,0,0,1,0,0,0,0
10661,90000000,http://www.youdontmesswiththezohan.com/,en,You Don't Mess with the Zohan,40.597344,6/5/08,201596308,113,Released,You Don't Mess with the Zohan,5.5,1048,1,0,0,1,0,0,0,0,0,0,0,0,0,0,0,0,0,0,0,0
10663,23000000,NA,en,The Waterboy,23.839127,11/6/98,185991646,90,Released,The Waterboy,5.9,512,0,0,0,1,0,0,0,0,0,0,0,0,0,0,0,0,0,0,0,0
10664,5600000,http://www.rec2themovie.com/,es,[REC]²,22.341462,9/15/09,18469680,85,Released,[REC]²,6.4,489,0,0,0,0,0,0,0,0,0,0,0,1,0,0,0,0,1,0,0,0
10673,15000000,NA,en,Wall Street,24.898687,12/10/87,43848069,126,Released,Wall Street,7,546,0,0,0,0,1,0,1,0,0,0,0,0,0,0,0,0,0,0,0,0
10674,90000000,NA,en,Mulan,67.427755,6/18/98,304320254,88,Released,Mulan,7.6,2008,0,1,1,0,0,0,0,1,0,0,0,0,0,0,0,0,0,0,0,0
10676,2500000,NA,en,Halloween III: Season of the Witch,12.030456,10/22/82,144e5,98,Released,Halloween III: Season of the Witch,5,229,0,0,0,0,0,0,0,0,0,0,0,1,0,1,0,1,0,0,0,0
10678,20000000,NA,en,Bringing Down the House,8.351385,3/7/03,132675402,105,Released,Bringing Down the House,5.4,183,0,0,0,1,0,0,0,0,0,0,0,0,0,0,0,0,0,0,0,0
10681,180000000,http://disney.go.com/disneypictures/wall-e/,en,WALL·E,66.390712,6/22/08,521311860,98,Released,WALL·E,7.8,6296,0,0,1,0,0,0,0,1,0,0,0,0,0,0,0,0,0,0,0,0
10683,3000000,NA,en,Happiness,10.757539,10/16/98,2807390,139,Released,Happiness,7.4,194,0,0,0,1,0,0,1,0,0,0,0,0,0,0,0,0,0,0,0,0
10684,46000000,NA,en,Courage Under Fire,12.971122,7/4/96,100860818,117,Released,Courage Under Fire,6.2,232,0,0,0,0,0,0,1,0,0,0,0,0,0,1,0,0,1,0,1,0
10685,33000000,NA,en,The Watcher,7.339908,9/8/00,0,96,Released,The Watcher,4.9,110,0,0,0,0,0,0,0,0,0,0,0,0,0,1,0,0,1,0,0,0
10691,13000000,NA,en,Crazy/Beautiful,6.130096,6/29/01,16929123,99,Released,Crazy/Beautiful,6.6,96,0,0,0,0,0,0,1,0,0,0,0,0,0,0,1,0,0,0,0,0
10696,22000000,NA,en,Glitter,3.809131,9/21/01,5271666,104,Released,Glitter,3.4,38,0,0,0,0,0,0,1,0,0,0,0,0,0,0,1,0,0,0,0,0
10705,9000000,NA,en,Henry V,4.641006,10/5/89,0,137,Released,Henry V,7.4,71,1,0,0,0,0,0,1,0,0,0,1,0,0,0,1,0,0,0,1,0
10707,1500000,NA,en,The Squid and the Whale,13.788054,10/5/05,11098131,81,Released,The Squid and the Whale,6.9,226,0,0,0,1,0,0,1,0,0,0,0,0,0,0,0,0,0,0,0,0
10708,60000000,NA,en,Daddy Day Care,18.106021,5/3/03,164433867,92,Released,Daddy Day Care,5.6,506,0,0,0,1,0,0,0,1,0,0,0,0,0,0,0,0,0,0,0,0
10710,40000000,NA,en,Envy,9.842771,4/30/04,0,99,Released,Envy,4.8,139,0,0,0,1,0,0,0,0,0,0,0,0,0,0,0,0,0,0,0,0
10712,13500000,NA,en,Far from Heaven,9.982885,9/1/02,29027914,107,Released,Far from Heaven,6.9,144,0,0,0,0,0,0,1,0,0,0,0,0,0,0,1,0,0,0,0,0
10715,80000000,NA,en,Looney Tunes: Back in Action,16.715631,11/14/03,68514844,90,Released,Looney Tunes: Back in Action,5.6,297,0,0,1,1,0,0,0,1,0,0,0,0,0,0,0,0,0,0,0,0
10718,40000000,NA,en,Torque,7.360793,1/16/04,46546197,84,Released,Torque,4.7,119,1,0,0,0,0,0,0,0,0,0,0,0,0,0,0,0,0,0,0,0
10719,32000000,NA,en,Elf,16.901954,10/9/03,173398518,97,Released,Elf,6.4,987,0,0,0,1,0,0,0,1,1,0,0,0,0,0,0,0,0,0,0,0
10724,18000000,NA,en,Firefox,8.700565,6/13/82,70687344,136,Released,Firefox,5.5,139,1,1,0,0,0,0,0,0,0,0,0,0,0,0,0,1,1,0,0,0
10727,0,NA,en,Darkness Falls,11.199544,1/24/03,0,86,Released,Darkness Falls,4.9,161,0,0,0,0,0,0,0,0,0,0,0,1,0,0,0,0,1,0,0,0
10731,45000000,NA,en,The Client,17.746719,7/20/94,117615211,119,Released,The Client,6.4,278,0,0,0,0,1,0,1,0,0,0,0,0,0,1,0,0,1,0,0,0
10733,145000000,NA,en,The Alamo,10.660441,4/7/04,25819961,137,Released,The Alamo,5.8,106,0,0,0,0,0,0,0,0,0,0,1,0,0,0,0,0,0,0,1,1
10734,8000000,NA,en,Escape from Alcatraz,26.356697,6/22/79,43e6,111,Released,Escape from Alcatraz,7.2,561,0,0,0,0,1,0,1,0,0,0,0,0,0,0,0,0,0,0,0,0
10735,0,NA,en,What a Girl Wants,7.057765,3/27/03,0,105,Released,What a Girl Wants,5.8,368,0,0,0,1,0,0,0,0,0,0,0,0,0,0,0,0,0,0,0,0
10739,0,NA,en,Anything Else,8.945081,8/27/03,0,108,Released,Anything Else,6.2,149,0,0,0,1,0,0,0,0,0,0,0,0,0,0,1,0,0,0,0,0
10740,20000000,NA,en,Birth,7.698075,9/8/04,0,100,Released,Birth,5.9,179,0,0,0,0,0,0,1,0,0,0,0,0,0,1,0,0,1,0,0,0
10741,0,NA,en,Bobby,11.706309,9/5/06,0,120,Released,Bobby,6.4,119,0,0,0,0,0,0,1,0,0,0,1,0,0,0,0,0,0,0,0,0
10743,0,NA,en,Confidence,9.87419,4/25/03,0,97,Released,Confidence,6.4,126,1,0,0,1,1,0,0,0,0,0,0,0,0,0,0,0,1,0,0,0
10744,32000000,NA,en,The Cooler,9.976428,1/17/03,0,101,Released,The Cooler,6.7,89,0,0,0,0,0,0,1,0,0,0,0,0,0,0,1,0,0,0,0,0
10748,0,http://www.sttriniansmovie.co.uk/,en,St. Trinian's,7.377587,12/21/07,0,101,Released,St. Trinian's,5.6,142,0,0,0,1,0,0,0,1,0,0,0,0,0,0,0,1,0,0,0,0
10756,90000000,NA,en,The Haunted Mansion,16.302378,11/25/03,182290266,99,Released,The Haunted Mansion,5.2,466,0,0,0,1,0,0,0,1,1,0,0,0,0,1,0,0,1,0,0,0
10758,2000000,NA,en,Waitress,9.67299,5/25/07,22179430,108,Released,Waitress,6.7,129,0,0,0,1,0,0,0,0,0,0,0,0,0,0,0,0,0,0,0,0
10760,16500000,NA,en,Sydney White,10.74648,9/21/07,13620075,108,Released,Sydney White,6,236,0,0,0,1,0,0,0,0,0,0,0,0,0,0,0,0,0,0,0,0
10761,40000000,NA,en,Made of Honor,19.574774,5/2/08,84601681,101,Released,Made of Honor,6,394,0,0,0,1,0,0,0,0,0,0,0,0,0,0,1,0,0,0,0,0
10762,19000000,NA,en,Without a Paddle,8.584398,8/20/04,69631118,95,Released,Without a Paddle,5.3,214,1,1,0,1,0,0,0,0,0,0,0,0,0,0,0,0,1,0,0,0
10764,200000000,http://www.mgm.com/view/movie/234/Quantum-of-Solace/,en,Quantum of Solace,107.928811,10/30/08,586090727,106,Released,Quantum of Solace,6.1,2965,1,1,0,0,1,0,0,0,0,0,0,0,0,0,0,0,1,0,0,0
10765,0,NA,en,Private Benjamin,12.18838,10/6/80,0,109,Released,Private Benjamin,6,102,0,0,0,1,0,0,0,0,0,0,0,0,0,0,0,0,0,0,0,0
10771,0,NA,en,The Tuxedo,21.549232,9/27/02,0,98,Released,The Tuxedo,5.3,483,1,0,0,1,0,0,0,0,0,0,0,0,0,0,0,1,1,0,0,0
10773,0,NA,en,Mrs Henderson Presents,2.894154,9/9/05,0,103,Released,Mrs Henderson Presents,6.4,62,0,0,0,1,0,0,1,0,0,0,0,0,0,0,0,0,0,0,0,0
10774,3800000,NA,en,Network,17.234745,11/1/76,23689877,121,Released,Network,7.7,381,0,0,0,0,0,0,1,0,0,0,0,0,0,0,0,0,0,0,0,0
10776,25000000,NA,en,Little Shop of Horrors,12.113235,12/19/86,38748395,94,Released,Little Shop of Horrors,6.6,384,0,0,0,1,0,0,0,0,0,0,0,1,1,0,0,0,0,0,0,0
10781,16000000,NA,en,The Texas Chainsaw Massacre: The Beginning,21.380635,10/6/06,0,91,Released,The Texas Chainsaw Massacre: The Beginning,5.9,402,0,0,0,0,0,0,0,0,0,0,0,1,0,0,0,0,0,0,0,0
10782,50000000,NA,en,Basic,19.226763,4/18/03,42792561,98,Released,Basic,6.2,286,1,0,0,0,1,0,1,0,0,0,0,0,0,1,0,0,1,0,0,0
10783,65000000,NA,en,Lucky Numbers,2.952595,10/27/00,0,105,Released,Lucky Numbers,4.9,52,1,1,0,1,1,0,0,0,0,0,0,0,0,0,1,0,1,0,0,0
10786,0,NA,en,Robin and Marian,3.199904,3/11/76,0,106,Released,Robin and Marian,6.6,50,1,1,0,0,0,0,1,0,0,0,0,0,0,0,1,0,0,0,0,0
10796,49000000,NA,en,The One,21.746245,11/2/01,727e5,87,Released,The One,5.7,437,1,0,0,0,0,0,0,0,0,0,0,0,0,0,0,1,1,0,0,0
10800,15000000,NA,fr,Chasseurs de dragons,8.884405,3/19/08,0,80,Released,Dragon Hunters,6.5,129,0,0,1,0,0,0,0,1,0,0,0,0,0,0,0,0,0,0,0,0
10802,45000000,NA,en,Showgirls,14.513305,9/22/95,20350754,128,Released,Showgirls,4.9,256,0,0,0,0,0,0,1,0,0,0,0,0,0,0,0,0,0,0,0,0
10803,9000000,NA,en,Logan's Run,12.268143,6/23/76,25e6,119,Released,Logan's Run,6.6,269,1,1,0,0,0,0,0,0,0,0,0,0,0,0,1,1,0,0,0,0
10806,35000000,NA,en,In & Out,11.897925,9/10/97,0,90,Released,In & Out,6.3,177,0,0,0,1,0,0,0,0,0,0,0,0,0,0,1,0,0,0,0,0
10808,70000000,NA,en,Dr. Dolittle 2,13.543053,6/22/01,176104344,87,Released,Dr. Dolittle 2,4.9,410,0,0,0,1,0,0,0,1,1,0,0,0,0,0,1,0,0,0,0,0
10822,4600000,NA,en,Savage Grace,3.531877,5/18/07,0,97,Released,Savage Grace,5.7,60,0,0,0,0,0,0,1,0,0,0,0,0,0,0,0,0,0,0,0,0
10833,35000000,NA,en,Heartbreakers,13.932203,3/23/01,0,123,Released,Heartbreakers,5.7,254,0,0,0,1,1,0,0,0,0,0,0,0,0,0,1,0,0,0,0,0
10844,0,NA,en,Out of the Blue,0.706355,10/12/06,0,103,Released,Out of the Blue,5.9,18,0,0,0,0,0,0,1,0,0,0,0,0,0,0,0,0,0,0,0,0
10858,44000000,NA,en,Nixon,3.770161,12/22/95,13681765,192,Released,Nixon,7.1,71,0,0,0,0,0,0,1,0,0,0,1,0,0,0,0,0,0,0,0,0
10861,25000000,NA,en,Maximum Risk,10.115011,9/13/96,51702483,100,Released,Maximum Risk,5.2,101,1,1,0,0,0,0,0,0,0,0,0,0,0,0,0,0,1,0,0,0
10865,120000000,http://www.disney.com/atlantis,en,Atlantis: The Lost Empire,51.548589,6/2/01,186053725,95,Released,Atlantis: The Lost Empire,6.7,1224,0,1,1,0,0,0,0,1,0,0,0,0,0,0,0,1,0,0,0,0
10866,23000000,NA,en,Joy Ride,11.183197,10/5/01,36642838,97,Released,Joy Ride,6.3,325,0,0,0,0,0,0,1,0,0,0,0,0,0,1,0,0,1,0,0,0
10871,37000000,NA,en,Switchback,4.131546,10/31/97,6482195,118,Released,Switchback,5.8,52,1,1,0,0,0,0,0,0,0,0,0,0,0,1,0,0,1,0,0,0
10873,8000000,NA,en,Shadow of the Vampire,5.93923,5/15/00,8279017,92,Released,Shadow of the Vampire,6.6,148,0,0,0,0,0,0,1,0,0,0,0,1,0,0,0,0,0,0,0,0
10876,13500000,NA,en,Quills,7.261196,11/22/00,7060876,124,Released,Quills,6.8,128,0,0,0,0,0,0,1,0,0,0,0,0,0,0,0,0,0,0,0,0
10877,50000000,http://www.exitwounds.net/,en,Exit Wounds,12.601306,3/13/01,79958599,101,Released,Exit Wounds,5.3,110,1,0,0,0,1,0,0,0,0,0,0,0,0,0,0,0,1,0,0,0
10878,22000000,NA,en,Saving Silverman,12.887673,2/9/01,19351569,90,Released,Saving Silverman,5.4,154,0,0,0,1,1,0,0,0,0,0,0,0,0,0,1,0,0,0,0,0
10885,0,NA,en,Shutter,8.864368,3/21/08,0,85,Released,Shutter,5.3,180,0,0,0,0,0,0,0,0,0,0,0,1,0,1,0,0,1,0,0,0
10890,10000000,NA,en,Stripes,10.892398,6/25/81,853e5,106,Released,Stripes,6.5,249,1,0,0,1,0,0,0,0,0,0,0,0,0,0,0,0,0,0,0,0
10894,500000,NA,en,May,8.650779,1/13/02,150277,93,Released,May,6.3,152,0,0,0,0,0,0,1,0,0,0,0,1,0,0,1,0,1,0,0,0
10895,2600000,NA,en,Pinocchio,46.007991,2/23/40,843e5,88,Released,Pinocchio,6.9,1355,0,0,1,0,0,0,0,1,0,0,0,0,0,0,0,0,0,0,0,0
10913,0,NA,en,Dear Wendy,2.597665,1/22/05,0,105,Released,Dear Wendy,5.6,33,0,0,0,1,1,0,1,0,0,0,0,0,0,0,1,0,0,0,0,0
10914,0,http://allhatthemovie.com/,en,All Hat,0.137535,9/11/07,0,89,Released,All Hat,1,1,1,0,0,1,0,0,1,0,0,0,0,0,0,0,0,0,0,0,0,1
10923,28000000,NA,en,Agent Cody Banks,11.859396,3/14/03,58795814,102,Released,Agent Cody Banks,5,284,1,0,0,0,0,0,0,0,0,0,0,0,0,0,0,0,0,0,0,0
10925,4000000,NA,en,The Return of the Living Dead,14.961629,5/15/85,14237e3,91,Released,The Return of the Living Dead,7.3,267,0,0,0,1,0,0,0,0,0,0,0,1,0,0,0,0,0,0,0,0
10929,22000000,NA,en,Willard,1.322528,3/14/03,0,100,Released,Willard,5.8,82,0,0,0,0,0,0,0,0,0,0,0,1,0,0,0,0,0,0,0,0
10930,0,NA,fr,La fleur du mal,1.229667,2/9/03,0,104,Released,The Flower of Evil,5.7,10,0,0,0,0,0,0,1,0,0,0,0,0,0,0,0,0,0,0,0,0
10934,0,NA,en,Under the Tuscan Sun,12.309718,4/30/03,0,113,Released,Under the Tuscan Sun,6.4,172,0,0,0,1,0,0,1,0,0,0,0,0,0,0,1,0,0,0,0,0
10935,44000000,NA,en,Heaven's Gate,5.380124,11/19/80,3484331,219,Released,Heaven's Gate,6.4,55,1,0,0,0,0,0,1,0,0,0,1,0,0,0,0,0,0,0,0,1
10944,12000000,NA,en,In the Cut,10.536092,9/9/03,23,119,Released,In the Cut,4.6,89,0,0,0,0,0,0,0,0,0,0,0,0,0,1,0,0,1,0,0,0
10947,4200000,http://tv.disney.go.com/disneychannel/originalmovies/highschoolmusical/index.html,en,High School Musical,16.536374,1/20/06,0,98,Released,High School Musical,6.1,1000,0,0,0,1,0,0,1,1,0,0,0,0,1,0,0,0,0,1,0,0
10950,22000000,NA,en,I Am Sam,26.071644,12/28/01,92542418,132,Released,I Am Sam,7.2,530,0,0,0,0,0,0,1,0,0,0,0,0,0,0,0,0,0,0,0,0
10955,30000000,NA,en,Ripley's Game,2.981047,9/2/02,0,110,Released,Ripley's Game,6.6,69,0,0,0,0,1,0,0,0,0,0,0,0,0,0,0,0,1,0,0,0
10956,17700000,NA,en,Joe Dirt,15.976335,4/10/01,30987695,91,Released,Joe Dirt,5.5,242,0,1,0,1,0,0,1,0,0,0,0,0,0,1,1,0,0,0,0,0
10970,0,NA,en,Silent Movie,7.315935,6/17/76,0,86,Released,Silent Movie,6.7,78,0,0,0,1,0,0,0,0,0,0,0,0,0,0,0,0,0,0,0,0
10972,1500000,NA,en,Session 9,11.064228,8/10/01,373967,100,Released,Session 9,6.2,251,0,0,0,0,0,0,0,0,0,0,0,1,0,1,0,0,0,0,0,0
10981,0,NA,en,Nothing,3.408955,9/9/03,0,90,Released,Nothing,5.8,38,0,0,0,1,0,0,0,0,1,0,0,0,0,0,0,1,0,0,0,0
10982,15000000,http://www.hoodwinkedthemovie.com,en,Hoodwinked!,23.980329,12/16/05,51053787,80,Released,Hoodwinked!,5.9,479,0,0,1,1,0,0,0,1,0,0,0,0,0,0,0,0,0,0,0,0
10984,0,NA,en,Valentine,5.904126,2/1/01,0,96,Released,Valentine,5,114,0,0,0,0,0,0,0,0,0,0,0,1,0,0,0,0,1,0,0,0
10985,13000000,http://www.sonypictures.com/movies/thenewguy/,en,The New Guy,13.525704,5/10/02,0,88,Released,The New Guy,5.7,151,0,0,0,1,0,0,0,1,0,0,0,0,0,0,0,0,0,0,0,0
10987,5000000,NA,en,Halloween: The Curse of Michael Myers,9.483717,9/29/95,15116634,88,Released,Halloween: The Curse of Michael Myers,5,170,0,0,0,0,0,0,0,0,0,0,0,1,0,0,0,0,1,0,0,0
10991,16000000,http://movies.warnerbros.com/pk3/,ja,Pokémon 3: The Movie,9.18885,7/8/00,68411275,93,Released,Pokémon: Spell of the Unknown,5.9,137,1,1,1,0,0,0,0,1,1,0,0,0,0,0,0,0,0,0,0,0
10992,60000000,http://catsanddogsmovie.warnerbros.com/cmp/main.html,en,Cats & Dogs,18.735024,7/4/01,93375151,87,Released,Cats & Dogs,5,352,0,0,0,1,0,0,0,1,0,0,0,0,0,0,0,0,0,0,0,0
10994,0,NA,en,White Oleander,9.423866,10/11/02,0,109,Released,White Oleander,7.2,108,0,0,0,0,0,0,1,0,0,0,0,0,0,0,0,0,0,0,0,0
10996,120000000,NA,en,Stuart Little 2,27.990284,7/19/02,169956806,78,Released,Stuart Little 2,5.4,613,0,1,1,1,0,0,0,1,0,0,0,0,0,0,0,0,0,0,0,0
10998,14000000,NA,en,Fatal Attraction,16.742972,9/11/87,320145693,NA,Released,Fatal Attraction,6.6,291,0,0,0,0,0,0,1,0,0,0,0,0,0,0,1,0,1,0,0,0
10999,10000000,NA,en,Commando,34.224204,10/3/85,575e5,90,Released,Commando,6.4,742,1,1,0,0,0,0,0,0,0,0,0,0,0,0,0,0,1,0,0,0
11001,65000000,NA,en,Blue Streak,16.865782,9/17/99,117758500,93,Released,Blue Streak,6.1,352,1,0,0,1,1,0,0,0,0,0,0,0,0,0,0,0,0,0,0,0
11004,35000000,NA,en,Wonder Boys,9.011729,2/22/00,0,111,Released,Wonder Boys,6.9,161,0,0,0,1,0,0,1,0,0,0,0,0,0,0,0,0,0,0,0,0
11007,40000000,NA,en,Cheaper by the Dozen,26.516624,12/24/03,190212113,98,Released,Cheaper by the Dozen,6,699,0,0,0,1,0,0,0,0,0,0,0,0,0,0,0,0,0,0,0,0
11011,40000000,NA,en,Ri¢hie Ri¢h,14.398356,12/19/94,0,95,Released,Ri¢hie Ri¢h,5.4,415,0,0,0,1,0,0,0,1,0,0,0,0,0,0,0,0,0,0,0,0
11013,4000000,NA,en,Secretary,19.107285,1/11/02,9304609,104,Released,Secretary,6.7,376,0,0,0,1,0,0,1,0,0,0,0,0,0,0,1,0,0,0,0,0
11015,60000000,NA,en,The Relic,12.621769,1/10/97,33956608,110,Released,The Relic,5.8,130,0,0,0,0,0,0,0,0,0,0,0,1,0,1,0,0,1,0,0,0
11022,6500000,NA,en,Narc,8.526635,1/14/02,12633747,105,Released,Narc,6.8,142,1,0,0,0,1,0,1,0,0,0,0,0,0,0,0,0,1,0,0,0
11023,2000000,NA,en,Thirteen,20.331593,8/20/03,4601043,100,Released,Thirteen,6.7,339,0,0,0,0,1,0,1,0,0,0,0,0,0,0,0,0,0,0,0,0
11024,0,NA,en,Scooby-Doo 2: Monsters Unleashed,22.644275,3/24/04,181466833,93,Released,Scooby-Doo 2: Monsters Unleashed,5.4,500,0,1,0,1,0,0,0,0,1,0,0,0,0,1,0,0,0,0,0,0
11025,0,NA,en,New York Minute,10.0403,5/1/04,0,91,Released,New York Minute,5.5,185,0,0,0,1,0,0,0,0,0,0,0,0,0,0,0,0,0,0,0,0
11026,80000000,NA,en,Exorcist: The Beginning,15.761384,8/20/04,78000586,114,Released,Exorcist: The Beginning,4.7,183,0,0,0,0,0,0,0,0,0,0,0,1,0,1,0,0,1,0,0,0
11027,12000000,NA,en,The Postman Always Rings Twice,6.803763,3/20/81,0,122,Released,The Postman Always Rings Twice,6.4,110,0,0,0,0,1,0,1,0,0,0,0,0,0,0,1,0,0,0,0,0
11033,6500000,NA,en,Dressed to Kill,11.208769,6/25/80,31899e3,105,Released,Dressed to Kill,6.8,157,0,0,0,0,0,0,0,0,0,0,0,1,0,1,0,0,1,0,0,0
11036,29000000,http://www.newline.com/properties/notebookthe.html,en,The Notebook,55.109138,6/25/04,115603229,123,Released,The Notebook,7.7,3067,0,0,0,0,0,0,1,0,0,0,0,0,0,0,1,0,0,0,0,0
11042,8000000,NA,fr,Les Invasions barbares,3.03091,5/21/03,3432342,99,Released,The Barbarian Invasions,6.7,77,0,0,0,1,1,0,1,0,0,0,0,0,0,0,0,0,0,0,0,0
11051,7000000,NA,en,The Last Temptation of Christ,14.672151,8/12/88,8373585,164,Released,The Last Temptation of Christ,7,201,0,0,0,0,0,0,1,0,0,0,0,0,0,0,0,0,0,0,0,0
11056,0,http://www.miramax.com/movie/darkness,en,Darkness,6.340135,10/2/02,0,102,Released,Darkness,5.6,112,0,0,0,0,0,0,0,0,0,0,0,1,0,0,0,0,0,0,0,0
11058,25000000,NA,en,Godsend,12.10235,4/30/04,30114487,102,Released,Godsend,4.7,114,0,0,0,0,0,0,1,0,0,0,0,1,0,0,0,1,1,0,0,0
11062,0,NA,en,City Hall,3.621837,2/16/96,0,111,Released,City Hall,6,67,0,0,0,0,0,0,1,0,0,0,0,0,0,0,0,0,1,0,0,0
11065,0,NA,en,O,4.146752,8/31/01,16017403,95,Released,O,5.8,75,0,0,0,0,0,0,1,0,0,0,0,0,0,0,1,0,1,0,0,0
11066,40000000,NA,en,Boomerang,6.420434,6/30/92,701e5,117,Released,Boomerang,5.4,134,0,0,0,1,0,0,0,0,0,0,0,0,0,0,1,0,0,0,0,0
11072,2600000,NA,en,Blazing Saddles,22.793929,2/7/74,1195e5,93,Released,Blazing Saddles,7.2,609,0,0,0,1,0,0,0,0,0,0,0,0,0,0,0,0,0,0,0,1
11086,72000000,NA,en,The Majestic,11.215702,12/21/01,37317558,152,Released,The Majestic,6.6,188,0,0,0,0,0,0,1,0,0,0,0,0,0,0,1,0,0,0,0,0
11090,22000000,NA,en,The Animal,13.786075,6/1/01,84772742,84,Released,The Animal,4.6,304,1,0,0,1,0,0,0,0,0,0,0,0,0,0,0,0,0,0,0,0
11091,48000000,NA,en,Riding in Cars with Boys,7.226115,10/19/01,35743308,132,Released,Riding in Cars with Boys,6.5,103,0,0,0,1,0,0,1,0,0,0,0,0,0,0,1,0,0,0,0,0
11093,16500000,NA,en,House of Sand and Fog,12.102725,12/19/03,16942795,126,Released,House of Sand and Fog,7,199,0,0,0,0,0,0,1,0,0,0,0,0,0,0,0,0,0,0,0,0
11096,25000000,NA,en,Hide and Seek,18.228538,1/27/05,122644820,101,Released,Hide and Seek,6.1,440,0,0,0,0,0,0,0,0,0,0,0,1,0,1,0,0,1,0,0,0
11109,11000000,NA,en,Vera Drake,4.131918,10/22/04,0,125,Released,Vera Drake,6.8,80,0,0,0,0,1,0,1,0,0,0,0,0,0,0,0,0,0,0,0,0
11113,17000000,NA,en,My Fair Lady,20.786616,10/21/64,72070731,170,Released,My Fair Lady,7.4,352,0,0,0,0,0,0,1,1,0,0,0,0,1,0,1,0,0,0,0,0
11128,60000000,NA,en,Ladder 49,10.99991,10/1/04,74541707,115,Released,Ladder 49,6.2,207,1,0,0,0,0,0,1,0,0,0,0,0,0,0,0,0,1,0,0,0
11129,600000,NA,en,Human Traffic,4.859873,6/4/99,4e6,99,Released,Human Traffic,6.8,97,0,0,0,1,0,0,1,0,0,0,0,0,0,0,0,0,0,0,0,0
11130,40000000,NA,en,The Princess Diaries 2: Royal Engagement,30.002907,8/6/04,95149435,113,Released,The Princess Diaries 2: Royal Engagement,6,697,0,0,0,1,0,0,1,1,0,0,0,0,0,0,1,0,0,0,0,0
11132,15000000,NA,en,Confessions of a Teenage Drama Queen,7.424798,2/17/04,29331068,89,Released,Confessions of a Teenage Drama Queen,5.1,221,0,0,0,1,0,0,0,0,0,0,0,0,0,0,0,0,0,0,0,0
11137,0,NA,en,The Prince & Me,17.943945,3/28/04,0,111,Released,The Prince & Me,5.9,278,0,0,0,1,0,0,0,0,0,0,0,0,0,0,1,0,0,0,0,0
11141,28000000,NA,en,Laws of Attraction,6.201404,4/4/04,30016165,90,Released,Laws of Attraction,5.6,104,1,0,0,1,0,0,0,0,0,0,0,0,0,0,1,0,1,0,0,0
11152,8000000,NA,en,The Ruins,13.715715,4/2/08,0,91,Released,The Ruins,5.6,265,0,0,0,0,0,0,1,0,0,0,0,1,0,0,0,0,0,0,0,0
11153,15000000,NA,en,National Lampoon's Vacation,22.838834,7/28/83,61399552,98,Released,National Lampoon's Vacation,7.1,410,0,1,0,1,0,0,0,0,0,0,0,0,0,0,1,0,0,0,0,0
11156,0,http://www.cocoavantchanel.fr,fr,Coco avant Chanel,8.426589,4/22/09,0,110,Released,Coco Before Chanel,6.6,246,0,0,0,0,0,0,1,0,0,0,1,0,0,0,0,0,0,0,0,0
11162,0,NA,en,The Merchant of Venice,12.467267,9/3/04,0,138,Released,The Merchant of Venice,6.7,144,0,0,0,0,0,0,1,0,0,0,0,0,0,0,1,0,0,0,0,0
11165,25485000,NA,en,Tora! Tora! Tora!,9.795985,1/26/70,29548291,144,Released,Tora! Tora! Tora!,6.9,147,1,1,0,0,0,0,1,0,0,0,1,0,0,0,0,0,0,0,1,0
11170,65000000,NA,en,We Are Marshall,8.629665,12/12/06,43545364,124,Released,We Are Marshall,6.7,186,0,0,0,0,0,0,1,0,0,0,0,0,0,0,0,0,0,0,0,0
11172,40000000,NA,en,Music and Lyrics,17.659032,2/9/07,145896422,96,Released,Music and Lyrics,6.2,554,0,0,0,1,0,0,0,0,0,0,0,0,1,0,1,0,0,0,0,0
11176,0,NA,en,The Muppet Movie,10.639916,5/31/79,76657e3,97,Released,The Muppet Movie,7,164,0,1,0,1,0,0,0,1,0,0,0,0,0,0,0,0,0,0,0,0
11184,0,NA,en,Kinsey,6.799314,9/4/04,0,118,Released,Kinsey,6.6,131,0,0,0,0,0,0,1,0,0,0,0,0,0,0,0,0,0,0,0,0
11186,13000000,NA,en,Child's Play 2,16.681567,11/9/90,35763605,84,Released,Child's Play 2,5.8,308,0,0,0,0,0,0,1,0,0,0,0,1,0,0,0,0,0,0,0,0
11190,0,NA,ru,Возвращение,7.744166,6/25/03,0,NA,Released,The Return,7.4,100,0,0,0,0,0,0,1,0,0,0,0,0,0,1,0,0,1,0,0,0
11191,0,NA,en,Mystic Pizza,6.379933,10/13/88,0,104,Released,Mystic Pizza,5.9,123,0,0,0,1,0,0,1,0,0,0,0,0,0,0,1,0,0,0,0,0
11194,0,NA,en,Touching the Void,14.045887,9/5/03,13885802,106,Released,Touching the Void,7.6,138,1,1,0,0,0,1,0,0,0,0,0,0,0,0,0,0,0,0,0,0
11199,0,http://video.movies.go.com/wildhogs/,en,Wild Hogs,31.719463,3/2/07,253625427,100,Released,Wild Hogs,5.6,648,1,1,0,1,0,0,0,0,0,0,0,0,0,0,0,0,0,0,0,0
11202,12000000,NA,en,Patton,21.933822,1/25/70,898e5,172,Released,Patton,7.3,323,0,0,0,0,0,0,1,0,0,0,1,0,0,0,0,0,0,0,1,0
11208,30000000,NA,en,Wicker Park,9.301562,9/3/04,13001257,114,Released,Wicker Park,6.7,157,0,0,0,0,0,0,1,0,0,0,0,0,0,1,1,0,1,0,0,0
11212,50000000,NA,en,Baby's Day Out,21.312186,7/1/94,16671505,99,Released,Baby's Day Out,5.8,274,1,1,0,1,0,0,0,1,0,0,0,0,0,0,0,0,0,0,0,0
11217,8500000,NA,en,Club Dread,2.62082,2/27/04,5001655,104,Released,Club Dread,5.1,107,0,0,0,1,0,0,0,0,0,0,0,1,0,0,0,0,0,0,0,0
11219,1200000,NA,en,The Trouble with Harry,6.920873,10/3/55,7e6,99,Released,The Trouble with Harry,6.9,149,0,0,0,1,0,0,0,0,0,0,0,0,0,1,0,0,1,0,0,0
11228,80000000,NA,en,Daylight,16.681269,12/6/96,159212469,115,Released,Daylight,5.8,378,1,1,0,0,0,0,0,0,0,0,0,0,0,0,0,0,1,0,0,0
11229,3000000,NA,en,Freeway,4.682881,8/23/96,0,110,Released,Freeway,6.5,95,0,0,0,1,0,0,1,0,0,0,0,0,0,0,0,0,1,0,0,0
11232,0,NA,en,Kate & Leopold,11.940711,12/25/01,0,118,Released,Kate & Leopold,6,418,0,0,0,1,0,0,0,0,1,0,0,0,0,0,1,1,0,0,0,0
11237,20000000,NA,en,Anacondas: The Hunt for the Blood Orchid,9.855474,8/26/04,70992898,97,Released,Anacondas: The Hunt for the Blood Orchid,4.9,199,1,1,0,0,0,0,0,0,0,0,0,1,0,0,0,1,1,0,0,0
11240,860000,NA,en,My Beautiful Laundrette,3.703005,9/7/85,2451545,97,Released,My Beautiful Laundrette,6.6,51,0,0,0,1,0,0,1,0,0,0,0,0,0,0,1,0,0,0,0,0
11247,19000000,http://www2.warnerbros.com/acinderellastory/index.html,en,A Cinderella Story,25.28132,7/10/04,70067909,95,Released,A Cinderella Story,6.1,713,0,0,0,1,0,0,0,0,0,0,0,0,0,0,0,0,0,0,0,0
11249,12000000,NA,en,Seed of Chucky,12.653831,11/11/04,24829644,87,Released,Seed of Chucky,4.9,287,0,0,0,1,0,0,1,0,0,0,0,1,0,0,0,0,0,0,0,0
11253,85000000,NA,en,Hellboy II: The Golden Army,58.57976,7/11/08,160388063,120,Released,Hellboy II: The Golden Army,6.5,1527,0,1,0,0,0,0,0,0,1,0,0,0,0,0,0,1,0,0,0,0
11257,3000000,NA,en,A Room with a View,7.961559,12/13/85,20966644,117,Released,A Room with a View,6.9,156,0,0,0,0,0,0,1,0,0,0,0,0,0,0,1,0,0,0,0,0
11258,70000000,NA,en,Hard Rain,10.930537,1/16/98,19870567,97,Released,Hard Rain,5.5,179,0,0,0,0,0,0,0,0,0,0,0,0,0,0,0,0,1,0,0,0
11260,60000000,http://www.meetdavemovie.com/,en,Meet Dave,18.676291,7/8/08,50650079,90,Released,Meet Dave,5,371,0,1,0,1,0,0,0,1,0,0,0,0,0,0,0,1,0,0,0,0
11282,9000000,NA,en,Harold & Kumar Go to White Castle,18.514292,5/30/04,23936908,88,Released,Harold & Kumar Go to White Castle,6.6,693,0,1,0,1,0,0,0,0,0,0,0,0,0,0,0,0,0,0,0,0
11283,25000000,NA,en,Nanny McPhee,24.356483,10/21/05,122489822,97,Released,Nanny McPhee,6.4,711,0,0,0,1,0,0,0,1,1,0,0,0,0,0,0,0,0,0,0,0
11284,11000000,NA,en,Freddy's Dead: The Final Nightmare,16.856231,9/5/91,34872033,89,Released,Freddy's Dead: The Final Nightmare,5.1,272,0,0,0,1,0,0,0,0,0,0,0,1,0,0,0,0,1,0,0,0
11287,40000000,NA,en,A League of Their Own,21.661028,7/1/92,107458785,128,Released,A League of Their Own,6.7,354,0,0,0,1,0,0,0,0,0,0,0,0,0,0,0,0,0,0,0,0
11298,1000000,NA,en,The Howling,6.532855,4/3/81,17985893,91,Released,The Howling,6.4,161,0,0,0,0,0,0,1,0,0,0,0,1,0,0,0,0,0,0,0,0
11302,2000000,NA,en,Bananas,5.941852,4/28/71,11833696,NA,Released,Bananas,6.7,165,0,0,0,1,0,0,0,0,0,0,0,0,0,0,0,0,0,0,0,0
11306,38000000,NA,en,Extreme Measures,3.426555,9/27/96,17380126,118,Released,Extreme Measures,5.7,80,0,0,0,0,0,0,1,0,0,0,0,0,0,0,0,0,1,0,0,0
11308,7500000,NA,en,The Hotel New Hampshire,2.226412,3/9/84,0,109,Released,The Hotel New Hampshire,5.8,26,0,0,0,1,0,0,1,0,0,0,0,0,0,0,0,0,0,0,0,0
11313,31000000,NA,en,Hearts in Atlantis,7.06762,9/7/01,24185781,101,Released,Hearts in Atlantis,6.4,131,0,0,0,0,0,0,1,0,0,0,0,0,0,1,0,0,0,0,0,0
11321,55000000,http://www.sonypictures.com/movies/sevenpounds/,en,Seven Pounds,41.472404,12/18/08,168167691,123,Released,Seven Pounds,7.5,2039,0,0,0,0,0,0,1,0,0,0,0,0,0,0,0,0,0,0,0,0
11322,80000000,http://www.publicenemies.net/,en,Public Enemies,33.691694,7/1/09,214104620,140,Released,Public Enemies,6.5,1344,0,0,0,0,1,0,1,0,0,0,1,0,0,0,0,0,0,0,0,0
11323,22000000,http://theinformantmovie.warnerbros.com/,en,The Informant!,17.772518,9/18/09,35424826,108,Released,The Informant!,6,301,0,0,0,1,1,0,1,0,0,0,0,0,0,0,0,0,0,0,0,0
11324,80000000,http://www.shutterisland.com/,en,Shutter Island,81.914696,2/18/10,294804195,138,Released,Shutter Island,7.8,6336,0,0,0,0,0,0,1,0,0,0,0,0,0,1,0,0,1,0,0,0
11336,10000000,NA,en,The Dead Zone,16.78512,10/21/83,20766616,103,Released,The Dead Zone,6.9,311,0,0,0,0,0,0,0,0,0,0,0,1,0,0,0,1,1,0,0,0
11342,7000000,NA,en,Warlock,9.887662,6/1/89,0,103,Released,Warlock,5.8,95,0,1,0,1,0,0,0,0,1,0,0,1,0,0,0,0,0,0,0,0
11351,17000000,NA,en,Jeepers Creepers 2,19.045146,8/8/03,63102666,104,Released,Jeepers Creepers 2,5.5,299,0,0,0,0,0,0,0,0,0,0,0,1,0,0,0,0,1,0,0,0
11353,55000000,NA,en,Bowfinger,13.191829,8/12/99,0,97,Released,Bowfinger,6,254,0,0,0,1,0,0,0,0,0,0,0,0,0,0,0,0,0,0,0,0
11354,0,http://www.newline.com/properties/upsideofanger.html,en,The Upside of Anger,6.2464,1/23/05,0,118,Released,The Upside of Anger,6.4,72,0,0,0,1,0,0,1,0,0,0,0,0,0,0,0,0,0,0,0,0
11357,5000000,NA,en,Halloween 4: The Return of Michael Myers,9.302349,10/21/88,17768757,88,Released,Halloween 4: The Return of Michael Myers,5.9,209,0,0,0,0,0,0,0,0,0,0,0,1,0,0,0,0,1,0,0,0
11358,56000000,NA,en,Walking Tall,23.438398,4/2/04,57223890,86,Released,Walking Tall,6,381,1,1,0,0,0,0,1,0,0,0,0,0,0,0,0,0,1,0,0,0
11359,45000000,NA,en,The Indian in the Cupboard,11.095914,7/14/95,0,96,Released,The Indian in the Cupboard,5.9,134,0,1,0,0,0,0,0,1,1,0,0,0,0,0,0,0,0,0,0,0
11361,5000000,NA,en,Halloween 5: The Revenge of Michael Myers,8.008844,10/12/89,11642254,96,Released,Halloween 5: The Revenge of Michael Myers,5.2,183,0,0,0,0,0,0,0,0,0,0,0,1,0,0,0,0,1,0,0,0
11362,35000000,NA,en,The Count of Monte Cristo,26.595983,1/23/02,75395048,131,Released,The Count of Monte Cristo,7.3,453,1,1,0,0,0,0,1,0,0,0,0,0,0,0,0,0,1,0,0,0
11363,3500000,NA,en,She's the One,8.406025,8/26/96,9482579,96,Released,She's the One,5.7,70,0,0,0,1,0,0,0,0,0,0,0,0,0,0,1,0,0,0,0,0
11370,40000000,NA,en,The Musketeer,3.296933,9/7/01,27053815,104,Released,The Musketeer,5.2,56,1,1,0,0,0,0,1,0,0,0,0,0,0,0,0,0,0,0,0,0
11371,68000000,NA,en,The Score,22.572323,7/13/01,71069884,124,Released,The Score,6.7,423,1,0,0,0,1,0,0,0,0,0,0,0,0,0,0,0,1,0,0,0
11374,80000000,NA,en,Edtv,14.298297,3/26/99,0,122,Released,Edtv,5.7,166,0,0,0,1,0,0,0,0,0,0,0,0,0,0,0,0,0,0,0,0
11375,75000000,NA,en,Hollywood Homicide,10.605084,6/9/03,51142659,116,Released,Hollywood Homicide,5,166,1,1,0,1,0,0,0,0,0,0,0,0,0,0,0,0,1,0,0,0
11377,19000000,NA,en,House on Haunted Hill,13.664614,10/29/99,40846082,93,Released,House on Haunted Hill,5.5,209,0,0,0,0,0,0,0,0,0,0,0,1,0,1,0,0,1,0,0,0
11382,0,NA,en,Bullets Over Broadway,7.829295,10/14/94,0,98,Released,Bullets Over Broadway,7,130,1,0,0,1,0,0,0,0,0,0,0,0,0,0,0,0,1,0,0,0
11386,3705538,http://www.miramax.com/movie/the-crying-game/,en,The Crying Game,8.839651,9/2/92,62548947,112,Released,The Crying Game,6.9,176,0,0,0,0,1,0,1,0,0,0,0,0,0,0,1,0,1,0,0,0
11395,22000000,NA,en,The Santa Clause,16.234053,11/10/94,189833357,97,Released,The Santa Clause,6.3,489,0,0,0,1,0,0,1,1,1,0,0,0,0,0,0,0,0,0,0,0
11397,16000000,NA,en,Not Another Teen Movie,23.423082,12/7/01,66468332,89,Released,Not Another Teen Movie,5.5,431,0,0,0,1,0,0,0,0,0,0,0,0,0,0,0,0,0,0,0,0
11398,40000000,NA,en,The Art of War,7.832337,8/23/00,30199105,117,Released,The Art of War,5.6,135,1,1,0,0,1,0,0,0,0,0,0,0,0,0,0,0,0,0,0,0
11400,30000000,NA,en,The New World,19.106154,12/25/05,30536013,135,Released,The New World,6.4,330,0,0,0,0,0,0,1,0,0,0,1,0,0,0,1,0,0,0,0,0
11404,0,NA,en,Driving Lessons,7.667888,4/30/06,0,98,Released,Driving Lessons,6.3,47,0,0,0,1,0,0,1,0,0,0,0,0,0,0,0,0,0,0,0,0
11411,17000000,NA,en,Superman IV: The Quest for Peace,17.062117,7/23/87,193e5,90,Released,Superman IV: The Quest for Peace,4.1,318,1,1,0,0,0,0,0,0,0,0,0,0,0,0,0,1,0,0,0,0
11412,65000000,NA,en,The Long Kiss Goodnight,15.858629,10/11/96,89456761,120,Released,The Long Kiss Goodnight,6.5,314,1,0,0,0,1,0,0,0,0,0,0,0,0,1,0,0,1,0,0,0
11426,1650000,NA,en,From Here to Eternity,6.915201,8/4/53,305e5,118,Released,From Here to Eternity,7.2,133,0,0,0,0,0,0,1,0,0,0,0,0,0,0,1,0,0,0,1,0
11431,30000000,NA,en,Fever Pitch,9.965073,4/6/05,50451307,103,Released,Fever Pitch,5.9,182,0,0,0,1,0,0,1,0,0,0,0,0,0,0,1,0,0,0,0,0
11439,45000000,NA,en,The Ghost Writer,21.118196,2/12/10,60222298,128,Released,The Ghost Writer,6.7,670,0,0,0,0,0,0,0,0,0,0,0,0,0,1,0,0,1,0,0,0
11442,13000000,NA,en,Halloween: Resurrection,11.045593,7/1/02,37664855,94,Released,Halloween: Resurrection,4.5,228,0,0,0,0,0,0,0,0,0,0,0,1,0,0,0,0,1,0,0,0
11446,0,NA,en,Welcome to the Dollhouse,5.870319,5/24/95,0,88,Released,Welcome to the Dollhouse,6.9,103,0,0,0,1,0,0,1,0,0,0,0,0,0,0,0,0,0,0,0,0
11451,50000000,NA,en,Herbie Fully Loaded,12.050755,6/22/05,66002004,101,Released,Herbie Fully Loaded,5.1,542,0,1,0,1,0,0,0,1,1,0,0,0,0,0,1,0,0,0,0,0
11452,5000000,NA,en,National Lampoon’s Van Wilder,35.108498,3/29/02,38275483,92,Released,National Lampoon’s Van Wilder,5.9,858,0,0,0,1,0,0,0,0,0,0,0,0,0,0,1,0,0,0,0,0
11453,22000000,NA,en,Deuce Bigalow: European Gigolo,10.259461,8/6/05,22400154,83,Released,Deuce Bigalow: European Gigolo,4.7,225,0,0,0,1,0,0,0,0,0,0,0,0,0,0,0,0,0,0,0,0
11456,75000000,NA,en,Domestic Disturbance,8.41856,10/30/01,54249294,89,Released,Domestic Disturbance,5.4,113,0,0,0,0,1,0,0,0,0,0,0,0,0,1,0,0,1,0,0,0
11457,18000000,NA,en,Life as a House,5.706767,10/25/01,0,125,Released,Life as a House,7.2,120,0,0,0,0,0,0,1,0,0,0,0,0,0,0,0,0,0,0,0,0
11458,20000000,NA,en,People I Know,6.377308,11/21/02,0,100,Released,People I Know,5.5,48,0,0,0,0,0,0,1,0,0,0,0,0,0,0,0,0,1,0,0,0
11459,35000000,http://disney.go.com/disneypictures/skyhigh/,en,Sky High,11.041659,7/29/05,86369815,100,Released,Sky High,5.8,550,0,1,0,1,0,0,0,1,0,0,0,0,0,0,0,0,0,0,0,0
11460,26000000,NA,en,Red Eye,8.802626,8/4/05,57891803,85,Released,Red Eye,6.2,455,0,0,0,0,0,0,0,0,0,0,0,1,0,0,0,0,1,0,0,0
11467,0,NA,en,America's Sweethearts,10.698929,7/17/01,0,102,Released,America's Sweethearts,5.5,252,0,0,0,1,0,0,0,0,0,0,0,0,0,0,1,0,0,0,0,0
11468,18000000,NA,en,Salton Sea,10.991281,1/1/02,676698,103,Released,Salton Sea,7,104,0,0,0,0,0,0,1,0,0,0,0,0,0,1,0,0,1,0,0,0
11469,0,NA,en,Black Knight,15.913783,11/21/01,0,95,Released,Black Knight,5.1,287,0,1,0,1,0,0,0,0,1,0,0,0,0,0,0,0,0,0,0,0
11470,11000000,NA,en,Jason X,11.220643,7/24/01,16951798,91,Released,Jason X,4.5,291,0,0,0,0,0,0,0,0,0,0,0,1,0,0,0,1,0,0,0,0
11478,15000000,NA,en,The Skulls,11.375032,3/31/00,35007180,106,Released,The Skulls,5.8,156,0,0,0,0,1,0,1,0,0,0,0,0,0,0,0,0,1,0,0,0
11495,15000000,NA,en,Firestarter,11.379652,5/11/84,17080167,114,Released,Firestarter,5.9,173,1,0,0,0,0,0,1,0,1,0,0,1,0,0,0,0,1,0,0,0
11499,0,NA,en,Frost/Nixon,16.87784,10/15/08,0,122,Released,Frost/Nixon,7.2,328,0,0,0,0,0,0,1,0,0,0,1,0,0,0,0,0,0,0,0,0
11507,10000000,NA,en,Body Double,9.525626,10/25/84,8801940,114,Released,Body Double,6.4,137,0,0,0,0,1,0,0,0,0,0,0,1,0,1,0,0,1,0,0,0
11509,26000000,NA,en,Silverado,10.981038,7/10/85,0,127,Released,Silverado,7.1,146,1,0,0,0,1,0,1,0,0,0,0,0,0,0,0,0,0,0,0,1
11516,35866397,NA,fr,Le peuple migrateur,3.75074,12/12/01,20217080,98,Released,Winged Migration,7,49,0,0,0,0,0,1,0,0,0,0,0,0,0,0,0,0,0,0,0,0
11517,60000000,NA,en,Money Train,10.004564,11/21/95,35431113,103,Released,Money Train,5.4,222,1,0,0,1,1,0,0,0,0,0,0,0,0,0,0,0,0,0,0,0
11519,35000000,NA,en,1941,10.032626,12/13/79,31755742,113,Released,1941,5.6,143,1,0,0,1,0,0,0,0,0,0,0,0,0,0,0,0,0,0,0,0
11529,30000000,NA,en,Sweet Home Alabama,18.256028,9/26/02,180622424,108,Released,Sweet Home Alabama,6,394,0,0,0,1,0,0,0,0,0,0,0,0,0,0,1,0,0,0,0,0
11531,0,NA,en,Book of Shadows: Blair Witch 2,3.890223,10/27/00,0,90,Released,Book of Shadows: Blair Witch 2,4.3,212,0,0,0,0,0,0,0,0,0,0,0,1,0,1,0,0,1,0,0,0
11535,0,NA,en,Rollerball,9.306253,2/8/02,0,98,Released,Rollerball,3.4,106,1,0,0,0,0,0,0,0,0,0,0,0,0,0,0,1,1,0,0,0
11536,4000000,NA,en,The Misfits,2.930058,1/1/61,82e5,124,Released,The Misfits,6.8,72,1,0,0,0,0,0,1,0,0,0,0,0,0,0,1,0,0,0,0,0
11543,27000000,NA,en,Kingpin,17.329269,7/4/96,25023434,113,Released,Kingpin,6.7,244,0,0,0,1,0,0,0,0,0,0,0,0,0,0,0,0,0,0,0,0
11544,80000000,NA,en,Lilo & Stitch,55.659988,6/21/02,145771527,85,Released,Lilo & Stitch,7.1,1314,0,0,1,0,0,0,0,1,0,0,0,0,0,0,0,0,0,0,0,0
11545,9000000,NA,en,Rushmore,18.289303,9/17/98,17096053,93,Released,Rushmore,7.5,676,0,0,0,1,0,0,1,0,0,0,0,0,0,0,0,0,0,0,0,0
11546,0,NA,en,Police Academy: Mission to Moscow,11.946898,6/9/94,126247,83,Released,Police Academy: Mission to Moscow,4.1,178,0,0,0,1,1,0,0,0,0,0,0,0,0,0,0,0,0,0,0,0
11551,40000000,NA,en,Small Soldiers,23.088571,7/10/98,54682547,110,Released,Small Soldiers,6.2,511,1,1,0,1,0,0,0,0,1,0,0,0,0,0,0,1,0,0,0,0
11560,42000000,NA,en,High Crimes,14.046705,4/3/02,63781810,115,Released,High Crimes,6.1,184,0,0,0,0,1,0,1,0,0,0,0,0,0,1,0,0,1,0,0,0
11561,2000000,NA,en,Sleeper,10.664202,12/17/73,18344729,89,Released,Sleeper,7,200,0,0,0,1,0,0,0,0,0,0,0,0,0,0,1,1,0,0,0,0
11564,4300000,NA,en,Class of 1984,5.643023,8/20/82,0,98,Released,Class of 1984,6.2,66,1,0,0,0,1,0,1,0,0,0,0,1,0,0,0,0,1,0,0,0
11565,40000000,NA,en,Big Momma's House 2,17.61292,1/26/06,138259062,99,Released,Big Momma's House 2,5.4,371,0,0,0,1,1,0,0,0,0,0,0,0,0,0,0,0,0,0,0,0
11576,9400000,NA,en,"It's a Mad, Mad, Mad, Mad World",14.562991,11/7/63,6e7,163,Released,"It's a Mad, Mad, Mad, Mad World",7,140,1,1,0,1,1,0,0,0,0,0,0,0,0,0,0,0,0,0,0,0
11577,4638783,NA,en,Pat Garrett & Billy the Kid,4.495256,5/23/73,11e6,106,Released,Pat Garrett & Billy the Kid,7.2,65,0,0,0,0,0,0,0,0,0,0,0,0,0,0,0,0,0,0,0,1
11583,6000000,NA,en,The First Great Train Robbery,12.434688,1/25/79,0,110,Released,The First Great Train Robbery,6.6,74,0,1,0,0,1,0,1,0,0,0,0,0,0,0,0,0,1,0,0,0
11586,14000000,NA,en,Exorcist II: The Heretic,11.543363,6/17/77,30749142,118,Released,Exorcist II: The Heretic,4.5,133,0,0,0,0,0,0,0,0,1,0,0,1,0,0,0,0,1,0,0,0
11588,8800000,NA,en,The I Inside,3.789485,1/15/04,0,90,Released,The I Inside,5.9,62,0,0,0,0,0,0,0,0,0,0,0,0,0,1,0,1,1,0,0,0
11592,13000000,NA,en,Serial Mom,6.170139,4/13/94,7820688,95,Released,Serial Mom,6.4,135,0,0,0,1,1,0,0,0,0,0,0,1,0,0,0,0,1,0,0,0
11596,14000000,NA,en,New Nightmare,14.730796,10/13/94,18090181,112,Released,New Nightmare,6.4,291,0,0,0,0,0,0,0,0,1,0,0,1,0,1,0,0,1,0,0,0
11598,600000,NA,en,The Kentucky Fried Movie,10.861167,8/10/77,0,83,Released,The Kentucky Fried Movie,6.4,66,0,0,0,1,0,0,0,0,0,0,0,0,0,0,0,0,0,0,0,0
11600,5000000,NA,en,Redacted,3.792015,1/1/07,782102,90,Released,Redacted,6.2,37,0,0,0,0,0,0,1,0,0,0,0,0,0,0,0,0,0,0,1,0
11601,12000000,NA,en,Stir of Echoes,6.044161,9/10/99,21133087,99,Released,Stir of Echoes,6.5,330,0,0,0,0,0,0,0,0,0,0,0,1,0,1,0,0,1,0,0,0
11615,50000000,NA,en,The Life of David Gale,22.442241,2/21/03,38955598,130,Released,The Life of David Gale,7.3,480,0,0,0,0,1,0,1,0,0,0,0,0,0,0,0,0,1,0,0,0
11618,80000000,NA,en,The Haunting,19.375768,7/23/99,91188905,113,Released,The Haunting,5.2,369,0,0,0,0,0,0,0,0,1,0,0,1,0,1,0,0,1,0,0,0
11619,149000000,http://www.dreamworksanimation.com/flushed/,en,Flushed Away,22.550135,10/22/06,64459316,85,Released,Flushed Away,6,874,0,1,1,1,0,0,0,1,0,0,0,0,0,0,0,0,0,0,0,0
11620,8250000,NA,en,Quo Vadis,7.973109,11/8/51,3e7,171,Released,Quo Vadis,7,63,0,0,0,0,0,0,1,0,0,0,1,0,0,0,1,0,0,0,0,0
11622,35000000,NA,en,Blast from the Past,8.737058,2/12/99,40263020,112,Released,Blast from the Past,6.3,245,0,0,0,1,0,0,0,0,0,0,0,0,0,0,1,0,0,0,0,0
11624,2000000,NA,en,Everything You Always Wanted to Know About Sex *But Were Afraid to Ask,13.223111,8/6/72,18016290,88,Released,Everything You Always Wanted to Know About Sex *But Were Afraid to Ask,6.6,215,0,0,0,1,0,0,0,0,0,0,0,0,0,0,0,0,0,0,0,0
11631,52000000,NA,en,Mamma Mia!,30.780599,7/3/08,609841637,108,Released,Mamma Mia!,6.4,1386,0,0,0,1,0,0,0,0,0,0,0,0,0,0,1,0,0,0,0,0
11632,23000000,NA,en,Vanity Fair,6.618149,9/1/04,16123851,141,Released,Vanity Fair,5.5,73,0,0,0,0,0,0,1,0,0,0,0,0,0,0,1,0,0,0,0,0
11635,24000000,http://www.oldschool-themovie.com,en,Old School,24.70166,2/21/03,87055349,91,Released,Old School,6.6,541,0,0,0,1,0,0,0,0,0,0,0,0,0,0,0,0,0,0,0,0
11637,32000000,NA,en,Are We There Yet?,13.590677,1/20/05,97918663,95,Released,Are We There Yet?,5.2,221,0,1,0,1,0,0,0,1,0,0,0,0,0,0,1,0,0,0,0,0
11638,35000000,NA,en,Guess Who,3.74263,3/25/05,68915888,105,Released,Guess Who,5.5,225,0,0,0,1,0,0,0,0,0,0,0,0,0,0,1,0,0,0,0,0
11644,18000000,NA,en,Blow Out,13.628601,7/24/81,12e6,108,Released,Blow Out,7.3,236,0,0,0,0,0,0,1,0,0,0,0,0,0,1,0,0,1,0,0,0
11648,30000000,http://www2.warnerbros.com/mustlovedogs/,en,Must Love Dogs,11.120167,7/21/05,58405313,98,Released,Must Love Dogs,5.8,140,0,0,0,1,0,0,0,0,0,0,0,0,0,0,1,0,0,0,0,0
11658,0,NA,ko,태극기 휘날리며,9.572705,2/5/04,15,140,Released,Tae Guk Gi: The Brotherhood of War,7.4,133,1,1,0,0,0,0,1,0,0,0,1,0,0,0,0,0,0,0,1,0
11661,22000000,NA,fr,Joyeux Noël,13.960945,11/9/05,17709155,116,Released,Joyeux Noël,7.2,212,0,0,0,0,0,0,1,0,0,0,1,0,1,0,1,0,0,0,1,0
11665,80000000,http://getsmartmovie.warnerbros.com/,en,Get Smart,23.496054,6/19/08,230685453,110,Released,Get Smart,6,1051,1,0,0,1,0,0,0,0,0,0,0,0,0,0,0,0,1,0,0,0
11667,35000000,NA,en,Street Fighter,19.286099,12/22/94,99423521,102,Released,Street Fighter,4.1,325,1,1,0,0,0,0,0,0,0,0,0,0,0,0,0,0,1,0,0,0
11676,25000000,NA,en,Nothing to Lose,8.618208,7/18/97,0,97,Released,Nothing to Lose,6.3,174,1,1,0,1,0,0,0,0,0,0,0,0,0,0,0,0,0,0,0,0
11678,75000000,https://www.epicbuzz.net/movies/vertical-limit,en,Vertical Limit,13.318744,12/8/00,215663859,124,Released,Vertical Limit,5.9,283,1,1,0,0,0,0,0,0,0,0,0,0,0,0,0,0,1,0,0,0
11679,60000000,http://www.sonypictures.com/movies/xxxstateoftheunion/,en,xXx: State of the Union,36.689223,4/27/05,71073932,101,Released,xXx: State of the Union,4.7,549,1,1,0,0,1,0,1,0,0,0,0,0,0,1,0,0,1,0,0,0
11683,15000000,NA,en,Land of the Dead,15.262492,6/24/05,46770602,93,Released,Land of the Dead,6,381,0,0,0,0,0,0,0,0,0,0,0,1,0,0,0,0,0,0,0,0
11687,0,NA,fr,Les visiteurs,8.893676,1/27/93,0,107,Released,The Visitors,7.1,420,0,0,0,1,0,0,0,0,1,0,0,0,0,0,0,1,0,0,0,0
11688,100000000,NA,en,The Emperor's New Groove,51.113717,12/9/00,169327687,78,Released,The Emperor's New Groove,7.2,1490,0,1,1,1,0,0,0,1,1,0,0,0,0,0,0,0,0,0,0,0
11690,1500000,NA,en,Bloodsport,17.49699,2/26/88,11806119,92,Released,Bloodsport,6.6,363,1,0,0,0,0,0,0,0,0,0,0,0,0,0,0,0,0,0,0,0
11692,100000000,NA,en,The Adventures of Pluto Nash,12.092241,8/15/02,7103973,95,Released,The Adventures of Pluto Nash,4.4,142,1,0,0,1,0,0,0,0,0,0,0,0,0,0,0,1,0,0,0,0
11697,3200000,NA,en,The Man Who Shot Liberty Valance,11.735287,4/22/62,8e6,123,Released,The Man Who Shot Liberty Valance,7.4,265,0,0,0,0,0,0,0,0,0,0,0,0,0,0,0,0,0,0,0,1
11699,25000000,NA,en,The Bad Lieutenant: Port of Call - New Orleans,17.339852,9/11/09,10589102,122,Released,The Bad Lieutenant: Port of Call - New Orleans,6,326,0,0,0,0,1,0,1,0,0,0,0,0,0,0,0,0,0,0,0,0
11702,30000000,NA,en,The Replacement Killers,9.607391,2/6/98,19204929,87,Released,The Replacement Killers,6,127,1,0,0,0,1,0,1,0,0,0,0,0,0,0,0,0,1,0,0,0
11770,0,NA,cn,少林足球,17.54768,7/12/01,42776760,113,Released,Shaolin Soccer,6.6,491,1,0,0,1,0,0,0,0,0,0,0,0,0,0,0,0,0,0,0,0
11775,60000000,NA,en,Intolerable Cruelty,22.620125,9/2/03,119940815,100,Released,Intolerable Cruelty,5.8,391,0,0,0,1,1,0,0,0,0,0,0,0,0,0,1,0,0,0,0,0
11778,15000000,NA,en,The Deer Hunter,19.786392,12/8/78,5e7,183,Released,The Deer Hunter,7.8,921,0,0,0,0,0,0,1,0,0,0,0,0,0,0,0,0,0,0,1,0
11780,28000000,NA,en,Rob Roy,10.703456,4/13/95,31596911,139,Released,Rob Roy,6.5,148,0,1,0,0,0,0,0,0,0,0,0,0,0,0,0,0,0,0,0,0
11798,2380000,http://www.thisisenglandmovie.co.uk/,en,This Is England,8.395624,9/12/06,8176544,101,Released,This Is England,7.4,363,0,0,0,0,1,0,1,0,0,0,0,0,0,0,0,0,0,0,0,0
11802,37000000,http://www.spacechimpspower.com/,en,Space Chimps,6.293217,7/17/08,63800345,81,Released,Space Chimps,5.2,99,0,0,1,0,0,0,0,1,0,0,0,0,0,0,0,0,0,0,0,0
11804,10000000,NA,en,White Noise,14.447723,1/7/05,91196419,101,Released,White Noise,5.6,261,0,0,0,0,0,0,1,0,0,0,0,1,0,0,0,0,1,0,0,0
11812,43000000,http://www.sonypictures.com/movies/thesweetestthing/,en,The Sweetest Thing,18.65632,4/12/02,68696770,84,Released,The Sweetest Thing,5.3,280,0,0,0,1,0,0,0,0,0,0,0,0,0,0,1,0,0,0,0,0
11817,52000000,NA,en,Bulletproof Monk,15.20707,3/28/03,0,104,Released,Bulletproof Monk,5.1,278,1,0,0,1,0,0,0,0,1,0,0,0,0,0,0,0,0,0,0,0
11818,10000000,NA,tr,Kurtlar vadisi - Irak,1.465762,2/3/06,0,122,Released,Valley of the Wolves: Iraq,4.3,7,1,1,0,0,0,0,1,0,0,0,0,0,0,0,0,0,0,0,0,0
11820,65000000,NA,en,Mona Lisa Smile,19.718544,12/19/03,0,117,Released,Mona Lisa Smile,6.5,393,0,0,0,0,0,0,1,0,0,0,0,0,0,0,1,0,0,0,0,0
11823,31000000,NA,en,Wimbledon,16.736734,9/13/04,41512007,98,Released,Wimbledon,6,293,0,0,0,1,0,0,0,0,0,0,0,0,0,0,1,0,0,0,0,0
11826,5000000,NA,en,Sexy Beast,11.21273,9/13/00,0,89,Released,Sexy Beast,7,217,0,0,0,0,1,0,1,0,0,0,0,0,0,0,0,0,1,0,0,0
11827,9300000,NA,en,Heavy Metal,12.928269,8/7/81,0,90,Released,Heavy Metal,6.2,148,0,0,1,0,0,0,0,0,0,0,0,0,0,0,0,1,0,0,0,0
11831,36000000,NA,en,Amistad,3.698276,12/3/97,74e6,155,Released,Amistad,6.8,316,0,0,0,0,0,0,1,0,0,0,1,0,0,1,0,0,0,0,0,0
11835,20000000,NA,en,Death Sentence,12.643703,8/31/07,16974459,105,Released,Death Sentence,6.5,297,1,0,0,0,1,0,1,0,0,0,0,0,0,0,0,0,1,0,0,0
11836,30000000,NA,en,The SpongeBob SquarePants Movie,27.870755,11/14/04,140161792,87,Released,The SpongeBob SquarePants Movie,6.7,574,0,0,1,1,0,0,0,1,0,0,0,0,0,0,0,0,0,0,0,0
11843,5000000,NA,en,The Return of the Pink Panther,6.470766,5/21/75,41833347,113,Released,The Return of the Pink Panther,6.7,137,0,0,0,1,0,0,0,0,0,0,0,0,0,0,0,0,0,0,0,0
11858,40000000,NA,en,Renaissance Man,4.516953,6/3/94,24332324,128,Released,Renaissance Man,5.9,81,0,0,0,1,0,0,0,0,0,0,0,0,0,0,0,0,0,0,1,0
11863,50000000,NA,en,Jade,8.189406,10/13/95,9851610,95,Released,Jade,5.2,44,1,0,0,0,0,0,0,0,0,0,0,0,0,1,1,0,1,0,0,0
11866,45000000,NA,en,Flight of the Phoenix,20.374308,12/17/04,21009180,113,Released,Flight of the Phoenix,5.7,276,1,1,0,0,0,0,1,0,0,0,0,0,0,0,0,0,1,0,0,0
11870,15000000,NA,en,Big Fat Liar,9.125594,2/8/02,52970014,88,Released,Big Fat Liar,5.6,197,0,0,0,1,0,0,0,1,0,0,0,0,0,0,0,0,0,0,0,0
11873,13800000,NA,en,The Color of Money,17.3393,10/7/86,52293982,119,Released,The Color of Money,6.7,291,0,0,0,0,0,0,1,0,0,0,0,0,0,0,0,0,0,0,0,0
11876,35000000,NA,en,Le Hussard sur le toit,2.877488,9/20/95,15e6,135,Released,The Horseman on the Roof,6.7,25,0,1,0,0,0,0,1,0,0,0,0,0,0,0,1,0,0,0,1,0
11887,0,http://disney.go.com/disneypictures/highschoolmusical3,en,High School Musical 3: Senior Year,21.801188,10/22/08,0,116,Released,High School Musical 3: Senior Year,6.2,821,0,0,0,1,0,0,1,1,0,0,0,0,1,0,1,0,0,0,0,0
11888,33000000,NA,en,Snow Dogs,13.655735,1/18/02,0,99,Released,Snow Dogs,5.3,185,0,1,0,1,0,0,0,1,0,0,0,0,0,0,0,0,0,0,0,0
11889,0,NA,en,Iris,2.714043,12/14/01,0,91,Released,Iris,6.2,47,0,0,0,0,0,0,1,0,0,0,0,0,0,0,1,0,0,0,0,0
11891,0,NA,en,Kung Pow: Enter the Fist,8.288813,1/25/02,0,81,Released,Kung Pow: Enter the Fist,6.1,159,1,0,0,1,0,0,0,0,0,0,0,0,0,0,0,0,0,0,0,0
11892,50000000,NA,en,Murder by Numbers,16.167093,4/19/02,56714147,120,Released,Murder by Numbers,6,268,0,0,0,0,1,0,1,0,0,0,0,0,0,0,0,0,1,0,0,0
11901,5500000,NA,en,High Plains Drifter,19.127239,4/19/73,157e5,105,Released,High Plains Drifter,7.4,278,0,0,0,0,0,0,0,0,0,0,0,0,0,0,0,0,0,0,0,1
11904,18000000,NA,en,Young Sherlock Holmes,8.321586,12/4/85,0,109,Released,Young Sherlock Holmes,6.7,167,1,1,0,0,1,0,1,1,0,0,0,0,0,1,0,0,1,0,0,0
11908,0,http://www.hatchetmovie.com/,en,Hatchet,12.677016,4/27/06,0,83,Released,Hatchet,5.7,159,0,0,0,1,0,0,0,0,0,0,0,1,0,0,0,0,0,0,0,0
11917,10800000,NA,en,Saw V,32.943848,10/23/08,113857533,92,Released,Saw V,5.9,820,0,0,0,0,1,0,0,0,0,0,0,1,0,0,0,0,1,0,0,0
11918,35000000,NA,en,Superhero Movie,19.088655,3/27/08,25871834,85,Released,Superhero Movie,4.9,379,1,0,0,1,0,0,0,0,0,0,0,0,0,0,0,1,0,0,0,0
11932,25000000,NA,en,Bride of Chucky,14.340095,10/16/98,50671850,89,Released,Bride of Chucky,5.5,350,0,0,0,1,0,0,0,0,0,0,0,1,0,0,0,0,0,0,0,0
11934,30000000,NA,en,The Hudsucker Proxy,14.188982,3/11/94,0,111,Released,The Hudsucker Proxy,7.1,275,0,0,0,1,0,0,1,0,0,0,0,0,0,0,0,0,0,0,0,0
11935,5000000,NA,en,Capricorn One,11.095219,12/10/77,0,123,Released,Capricorn One,6.4,131,1,0,0,0,0,0,1,0,0,0,0,0,0,0,0,1,1,0,0,0
11954,25000000,NA,en,Lifeforce,12.18362,6/20/85,0,116,Released,Lifeforce,6.2,135,0,0,0,0,0,0,0,0,1,0,0,1,0,0,0,1,1,0,0,0
11956,0,NA,fr,Chacun Cherche Son Chat,1.410387,4/3/96,0,91,Released,When the Cat's Away,6.1,16,0,0,0,1,0,0,0,0,0,0,0,0,0,0,0,0,0,0,0,0
11959,5000000,NA,en,UHF,4.070044,7/21/89,0,97,Released,UHF,6.7,89,0,0,0,1,0,0,0,0,0,0,0,0,0,0,0,0,0,0,0,0
11967,13000000,NA,en,Young Guns,9.499325,8/12/88,44726644,107,Released,Young Guns,6.6,258,1,1,0,0,1,0,1,0,0,0,0,0,0,0,0,0,0,0,0,1
11968,50000000,NA,en,Into the Blue,14.723467,9/30/05,44434439,110,Released,Into the Blue,5.8,458,1,1,0,0,1,0,0,0,0,0,0,0,0,0,0,0,1,0,0,0
11969,25000000,NA,en,Tombstone,30.537845,12/25/93,56505065,130,Released,Tombstone,7.4,626,1,1,0,0,0,0,1,0,0,0,1,0,0,0,0,0,0,0,0,1
11971,8000000,NA,en,Much Ado About Nothing,10.19377,5/7/93,0,111,Released,Much Ado About Nothing,7.2,189,0,0,0,1,0,0,1,0,0,0,0,0,0,0,1,0,0,0,0,0
11973,80000000,NA,en,Thirteen Days,18.26121,12/24/00,34566746,145,Released,Thirteen Days,6.9,189,0,0,0,0,0,0,1,0,0,0,0,0,0,0,0,0,1,0,0,0
11975,40000000,NA,en,The Rainmaker,12.229516,11/18/97,45916769,135,Released,The Rainmaker,6.7,235,0,0,0,0,1,0,1,0,0,0,0,0,0,0,0,0,1,0,0,0
11977,6000000,NA,en,Caddyshack,15.929648,7/25/80,39846344,98,Released,Caddyshack,6.6,365,0,0,0,1,0,0,0,0,0,0,0,0,0,0,0,0,0,0,0,0
11978,32000000,NA,en,Men of Honor,24.147269,9/13/00,48814909,129,Released,Men of Honor,7,544,0,0,0,0,0,0,1,0,0,0,0,0,0,0,0,0,0,0,0,0
11979,35000000,NA,en,Queen of the Damned,11.644243,2/10/02,45479110,101,Released,Queen of the Damned,5.4,239,0,0,0,0,0,0,1,0,1,0,0,1,0,0,0,0,0,0,0,0
11980,8,NA,en,The Prophecy,11.818333,9/1/95,16,98,Released,The Prophecy,6.4,138,0,0,0,0,0,0,0,0,1,0,0,1,0,0,0,0,1,0,0,0
11983,65000000,NA,en,Proof of Life,14.866901,12/8/00,0,135,Released,Proof of Life,6,208,1,1,0,0,0,0,1,0,0,0,0,0,0,0,1,0,1,0,0,0
12079,2000000,NA,en,Spun,6.249262,6/1/02,0,101,Released,Spun,6.6,132,0,0,0,1,1,0,1,0,0,0,0,0,0,0,0,0,0,0,0,0
12085,0,NA,en,Mad Money,6.847133,1/17/08,0,104,Released,Mad Money,5.9,140,1,0,0,1,1,0,0,0,0,0,0,0,0,0,0,0,0,0,0,0
12088,8000000,NA,en,Fortress,8.708229,9/30/92,6739141,95,Released,Fortress,5.7,168,1,0,0,0,0,0,0,0,0,0,0,0,0,0,0,1,1,0,0,0
12090,18000000,NA,en,Just Married,18.47518,1/9/03,101564935,95,Released,Just Married,5.3,404,0,0,0,1,0,0,0,0,0,0,0,0,0,0,0,0,0,0,0,0
12093,0,NA,sv,Lilja 4-Ever,7.759215,8/23/02,0,109,Released,Lilya 4-ever,7.7,139,0,0,0,0,1,0,1,0,0,0,0,0,0,0,0,0,0,0,0,0
12094,11000000,NA,en,Jackass Number Two,11.227087,9/22/06,72778712,95,Released,Jackass Number Two,6.4,298,1,0,0,1,0,1,0,0,0,0,0,0,0,0,0,0,0,0,0,0
12096,0,NA,en,The Pink Panther,25.450534,1/18/06,0,93,Released,The Pink Panther,5.6,550,1,0,0,1,1,0,0,1,0,0,0,0,0,1,0,0,0,0,0,0
12100,115000000,NA,en,Windtalkers,18.714197,6/14/02,77628265,134,Released,Windtalkers,5.8,341,1,0,0,0,0,0,1,0,0,0,1,0,0,0,0,0,0,0,1,0
12103,50000000,NA,en,Don't Say a Word,11.596207,9/28/01,100020092,113,Released,Don't Say a Word,6,220,0,0,0,0,0,0,0,0,0,0,0,0,0,0,0,0,1,0,0,0
12106,32000000,NA,en,The Quick and the Dead,16.473355,2/9/95,18552460,107,Released,The Quick and the Dead,6.3,427,1,0,0,0,0,0,0,0,0,0,0,0,0,0,0,0,0,0,0,1
12107,84000000,NA,en,Nutty Professor II: The Klumps,17.783361,7/27/00,123307945,106,Released,Nutty Professor II: The Klumps,4.7,332,0,0,0,1,0,0,0,0,1,0,0,0,0,0,1,1,0,0,0,0
12109,2000000,NA,en,It's All Gone Pete Tong,3.911445,9/12/04,120620,90,Released,It's All Gone Pete Tong,7.1,52,0,0,0,1,0,0,1,0,0,0,0,0,1,0,0,0,0,0,0,0
12113,70000000,http://wwws.warnerbros.co.uk/bodyoflies/,en,Body of Lies,37.507136,10/10/08,113280098,128,Released,Body of Lies,6.5,895,1,0,0,0,0,0,1,0,0,0,0,0,0,0,0,0,1,0,0,0
12117,80000000,NA,en,Instinct,7.386394,6/4/99,0,126,Released,Instinct,6.2,146,0,0,0,0,0,0,1,0,0,0,0,0,0,1,0,0,1,0,0,0
12120,20000000,NA,en,My Stepmother is an Alien,9.455596,12/9/88,13854e3,108,Released,My Stepmother is an Alien,5.3,131,0,0,0,1,0,0,0,0,0,0,0,0,0,0,0,1,0,0,0,0
12123,50000000,NA,en,Chain Reaction,20.58862,8/2/96,60209334,107,Released,Chain Reaction,5.3,284,1,0,0,0,0,0,1,0,0,0,0,0,0,0,0,1,1,0,0,0
12133,65000000,NA,en,Step Brothers,22.977983,7/25/08,128107642,98,Released,Step Brothers,6.5,1062,0,0,0,1,0,0,0,0,0,0,0,0,0,0,0,0,0,0,0,0
12138,62000000,NA,en,3000 Miles to Graceland,11.262655,2/23/01,18720175,125,Released,3000 Miles to Graceland,5.8,178,1,1,0,1,1,0,0,0,0,0,0,0,0,0,0,0,1,0,0,0
12142,20000000,NA,en,Alone in the Dark,9.292987,1/28/05,10442808,96,Released,Alone in the Dark,3.1,173,1,0,0,0,0,0,0,0,1,0,0,1,0,0,0,0,1,0,0,0
12144,12300000,NA,en,The Land Before Time,28.670193,11/18/88,84460846,69,Released,The Land Before Time,7,640,0,1,1,0,0,0,0,1,0,0,0,0,0,0,0,0,0,0,0,0
12149,11000000,NA,en,Frailty,16.003958,11/17/01,13110448,100,Released,Frailty,7,334,0,0,0,0,1,0,1,0,0,0,0,0,0,0,0,0,1,0,0,0
12150,19000000,NA,en,Sea of Love,11.47316,9/15/89,110879513,113,Released,Sea of Love,6.7,141,0,0,0,0,1,0,1,0,0,0,0,0,0,1,0,0,0,0,0,0
12153,37000000,NA,en,White Chicks,28.703007,6/23/04,113086475,109,Released,White Chicks,6.3,679,0,0,0,1,0,0,0,0,0,0,0,0,0,0,0,0,0,0,0,0
12154,0,NA,es,Three Men and a Baby,12.335827,11/27/87,0,102,Released,Three Men and a Baby,5.8,253,0,0,0,1,0,0,1,1,0,0,0,0,0,0,0,0,0,0,0,0
12155,200000000,http://disney.go.com/wonderland/,en,Alice in Wonderland,78.530105,3/3/10,1025491110,108,Released,Alice in Wonderland,6.4,4645,0,1,0,0,0,0,0,1,1,0,0,0,0,0,0,0,0,0,0,0
12158,14000000,NA,en,Vampire in Brooklyn,6.772615,10/27/95,198e5,100,Released,Vampire in Brooklyn,4.5,111,0,0,0,1,0,0,0,0,0,0,0,1,0,0,1,0,0,0,0,0
12159,85000000,NA,en,What Dreams May Come,21.891078,10/2/98,71485043,113,Released,What Dreams May Come,6.8,577,0,0,0,0,0,0,1,0,1,0,0,0,0,0,1,0,0,0,0,0
12160,63000000,NA,en,Wyatt Earp,13.859307,6/24/94,25052e3,191,Released,Wyatt Earp,6.5,202,1,0,0,0,0,0,1,0,0,0,0,0,0,0,0,0,0,0,0,1
12162,15000000,http://www.thehurtlocker-movie.com/,en,The Hurt Locker,47.006162,10/10/08,42e6,131,Released,The Hurt Locker,7.2,1840,0,0,0,0,0,0,1,0,0,0,0,0,0,0,0,0,1,0,1,0
12163,6000000,http://www.thewrestlermovie.com/,en,The Wrestler,40.196514,9/7/08,44703995,109,Released,The Wrestler,7.3,1000,0,0,0,0,0,0,1,0,0,0,0,0,0,0,1,0,0,0,0,0
12177,62000000,http://www.lovegurumovie.com/,en,The Love Guru,13.218008,6/20/08,41819064,87,Released,The Love Guru,4.3,242,0,0,0,1,0,0,0,0,0,0,0,0,0,0,1,0,0,0,0,0
12182,9000000,NA,en,Nick and Norah's Infinite Playlist,20.452449,10/3/08,32973937,89,Released,Nick and Norah's Infinite Playlist,6.4,379,0,0,0,1,0,0,0,0,0,0,0,0,1,0,1,0,0,0,0,0
12183,0,NA,en,The Wendell Baker Story,1.265683,8/3/05,0,99,Released,The Wendell Baker Story,5.2,16,0,0,0,1,0,0,1,0,0,0,0,0,0,0,1,0,0,0,0,0
12184,35000000,NA,en,The Other Boleyn Girl,22.939557,2/28/08,0,115,Released,The Other Boleyn Girl,6.4,477,0,0,0,0,0,0,1,0,0,0,0,0,0,0,0,0,0,0,0,0
12192,8000000,NA,en,Pathology,9.782433,4/11/08,0,95,Released,Pathology,5.6,144,0,0,0,0,1,0,0,0,0,0,0,1,0,0,0,0,1,0,0,0
12193,80000000,NA,en,Four Christmases,19.500893,11/26/08,163733697,88,Released,Four Christmases,5.3,331,0,0,0,1,0,0,1,0,0,0,0,0,0,0,1,0,0,0,0,0
12201,80000000,NA,en,Edge of Darkness,24.657931,1/29/10,74901339,117,Released,Edge of Darkness,6.2,487,0,0,0,0,1,0,1,0,0,0,0,0,0,1,0,0,1,0,0,0
12207,0,NA,cn,醉拳二,15.046612,2/3/94,0,102,Released,The Legend of Drunken Master,7.2,242,1,0,0,1,0,0,0,0,0,0,0,0,0,0,0,0,0,0,0,0
12211,25000000,NA,en,Highlander: Endgame,11.782725,9/1/00,15843608,87,Released,Highlander: Endgame,4.4,104,1,0,0,0,0,0,0,0,1,0,0,0,0,0,0,1,0,0,0,0
12212,14000000,NA,en,Urban Legends: Final Cut,8.885017,9/19/00,38574362,97,Released,Urban Legends: Final Cut,4.4,100,0,0,0,0,0,0,0,0,0,0,0,1,0,0,0,0,0,0,0,0
12220,50000000,NA,en,The Story of Us,6.22577,10/13/99,58900031,95,Released,The Story of Us,5.9,75,0,0,0,1,0,0,1,0,0,0,0,0,0,0,1,0,0,0,0,0
12227,14000000,NA,en,White Fang,13.13724,1/18/91,34793160,NA,Released,White Fang,6.5,135,1,1,0,0,0,0,1,1,0,0,0,0,0,0,0,0,0,0,0,0
12228,2000000,NA,en,Inside Deep Throat,3.980072,2/11/05,653621,92,Released,Inside Deep Throat,6.8,31,0,0,0,0,0,1,0,0,0,0,1,0,0,0,0,0,0,0,0,0
12244,30000000,NA,en,9,55.806402,8/19/09,48428063,79,Released,9,6.6,1262,1,1,1,0,0,0,0,0,0,0,0,0,0,0,0,1,1,0,0,0
12245,14100000,NA,en,The Oxford Murders,9.318033,1/18/08,0,107,Released,The Oxford Murders,5.7,188,0,0,0,0,1,0,0,0,0,0,0,0,0,1,0,0,1,0,0,0
12246,18000000,NA,ru,Монгол,10.1449,9/20/07,26527510,120,Released,Mongol: The Rise of Genghis Khan,6.5,158,0,0,0,0,0,0,0,0,0,0,1,0,0,0,0,0,0,0,0,0
12247,0,http://www.shotgunstories.com/,en,Shotgun Stories,5.251143,10/1/07,0,92,Released,Shotgun Stories,6.9,57,0,0,0,0,0,0,1,0,0,0,0,0,0,0,0,0,1,0,0,0
12257,15000000,NA,en,Home Fries,3.033471,11/25/98,10443316,93,Released,Home Fries,4.8,32,0,0,0,1,0,0,1,0,0,0,0,0,0,0,1,0,0,0,0,0
12271,7000000,NA,en,Factory Girl,11.400229,12/29/06,0,90,Released,Factory Girl,6.2,81,0,0,0,0,0,0,1,0,0,0,0,0,0,0,0,0,0,0,0,0
12277,25000000,NA,en,Undercover Brother,6.086083,5/31/02,41604473,86,Released,Undercover Brother,5.5,112,1,0,0,1,0,0,0,0,0,0,0,0,0,0,0,0,0,0,0,0
12279,38000000,NA,en,Spy Kids 3-D: Game Over,21.998734,7/25/03,197011982,84,Released,Spy Kids 3-D: Game Over,4.7,511,1,1,0,1,0,0,0,1,0,0,0,0,0,0,0,1,0,0,0,0
12281,500000,http://www.meancreekmovie.com/,en,Mean Creek,8.519202,1/15/04,603943,90,Released,Mean Creek,6.9,106,0,0,0,0,1,0,1,0,0,0,0,0,0,0,0,0,0,0,0,0
12289,80341000,http://www.redclifffilm.com,zh,Chi bi,14.8375,7/10/08,127814609,150,Released,Red Cliff,7.1,205,1,1,0,0,0,0,1,0,0,0,0,0,0,0,0,0,0,0,0,0
12312,38000000,NA,en,Joe Somebody,5.257009,12/21/01,0,99,Released,Joe Somebody,5.5,40,0,0,0,1,0,0,0,0,0,0,0,0,0,0,0,0,0,0,0,0
12400,7000000,NA,en,Redbelt,5.091253,4/7/08,0,99,Released,Redbelt,6.4,76,0,0,0,0,0,0,1,0,0,0,0,0,0,0,0,0,0,0,0,0
12403,14000000,NA,en,A Perfect Getaway,20.792603,6/8/09,22852638,98,Released,A Perfect Getaway,6.2,351,0,1,0,0,0,0,0,0,0,0,0,0,0,1,0,0,1,0,0,0
12404,25000000,NA,en,Me and Orson Welles,3.593165,11/25/09,2336172,114,Released,Me and Orson Welles,6.6,49,0,0,0,1,0,0,1,0,0,0,0,0,0,0,1,0,0,0,0,0
12405,15000000,http://www.foxsearchlight.com/slumdogmillionaire,en,Slumdog Millionaire,59.258969,5/12/08,377910544,NA,Released,Slumdog Millionaire,7.6,2827,0,0,0,0,0,0,1,0,0,0,0,0,0,0,1,0,0,0,0,0
12410,0,NA,en,Good,2.397987,12/11/08,0,96,Released,Good,6.3,29,0,0,0,0,0,0,1,0,0,0,0,0,0,0,0,0,0,0,0,0
12412,45000000,NA,en,Miracle at St. Anna,11.387408,9/15/08,9323833,160,Released,Miracle at St. Anna,6.3,90,0,0,0,0,0,0,1,0,0,0,0,0,0,0,0,0,0,0,1,0
12429,41677699,NA,ja,崖の上のポニョ,39.58676,7/19/08,187479518,100,Released,Ponyo,7.5,926,0,0,1,0,0,0,0,1,0,0,0,0,0,0,0,0,0,0,0,0
12437,35000000,NA,en,Underworld: Rise of the Lycans,51.927471,1/22/09,91353501,92,Released,Underworld: Rise of the Lycans,6.2,1428,1,1,0,0,0,0,0,0,1,0,0,0,0,0,0,1,1,0,0,0
12454,9000000,NA,en,All or Nothing,2.872281,5/17/02,0,128,Released,All or Nothing,7,33,0,0,0,1,0,0,1,0,0,0,0,0,0,0,0,0,0,0,0,0
12479,12000000,NA,en,Breakfast of Champions,2.695896,2/13/99,0,110,Released,Breakfast of Champions,5.2,28,0,0,0,1,0,0,0,0,0,0,0,0,0,0,0,0,0,0,0,0
12484,5000000,NA,en,The Forsaken,2.739307,4/27/01,0,90,Released,The Forsaken,4.9,47,1,1,0,0,0,0,0,0,0,0,0,1,0,0,0,0,1,0,0,0
12486,0,NA,en,Farce of the Penguins,1.963219,12/1/06,0,80,Released,Farce of the Penguins,3.2,13,0,0,0,1,0,1,0,0,0,0,0,0,0,0,0,0,0,0,0,0
12498,1000000,NA,en,Sling Blade,14.805264,8/30/96,24475416,135,Released,Sling Blade,7.4,231,0,0,0,0,0,0,1,0,0,0,0,0,0,0,0,0,0,0,0,0
12506,0,NA,en,Cry Freedom,3.735723,11/5/87,0,157,Released,Cry Freedom,6.9,51,0,0,0,0,0,0,1,0,0,0,0,0,0,0,0,0,0,0,0,0
12508,57000000,NA,en,Rock Star,11.60815,9/4/01,16991902,105,Released,Rock Star,6,190,0,0,0,1,0,0,1,0,0,0,0,0,1,0,0,0,0,0,0,0
12509,0,NA,en,Pollock,8.483531,9/6/00,0,122,Released,Pollock,6.6,91,0,0,0,0,0,0,1,0,0,0,0,0,0,0,1,0,0,0,0,0
12535,3400000,NA,en,High Anxiety,5.690619,12/25/77,31063038,94,Released,High Anxiety,6.5,84,0,0,0,1,0,0,0,0,0,0,0,0,1,0,0,0,0,0,0,0
12555,0,http://www.anglickykral.cz/,cs,Obsluhoval jsem anglického krále,2.387463,12/19/06,0,120,Released,I Served the King of England,7,22,0,0,0,1,0,0,1,0,0,0,0,0,0,0,0,0,0,0,0,0
12569,8000000,http://www.extract-the-movie.com/,en,Extract,14.652342,9/3/09,10848783,92,Released,Extract,5.7,192,0,0,0,1,0,0,0,0,0,0,0,0,0,0,0,0,0,0,0,0
12573,7000000,NA,en,A Serious Man,23.612409,10/2/09,31430334,105,Released,A Serious Man,6.6,483,0,0,0,1,0,0,1,0,0,0,0,0,0,0,0,0,0,0,0,0
12586,0,NA,en,Bella,1.814802,9/9/06,0,91,Released,Bella,6.7,37,0,0,0,0,0,0,1,0,0,0,0,0,0,0,1,0,0,0,0,0
12589,25000000,NA,en,Jimmy Neutron: Boy Genius,12.739721,12/21/01,80936232,83,Released,Jimmy Neutron: Boy Genius,5.6,231,1,1,1,1,0,0,0,1,1,0,0,0,0,0,0,1,0,0,0,0
12596,33000000,NA,en,Pushing Tin,9.060642,4/23/99,0,124,Released,Pushing Tin,5.7,116,0,0,0,1,0,0,1,0,0,0,0,0,0,0,0,0,0,0,0,0
12602,0,NA,de,Die Schlangengrube und das Pendel,1.296784,10/5/67,0,NA,Released,The Torture Chamber of Dr. Sadism,6.3,12,0,0,0,0,0,0,0,0,0,0,1,1,0,1,0,0,0,0,0,0
12610,75000000,http://www.osmosisjones.com/,en,Osmosis Jones,10.54544,8/7/01,13596911,95,Released,Osmosis Jones,5.9,228,1,1,1,1,0,0,0,1,0,0,0,0,0,0,0,0,0,0,0,0
12612,0,NA,en,Freeze Frame,4.922397,5/1/04,0,NA,Released,Freeze Frame,6.9,18,0,0,0,0,1,0,1,0,0,0,0,0,0,0,0,0,1,0,0,0
12618,64000000,NA,en,Random Hearts,4.137237,10/8/99,74608570,133,Released,Random Hearts,5.3,63,0,0,0,0,0,0,1,0,0,0,0,0,0,0,1,0,0,0,0,0
12620,25000000,http://www.thehousebunny.com/,en,The House Bunny,25.838073,8/22/08,70442940,97,Released,The House Bunny,5.6,529,0,0,0,1,0,0,0,0,0,0,0,0,0,0,1,0,0,0,0,0
12621,0,NA,en,Hamlet 2,5.293363,1/21/08,0,92,Released,Hamlet 2,6.1,56,0,0,0,1,0,0,0,0,0,0,0,0,1,0,0,0,0,0,0,0
12634,50000000,NA,en,The Big Bounce,6.397388,1/30/04,6808550,88,Released,The Big Bounce,5,76,0,0,0,1,1,0,0,0,0,0,0,0,0,0,0,0,0,0,0,0
12637,0,NA,en,"New York, New York",3.876242,6/21/77,0,155,Released,"New York, New York",6.1,67,0,0,0,0,0,0,1,0,0,0,0,0,1,0,1,0,0,0,0,0
12657,16000000,NA,en,Soul Plane,9.400404,5/28/04,14822346,86,Released,Soul Plane,4.7,108,0,0,0,1,0,0,0,0,0,0,0,0,0,0,1,0,0,0,0,0
12658,23000000,NA,en,Someone Like You...,7.901891,3/30/01,0,97,Released,Someone Like You...,6,118,0,0,0,1,0,0,0,0,0,0,0,0,0,0,1,0,0,0,0,0
12690,20000000,NA,en,Appaloosa,16.074397,9/12/08,20211394,115,Released,Appaloosa,6.3,299,0,0,0,0,1,0,1,0,0,0,0,0,0,0,0,0,0,0,0,1
12703,10000000,NA,en,The Brown Bunny,3.412162,8/27/04,0,93,Released,The Brown Bunny,5.5,62,0,0,0,0,0,0,1,0,0,0,0,0,0,0,0,0,0,0,0,0
12704,55000000,NA,en,Ishtar,2.410546,5/15/87,14375181,107,Released,Ishtar,4.2,28,1,1,0,1,0,0,0,0,0,0,0,0,0,0,0,0,0,0,0,0
12763,30000000,NA,en,Take the Lead,8.999675,3/17/06,34742066,108,Released,Take the Lead,6.6,162,0,0,0,0,0,0,0,0,0,0,0,0,1,0,0,0,0,0,0,0
12770,0,NA,en,Stealing Harvard,7.321181,9/13/02,0,85,Released,Stealing Harvard,4.4,46,1,0,0,1,0,0,1,0,0,0,0,0,0,0,0,0,0,0,0,0
12771,29000000,NA,en,Serving Sara,8.93941,8/20/02,16930185,100,Released,Serving Sara,5,85,0,0,0,1,0,0,0,0,0,0,0,0,0,0,1,0,0,0,0,0
12779,10000000,NA,en,Swept Away,4.570043,10/11/02,598645,89,Released,Swept Away,4.8,50,0,0,0,1,0,0,0,0,0,0,0,0,0,0,1,0,0,0,0,0
12783,0,http://www.theduchessmovie.com/,en,The Duchess,18.591657,9/5/08,0,110,Released,The Duchess,6.7,396,0,0,0,0,0,0,1,0,0,0,1,0,0,0,1,0,0,0,0,0
12797,0,NA,en,Ghost Town,17.98817,9/19/08,0,102,Released,Ghost Town,6.4,286,0,0,0,1,0,0,0,0,1,0,0,0,0,0,1,0,0,0,0,0
12819,20000000,http://alphaandomega3d.com/index.html,en,Alpha and Omega,12.300789,9/17/10,393e5,88,Released,Alpha and Omega,5.3,124,0,0,1,0,0,0,0,1,0,0,0,0,0,0,0,0,0,0,0,0
12837,11000000,http://www.foxsearchlight.com/thesecretlifeofbees/,en,The Secret Life of Bees,7.645979,9/17/08,38105395,114,Released,The Secret Life of Bees,7.4,158,0,1,0,0,0,0,0,0,0,0,0,0,0,0,0,0,0,0,0,0
12838,0,NA,fr,Chacun sa nuit,4.665026,7/21/06,0,95,Released,One to Another,5.8,12,0,0,0,0,0,0,1,0,0,0,0,0,0,0,0,0,0,0,0,0
12877,0,NA,en,Dead Man's Shoes,12.818441,9/29/04,0,90,Released,Dead Man's Shoes,7.2,151,0,0,0,0,1,0,1,0,0,0,0,0,0,0,0,0,1,0,0,0
12901,2000000,http://www.noendinsightmovie.com,en,No End in Sight,2.283796,7/27/07,1431623,102,Released,No End in Sight,7.2,23,0,0,0,0,0,1,0,0,0,0,0,0,0,0,0,0,0,0,0,0
12920,0,NA,en,Dreamer: Inspired By a True Story,6.048743,9/10/05,0,106,Released,Dreamer: Inspired By a True Story,6.3,67,0,0,0,0,0,0,1,1,0,0,0,0,0,0,0,0,0,0,0,0
13001,7000000,NA,en,Stargate: The Ark of Truth,8.591387,3/11/08,89e5,97,Released,Stargate: The Ark of Truth,6.9,140,0,1,0,0,0,0,0,0,0,0,0,0,0,0,0,1,0,0,0,0
13006,7,NA,en,Split Second,4.857028,5/1/92,5,90,Released,Split Second,5.7,63,1,0,0,0,1,0,0,0,0,0,0,1,0,0,0,1,1,0,0,0
13007,0,http://www.lionsgate.com/religulous/,en,Religulous,9.774126,10/1/08,0,101,Released,Religulous,7.2,197,0,0,0,1,0,1,0,0,0,0,0,0,0,0,0,0,0,0,0,0
13025,2000000,NA,en,Diary of the Dead,15.351412,9/8/07,5364858,95,Released,Diary of the Dead,5.4,190,1,0,0,0,0,0,0,0,0,0,0,1,0,0,0,1,0,0,0,0
13027,80000000,NA,en,Eagle Eye,46.887983,9/25/08,178066569,118,Released,Eagle Eye,6.3,1018,1,0,0,0,0,0,0,0,0,0,0,0,0,1,0,0,1,0,0,0
13051,35000000,http://www.maxpaynethemovie.com,en,Max Payne,25.903237,10/15/08,85416905,100,Released,Max Payne,5.2,613,1,0,0,0,0,0,0,0,0,0,0,0,0,0,0,0,0,0,0,0
13053,150000000,http://movies.disney.com/bolt,en,Bolt,41.845878,11/21/08,309979994,98,Released,Bolt,6.3,1750,0,1,1,1,0,0,0,1,0,0,0,0,0,0,0,0,0,0,0,0
13056,20500000,http://punisherwarzonemovie.com,en,Punisher: War Zone,17.112498,12/5/08,10089373,102,Released,Punisher: War Zone,5.6,294,1,0,0,0,1,0,0,0,0,0,0,0,0,0,0,0,0,0,0,0
13064,2600000,NA,en,Airborne,8.001156,9/17/93,2850263,91,Released,Airborne,6.1,20,1,1,0,1,0,0,0,0,0,0,0,0,0,0,0,0,0,0,0,0
13066,0,NA,en,I Want Someone to Eat Cheese With,1.742383,1/1/06,0,80,Released,I Want Someone to Eat Cheese With,5.7,12,0,0,0,1,0,0,0,0,0,0,0,0,0,0,1,0,0,0,0,0
13067,10000000,http://www.warnerbros.com/land-women,en,In the Land of Women,12.792446,4/16/07,175e5,97,Released,In the Land of Women,5.8,160,0,0,0,1,0,0,1,0,0,0,0,0,0,0,1,0,0,0,0,0
13072,8000000,NA,en,Brooklyn Rules,4.090382,4/30/07,458232,99,Released,Brooklyn Rules,5.8,18,1,0,0,0,0,0,1,0,0,0,0,0,0,0,0,0,1,0,0,0
13074,0,NA,en,Resurrecting the Champ,4.898437,6/14/07,0,112,Released,Resurrecting the Champ,5.9,60,0,0,0,0,0,0,1,0,0,0,0,0,0,0,0,0,0,0,0,0
13075,2000000,NA,en,Sherrybaby,4.261509,9/8/06,622806,NA,Released,Sherrybaby,6.3,41,0,0,0,0,0,0,1,0,0,0,0,0,0,0,0,0,0,0,0,0
13079,8000000,NA,en,The Life Before Her Eyes,9.728143,9/8/07,0,90,Released,The Life Before Her Eyes,6.1,88,0,0,0,0,0,0,1,0,0,0,0,0,0,1,0,0,1,0,0,0
13090,5000000,http://www.sunshinecleaning-themovie.com,en,Sunshine Cleaning,19.336367,1/18/08,16174377,102,Released,Sunshine Cleaning,6.5,255,0,0,0,1,0,0,1,0,0,0,0,0,0,0,0,0,0,0,0,0
13092,27000000,NA,en,How to Lose Friends & Alienate People,16.785866,10/2/08,17286299,110,Released,How to Lose Friends & Alienate People,6.2,244,0,0,0,1,0,0,1,0,0,0,0,0,0,0,1,0,0,0,0,0
13121,0,NA,en,Teeth,7.359286,1/19/07,0,94,Released,Teeth,5.2,210,0,0,0,1,0,0,0,0,0,0,0,1,0,0,0,0,0,0,0,0
13132,0,http://www.sonyclassics.com/alltherealgirls/,en,All the Real Girls,3.65924,8/1/03,0,108,Released,All the Real Girls,5.9,30,0,0,0,0,0,0,1,0,0,0,0,0,0,0,1,0,0,0,0,0
13150,30000000,http://www.prideandglorymovie.com/,en,Pride and Glory,10.703602,9/9/08,31148328,130,Released,Pride and Glory,6.3,240,0,0,0,0,1,0,1,0,0,0,0,0,0,0,0,0,1,0,0,0
13154,8000000,NA,en,Showdown in Little Tokyo,8.403859,8/23/91,2275557,79,Released,Showdown in Little Tokyo,5.7,95,1,0,0,0,0,0,0,0,0,0,0,0,0,0,0,0,1,0,0,0
13155,25000000,http://movies.disney.com/return-to-oz,en,Return to Oz,5.650125,6/21/85,11137801,109,Released,Return to Oz,6.7,120,0,1,0,0,0,0,0,1,1,0,0,0,0,0,0,0,0,0,0,0
13156,0,http://www.newline.com/properties/secondhandlions.html,en,Secondhand Lions,15.011624,9/19/03,0,111,Released,Secondhand Lions,6.9,260,0,0,0,1,0,0,1,1,0,0,0,0,0,0,0,0,0,0,0,0
13158,0,NA,en,Aqua Teen Hunger Force Colon Movie Film for Theaters,1.453146,4/13/07,0,86,Released,Aqua Teen Hunger Force Colon Movie Film for Theaters,6.5,35,0,0,1,1,0,0,0,0,0,0,0,0,0,0,0,0,0,0,0,0
13159,20000000,NA,en,Georgia Rule,7.878177,5/11/07,0,113,Released,Georgia Rule,5.6,130,0,0,0,1,0,0,1,0,0,0,0,0,0,0,1,0,0,0,0,0
13160,10000000,http://www.overherdeadbodymovie.com,en,Over Her Dead Body,12.067921,2/1/08,0,95,Released,Over Her Dead Body,5.3,145,0,0,0,1,0,0,0,0,0,0,0,0,0,0,0,0,0,0,0,0
13166,0,NA,en,Freddy Got Fingered,8.710294,4/18/01,0,87,Released,Freddy Got Fingered,4.6,115,0,0,0,1,0,0,0,0,0,0,0,0,0,0,0,0,0,0,0,0
13173,0,NA,en,The Ten,3.865122,8/3/07,0,96,Released,The Ten,4.9,57,0,0,0,1,0,0,0,0,0,0,0,0,0,0,0,0,0,0,0,0
13183,130000000,https://www.warnerbros.com/watchmen,en,Watchmen,64.798873,3/5/09,185258983,163,Released,Watchmen,7,2811,1,0,0,0,0,0,0,0,0,0,0,0,0,1,0,1,0,0,0,0
13184,45000000,http://www.bangkokdangerousmovie.net/,en,Bangkok Dangerous,14.813057,8/21/08,42487390,99,Released,Bangkok Dangerous,5,332,1,0,0,0,1,0,0,0,0,0,0,0,0,0,0,0,1,0,0,0
13187,0,NA,en,A Charlie Brown Christmas,8.701183,12/9/65,0,25,Released,A Charlie Brown Christmas,7.5,153,0,0,1,1,0,0,0,1,0,0,0,0,0,0,0,0,0,1,0,0
13191,5000000,http://www.firstlookstudios.com/films/warinc/,en,"War, Inc.",6.265659,4/28/08,1296184,106,Released,"War, Inc.",5.6,86,1,1,0,1,0,0,0,0,0,0,0,0,0,0,0,0,1,0,0,0
13193,0,http://www.savedmovie.com/,en,Saved!,9.85123,1/21/04,0,92,Released,Saved!,6.3,147,0,0,0,1,0,0,1,0,0,0,0,0,0,0,0,0,0,0,0,0
13197,8000000,NA,en,10th & Wolf,3.942464,2/19/06,143451,107,Released,10th & Wolf,6.3,24,1,0,0,0,1,0,1,0,0,0,0,0,0,1,0,0,1,0,0,0
13198,0,http://wristcutters.com/official_site,en,Wristcutters: A Love Story,8.542921,1/24/06,0,88,Released,Wristcutters: A Love Story,6.7,160,0,0,0,1,0,0,1,0,1,0,0,0,0,0,1,0,0,0,0,0
13201,0,http://www.mgm.com/sites/deuceswild/intro/,en,Deuces Wild,0.753481,5/3/02,0,96,Released,Deuces Wild,5.5,34,1,0,0,0,1,0,1,0,0,0,0,0,0,0,1,0,0,0,0,0
13223,33000000,http://www.thegrantorino.com/,en,Gran Torino,50.7453,12/9/08,269958228,116,Released,Gran Torino,7.8,3086,0,0,0,0,0,0,1,0,0,0,0,0,0,0,0,0,0,0,0,0
13250,20000000,NA,en,Butterfly on a Wheel,13.118983,7/27/07,0,95,Released,Butterfly on a Wheel,6.3,130,0,0,0,0,1,0,1,0,0,0,0,0,0,0,0,0,1,0,0,0
13260,0,http://newline.com/properties/semipro.html,en,Semi-Pro,10.449975,2/28/08,33472850,91,Released,Semi-Pro,5.4,251,0,0,0,1,0,0,0,0,0,0,0,0,0,0,0,0,0,0,0,0
13279,20000000,NA,en,Lakeview Terrace,20.495749,9/19/08,27640028,110,Released,Lakeview Terrace,5.9,292,0,0,0,0,1,0,1,0,0,0,0,0,0,0,0,0,1,0,0,0
13282,300000,NA,en,Death Race 2000,6.473667,4/27/75,8e6,80,Released,Death Race 2000,5.9,124,1,0,0,1,0,0,0,0,0,0,0,0,0,0,0,1,0,0,0,0
13335,12000000,http://www.haroldandkumar.com,en,Harold & Kumar Escape from Guantanamo Bay,26.219598,4/25/08,43493123,107,Released,Harold & Kumar Escape from Guantanamo Bay,6.2,497,0,1,0,1,0,0,0,0,0,0,0,0,0,0,0,0,0,0,0,0
13342,4500000,NA,en,Fast Times at Ridgemont High,20.403344,8/13/82,27092880,90,Released,Fast Times at Ridgemont High,7,322,0,0,0,1,0,0,0,0,0,0,0,0,0,0,0,0,0,0,0,0
13362,1000000,http://www.taxitothedarkside.com/,en,Taxi to the Dark Side,0.748565,4/30/07,274661,106,Released,Taxi to the Dark Side,6.6,53,0,0,0,0,0,1,0,0,0,0,0,0,0,0,0,0,0,0,0,0
13363,0,http://manfromearth.com/,en,The Man from Earth,31.339015,6/10/07,0,87,Released,The Man from Earth,7.7,687,0,0,0,0,0,0,1,0,0,0,0,0,0,0,0,1,0,0,0,0
13370,6000000,NA,en,A Mighty Wind,4.053017,4/16/03,18750246,91,Released,A Mighty Wind,6.6,74,0,0,0,1,0,0,0,0,0,0,0,0,1,0,0,0,0,0,0,0
13374,25000000,NA,en,Ice Princess,13.288177,3/17/05,27645491,98,Released,Ice Princess,5.9,185,0,0,0,1,0,0,1,1,0,0,0,0,0,0,0,0,0,0,0,0
13389,60000000,http://www.righteouskill-themovie.com,en,Righteous Kill,18.380176,9/11/08,73174566,101,Released,Righteous Kill,5.9,375,1,0,0,0,1,0,1,0,0,0,0,0,0,0,0,0,1,0,0,0
13403,0,NA,en,Hedwig and the Angry Inch,4.25422,7/20/01,0,95,Released,Hedwig and the Angry Inch,7.4,80,0,0,0,1,0,0,0,0,0,0,0,0,1,0,0,0,0,0,0,0
13405,40000000,http://www.childrenofhuangshi.com/,zh,黃石的孩子,8.978408,7/3/08,74e5,125,Released,The Children of Huang Shi,6.5,52,0,0,0,0,0,0,1,0,0,0,0,0,0,0,0,0,0,0,1,0
13408,7000000,NA,en,The Wash,2.453459,11/16/01,10229331,93,Released,The Wash,5.3,26,1,0,0,1,0,0,0,0,0,0,0,0,0,0,0,0,0,0,0,0
13411,0,NA,en,Malibu's Most Wanted,7.314796,4/10/03,0,86,Released,Malibu's Most Wanted,4.7,77,0,0,0,1,1,0,0,0,0,0,0,0,0,0,0,0,0,0,0,0
13429,0,http://www.donkeypunchmovie.co.uk/,en,Donkey Punch,3.283886,7/18/08,0,99,Released,Donkey Punch,4.5,52,0,0,0,0,1,0,1,0,0,0,0,1,0,0,0,0,1,0,0,0
13435,12500000,NA,en,Antwone Fisher,13.349012,12/19/02,23367586,120,Released,Antwone Fisher,6.7,137,0,0,0,0,0,0,1,0,0,0,0,0,0,0,1,0,0,0,0,0
13448,150000000,http://www.angelsanddemons.com/,en,Angels & Demons,67.447636,5/13/09,356613439,138,Released,Angels & Demons,6.5,2129,0,0,0,0,0,0,0,0,0,0,0,0,0,1,0,0,1,0,0,0
13460,30000000,NA,en,Doomsday,21.538222,3/14/08,22211426,108,Released,Doomsday,5.8,363,1,0,0,0,0,0,0,0,0,0,0,0,0,0,0,1,1,0,0,0
13475,150000000,NA,en,Star Trek,73.616808,5/6/09,385680446,127,Released,Star Trek,7.4,4518,1,1,0,0,0,0,0,0,0,0,0,0,0,0,0,1,0,0,0,0
13476,17000000,NA,en,Win a Date with Tad Hamilton!,7.701041,1/23/04,16980098,95,Released,Win a Date with Tad Hamilton!,5.5,160,0,0,0,1,0,0,0,0,0,0,0,0,0,0,1,0,0,0,0,0
13483,86000000,NA,en,Awake,18.172736,11/28/07,14373825,84,Released,Awake,6.3,395,0,0,0,0,1,0,0,0,0,0,0,0,0,1,0,0,1,0,0,0
13490,35000000,NA,en,Welcome Home Roscoe Jenkins,6.248273,2/8/08,43650785,114,Released,Welcome Home Roscoe Jenkins,5.7,57,0,0,0,1,0,0,1,0,0,0,0,0,0,0,0,0,0,0,0,0
13491,25000000,NA,sv,Arn: Tempelriddaren,6.091033,12/17/07,0,139,Released,Arn: The Knight Templar,6.4,76,1,1,0,0,0,0,1,0,0,0,0,0,0,0,1,0,0,0,0,0
13495,24000000,NA,es,Alatriste,6.009644,9/1/06,23321954,145,Released,Alatriste,5.6,61,1,0,0,0,0,0,0,0,0,0,0,0,0,0,0,0,0,0,0,0
13496,35000000,NA,en,American Outlaws,6.727949,8/17/01,13678913,94,Released,American Outlaws,5.7,55,1,0,0,0,0,0,0,0,0,0,0,0,0,0,0,0,0,0,0,1
13497,20000000,NA,en,Drumline,4.748929,12/13/02,57588485,118,Released,Drumline,6.2,116,0,0,0,1,0,0,1,0,0,0,0,0,1,0,1,0,0,0,0,0
13498,40000000,NA,en,Man of the House,6.004422,2/25/05,0,100,Released,Man of the House,5.4,120,1,0,0,1,0,0,0,0,0,0,0,0,0,0,0,0,0,0,0,0
13501,15000000,NA,en,The Good Night,12.185204,1/25/07,20380,NA,Released,The Good Night,5.7,41,0,0,0,1,0,0,1,0,1,0,0,0,1,0,1,0,0,0,0,0
13503,0,NA,en,Texas Rangers,5.641978,11/30/01,0,110,Released,Texas Rangers,5.4,19,1,0,0,0,0,0,0,0,0,0,0,0,0,0,0,0,0,0,0,1
13508,1000000,http://www.whokilledtheelectriccar.com/,en,Who Killed the Electric Car?,5.323184,8/4/06,1678874,92,Released,Who Killed the Electric Car?,7.2,59,0,0,0,0,0,1,0,0,0,0,0,0,0,0,0,0,0,0,0,0
13510,0,NA,en,Eden Lake,20.362373,9/12/08,3983997,NA,Released,Eden Lake,6.7,406,0,0,0,0,0,0,0,0,0,0,0,1,0,0,0,0,1,0,0,0
13515,35000000,NA,en,Mirrors,19.774543,8/15/08,72436439,110,Released,Mirrors,6,485,0,0,0,0,0,0,0,0,0,0,0,1,0,1,0,0,1,0,0,0
13516,0,NA,en,Slacker Uprising,1.619635,9/27/07,0,NA,Released,Slacker Uprising,5.9,10,0,0,0,0,0,1,0,0,0,0,0,0,0,0,0,0,0,0,0,0
13518,0,http://thefuelfilm.com/,en,Fuel,0.197469,11/14/08,0,90,Released,Fuel,7,3,0,0,0,0,0,1,1,0,0,0,0,0,0,0,0,0,0,0,0,0
13523,19000000,http://www.sexdrivethemovie.com/,en,Sex Drive,17.952817,10/16/08,18755936,109,Released,Sex Drive,6,342,0,1,0,1,0,0,0,0,0,0,0,0,0,0,1,0,0,0,0,0
13536,40000000,NA,en,City By The Sea,3.476966,9/6/02,22433915,108,Released,City By The Sea,5.7,92,0,0,0,0,1,0,1,0,0,0,0,0,0,1,0,0,0,0,0,0
13537,6000000,NA,en,Shattered Glass,6.27257,11/14/03,2944752,94,Released,Shattered Glass,6.6,111,0,0,0,0,0,0,1,0,0,0,1,0,0,0,0,0,0,0,0,0
13538,0,NA,en,Straightheads,8.302951,4/27/07,0,88,Released,Straightheads,5.2,40,0,0,0,0,0,0,0,0,0,0,0,0,0,0,0,0,1,0,0,0
13539,0,NA,en,Here On Earth,3.313257,3/23/00,0,96,Released,Here On Earth,5.4,48,0,0,0,0,0,0,0,0,0,0,0,0,0,0,1,0,0,0,0,0
13551,0,NA,en,The Dead Girl,3.069605,11/7/06,0,85,Released,The Dead Girl,6.4,66,0,0,0,0,1,0,1,0,0,0,0,0,0,1,0,0,1,0,0,0
13569,0,NA,en,Thr3e,1.946715,12/1/06,0,101,Released,Thr3e,4.8,21,0,0,0,0,0,0,1,0,0,0,0,1,0,0,0,0,1,0,0,0
13576,60000000,http://www.thisisit-movie.com,en,Michael Jackson's This Is It,15.798622,10/28/09,0,111,Released,This Is It,6.7,247,0,0,0,0,0,1,0,0,0,0,0,0,1,0,0,0,0,0,0,0
13579,0,NA,en,The Longshots,4.030724,8/22/08,0,94,Released,The Longshots,6.5,11,0,0,0,0,0,0,1,1,0,0,0,0,0,0,0,0,0,0,0,0
13596,20000000,http://www.mybestfriendsgirlmovie.com,en,My Best Friend's Girl,17.145287,9/19/08,36620508,101,Released,My Best Friend's Girl,5.4,220,0,0,0,1,0,0,0,0,0,0,0,0,0,0,1,0,0,0,0,0
13600,55000000,http://www.cityofember.com/,en,City of Ember,23.465539,10/7/08,17869048,90,Released,City of Ember,6.2,605,0,1,0,0,0,0,0,1,1,0,0,0,0,0,0,0,0,0,0,0
13649,0,http://www.disneychannel.com/highschoolmusical2,en,High School Musical 2,21.01755,8/17/07,7e6,104,Released,High School Musical 2,6.1,843,0,0,0,1,0,0,1,1,0,0,0,0,1,0,0,0,0,0,0,0
13673,60000000,NA,en,Christmas with the Kranks,9.225166,11/24/04,0,99,Released,Christmas with the Kranks,5.2,193,0,0,0,1,0,0,0,1,0,0,0,0,0,0,0,0,0,0,0,0
13680,22000000,http://movies.disney.com/the-game-plan,en,The Game Plan,20.699212,9/28/07,147880543,110,Released,The Game Plan,6,428,0,0,0,1,0,0,0,1,0,0,0,0,0,0,0,0,0,0,0,0
13682,0,NA,en,Pooh's Heffalump Movie,9.03154,2/11/05,0,68,Released,Pooh's Heffalump Movie,6.4,88,0,0,1,0,0,0,0,1,0,0,0,0,0,0,0,0,0,0,0,0
13685,7000000,NA,en,Bottle Rocket,11.700578,2/21/96,560069,91,Released,Bottle Rocket,6.8,281,0,0,0,1,1,0,1,0,0,0,0,0,0,0,0,0,0,0,0,0
13688,0,NA,cn,長江七號,12.373248,1/30/08,47301471,86,Released,CJ7,6.1,107,0,0,0,1,0,0,1,1,1,0,0,0,0,0,0,1,0,0,0,0
13689,0,http://www.thepeacefulwarriormovie.com/,en,Peaceful Warrior,8.326131,3/30/06,0,120,Released,Peaceful Warrior,7.3,90,0,0,0,0,0,0,1,0,0,0,0,0,0,0,1,0,0,0,0,0
13700,110000000,http://movies.disney.com/home-on-the-range,en,Home on the Range,19.625972,4/2/04,103951461,76,Released,Home on the Range,5.7,389,0,0,1,0,0,0,0,1,0,0,0,0,0,0,0,0,0,0,0,0
13751,8000000,http://www.akeelahandthebee.com/splash.html,en,Akeelah and the Bee,4.932893,4/28/06,18948425,112,Released,Akeelah and the Bee,6.7,81,0,0,0,0,0,0,1,0,0,0,0,0,0,0,0,0,0,0,0,0
13768,0,NA,en,Tuck Everlasting,4.115398,10/11/02,0,90,Released,Tuck Everlasting,6.4,128,0,0,0,0,0,0,1,1,1,0,0,0,0,0,1,1,0,0,0,0
13776,0,NA,en,Diner,5.87193,4/2/82,0,110,Released,Diner,6.9,83,0,0,0,1,0,0,1,0,0,0,0,0,0,0,0,0,0,0,0,0
13778,0,NA,en,Dickie Roberts: Former Child Star,10.149569,9/5/03,0,98,Released,Dickie Roberts: Former Child Star,5.1,64,0,0,0,1,0,0,0,0,0,0,0,0,0,0,0,0,0,0,0,0
13785,0,NA,en,Best in Show,10.982255,9/19/00,0,90,Released,Best in Show,6.7,166,0,0,0,1,0,0,0,0,0,0,0,0,0,0,0,0,0,0,0,0
13788,16000000,http://www.theunbornmovie.net/,en,The Unborn,15.788784,1/9/09,76514050,87,Released,The Unborn,4.8,365,0,0,0,0,0,0,0,0,0,0,0,1,0,1,0,0,1,0,0,0
13805,25000000,http://www.disastermovie.net/,en,Disaster Movie,16.238961,8/29/08,14109284,87,Released,Disaster Movie,3,240,1,0,0,1,0,0,0,0,0,0,0,0,0,0,0,0,0,0,0,0
13807,4500000,NA,cn,放‧逐,8.48639,9/6/06,0,110,Released,Exiled,7,46,1,0,0,0,1,0,0,0,0,0,0,0,0,0,0,0,1,0,0,0
13809,18000000,http://rocknrolla.warnerbros.com/,en,RockNRolla,31.887978,9/4/08,25739015,114,Released,RockNRolla,6.9,836,1,0,0,0,1,0,0,0,0,0,0,0,0,0,0,0,1,0,0,0
13811,50000000,http://knowing-themovie.com/,en,Knowing,32.693093,3/19/09,155446362,121,Released,Knowing,5.9,1486,1,1,0,0,0,0,1,0,0,0,0,0,0,1,0,1,1,0,0,0
13812,12000000,NA,en,Quarantine,8.083995,10/10/08,40855419,89,Released,Quarantine,5.5,339,0,0,0,0,0,0,0,0,0,0,0,1,0,0,0,1,1,0,0,0
13816,0,NA,en,Idlewild,2.711955,8/25/06,0,121,Released,Idlewild,5.1,17,0,0,0,0,1,0,1,0,0,0,0,0,1,0,0,0,0,0,0,0
13820,1500000,NA,en,Repo Man,11.35344,2/20/84,23e5,92,Released,Repo Man,6.7,144,0,0,0,1,1,0,0,0,0,0,0,0,0,0,0,1,1,0,0,0
13824,0,NA,en,Superstar,4.04701,10/8/99,0,NA,Released,Superstar,5.1,83,0,0,0,1,0,0,0,1,0,0,0,0,0,0,0,0,0,0,0,0
13827,6000000,http://www.surferdudethemovie.com/,en,"Surfer, Dude",2.404626,9/5/08,69497,85,Released,"Surfer, Dude",4.7,25,0,0,0,1,0,0,0,0,0,0,0,0,0,0,0,0,0,0,0,0
13836,50000000,NA,en,Race to Witch Mountain,23.935053,3/12/09,106303988,98,Released,Race to Witch Mountain,5.5,509,1,1,0,0,0,0,0,1,1,0,0,0,0,0,0,1,1,0,0,0
13849,0,NA,en,The Cottage,8.39685,2/7/08,0,92,Released,The Cottage,6.3,80,0,0,0,1,1,0,0,0,0,0,0,1,0,0,0,0,1,0,0,0
13853,15000000,NA,en,The Clan of the Cave Bear,5.484679,1/17/86,0,98,Released,The Clan of the Cave Bear,4.8,27,0,1,0,0,0,0,1,0,0,0,0,0,0,0,0,0,0,0,0,0
13856,1000000,http://www.specialthemovie.com/,en,Special,1.260314,1/30/06,7202,81,Released,Special,6.6,32,0,0,0,0,0,0,1,0,1,0,0,0,0,0,0,1,0,0,0,0
13888,11000000,NA,en,Return to the Blue Lagoon,9.705589,8/2/91,2807854,98,Released,Return to the Blue Lagoon,5.1,153,0,1,0,0,0,0,1,0,0,0,0,0,0,0,1,0,0,0,0,0
13889,0,NA,ja,まあだだよ,2.930853,4/17/93,0,134,Released,Madadayo,7.5,20,0,0,0,0,0,0,1,0,0,0,0,0,0,0,0,0,0,0,0,0
13898,0,NA,fa,دایره,1.193779,9/8/00,0,90,Released,The Circle,6.6,17,0,0,0,0,0,0,1,0,0,1,0,0,0,0,0,0,0,0,0,0
13908,0,NA,en,The Master of Disguise,4.382761,8/2/02,0,80,Released,The Master of Disguise,3.7,78,0,0,0,1,0,0,0,1,0,0,0,0,0,0,0,0,0,0,0,0
13909,1600000,NA,en,She Wore a Yellow Ribbon,8.535178,10/22/49,54e5,103,Released,She Wore a Yellow Ribbon,7.1,61,0,0,0,0,0,0,0,0,0,0,0,0,0,0,0,0,0,0,0,1
13919,0,NA,en,The Chumscrubber,3.528643,6/8/05,0,108,Released,The Chumscrubber,6.7,62,0,0,0,1,0,0,1,0,0,0,0,0,0,0,0,0,0,0,0,0
13920,32000000,NA,en,Radio,9.254647,10/24/03,52277485,109,Released,Radio,6.8,141,0,0,0,0,0,0,1,0,0,0,0,0,0,0,0,0,0,0,0,0
13922,80000000,NA,en,The Great Raid,8.923215,8/12/05,10166502,132,Released,The Great Raid,6.8,91,1,0,0,0,0,0,0,0,0,0,1,0,0,0,0,0,0,0,1,0
13937,12000000,NA,en,Raising Cain,7.558959,8/7/92,37170057,91,Released,Raising Cain,5.9,65,0,0,0,0,1,0,1,0,0,0,0,1,0,0,0,0,1,0,0,0
13938,10000000,NA,en,The Last Dragon,4.928777,3/22/85,25754284,108,Released,The Last Dragon,6.4,69,1,1,0,1,0,0,0,0,0,0,0,0,0,0,0,0,0,0,0,0
13948,20000000,http://www.americancarol.com/,en,An American Carol,2.605374,10/3/08,7e6,83,Released,An American Carol,4.1,20,0,0,0,1,0,0,0,0,1,0,0,0,0,0,0,0,0,0,0,0
13950,14000000,NA,en,All About the Benjamins,5.102258,3/8/02,25482931,95,Released,All About the Benjamins,5.8,48,1,1,0,1,0,0,0,0,0,0,0,0,0,0,0,0,0,0,0,0
13960,20000000,NA,en,ATL,5.422285,3/31/06,21170563,105,Released,ATL,6,32,0,0,0,0,0,0,1,0,0,0,0,0,0,0,0,0,0,0,0,0
13963,0,http://www.mgm.com/#/our-titles/1092/The-Last-Waltz/,en,The Last Waltz,3.277287,5/1/78,321952,117,Released,The Last Waltz,7.9,64,0,0,0,0,0,1,0,0,0,0,0,0,1,0,0,0,0,0,0,0
13967,30000000,NA,en,Miss Potter,8.386432,12/3/06,35078241,92,Released,Miss Potter,6.3,141,0,0,0,0,0,0,1,1,0,0,0,0,0,0,1,0,0,0,0,0
13972,16000000,http://thewomen.warnerbros.com/index.html,en,The Women,8.8321,9/12/08,50007546,114,Released,The Women,4.6,96,0,0,0,1,0,0,1,0,0,0,0,0,0,0,1,0,0,0,0,0
13973,3000000,NA,en,Choke,11.637458,9/26/08,3830137,92,Released,Choke,6,127,0,0,0,1,0,0,1,0,0,0,0,0,0,0,0,0,0,0,0,0
13982,0,NA,en,8 Heads in a Duffel Bag,5.016607,4/18/97,0,95,Released,8 Heads in a Duffel Bag,5.4,39,0,0,0,1,1,0,0,0,0,0,0,0,0,0,0,0,0,0,0,0
13983,0,NA,en,Finishing The Game,0.459625,1/21/07,0,84,Released,Finishing The Game,4.9,8,0,0,0,1,0,0,0,0,0,0,0,0,0,0,0,0,0,0,0,0
13990,6000000,http://www.sonyclassics.com/thewackness/,en,The Wackness,7.161051,7/3/08,2899975,99,Released,The Wackness,6.2,94,0,0,0,0,0,0,1,0,0,0,0,0,0,0,0,0,0,0,0,0
13991,7000000,http://college-themovie.com/,en,College,7.034618,8/28/08,6230276,94,Released,College,4.8,48,0,0,0,1,0,0,0,0,0,0,0,0,0,0,0,0,0,0,0,0
13994,0,NA,en,Romance & Cigarettes,4.056774,9/13/05,2945242,105,Released,Romance & Cigarettes,6,33,0,0,0,1,0,0,0,0,0,0,0,0,1,0,1,0,0,0,0,0
13996,5000000,http://www.bottleshockthemovie.com/,en,Bottle Shock,6.174435,8/6/08,4040588,110,Released,Bottle Shock,6.6,60,0,0,0,1,0,0,1,0,0,0,0,0,0,0,0,0,0,0,0,0
14012,15000000,NA,en,Flicka,3.043589,10/20/06,21e6,95,Released,Flicka,6.1,52,0,0,0,0,0,0,1,0,0,0,0,0,0,0,0,0,0,0,0,0
14014,0,NA,en,The Hammer,0.957022,4/1/07,0,88,Released,The Hammer,6.5,15,0,0,0,1,0,0,0,0,0,0,0,0,0,0,0,0,0,0,0,0
14022,0,NA,en,Slacker,3.320622,7/27/90,0,97,Released,Slacker,6.4,77,0,0,0,1,0,0,0,0,0,0,0,0,0,0,0,0,0,0,0,0
14024,15000000,http://www.newline.com/properties/raiseyourvoice.html,en,Raise Your Voice,10.9071,8/10/04,14867514,103,Released,Raise Your Voice,6,211,0,0,0,0,0,0,1,0,0,0,0,0,1,0,1,0,0,0,0,0
14033,0,NA,en,Soul Survivors,3.231848,9/6/01,0,84,Released,Soul Survivors,4.4,49,0,0,0,0,0,0,0,0,0,0,0,1,0,1,0,0,1,0,0,0
14034,45000000,NA,en,What's the Worst That Could Happen?,7.185212,5/31/01,0,94,Released,What's the Worst That Could Happen?,5.1,66,1,0,0,1,0,0,0,0,0,0,0,0,0,0,0,0,0,0,0,0
14043,0,NA,en,Nancy Drew,5.0348,6/15/07,0,99,Released,Nancy Drew,5.8,143,1,1,0,0,1,0,0,1,0,0,0,0,0,1,0,0,1,0,0,0
14047,15000000,NA,en,The Great Debaters,10.84158,12/27/07,30226144,126,Released,The Great Debaters,6.9,151,0,0,0,0,0,0,1,0,0,0,0,0,0,0,0,0,0,0,0,0
14048,0,http://www.manonwire.com/,en,Man on Wire,14.331992,7/25/08,2957978,94,Released,Man on Wire,7.5,275,0,0,0,0,1,1,0,0,0,0,1,0,0,0,0,0,1,0,0,0
14054,0,NA,en,Snow Angels,4.262374,3/7/08,414404,106,Released,Snow Angels,6.5,48,0,0,0,0,0,0,1,0,0,0,0,0,0,0,1,0,0,0,0,0
14057,9000000,NA,en,Trust the Man,5.2545,9/1/05,0,103,Released,Trust the Man,5.5,29,0,0,0,1,0,0,1,0,0,0,0,0,0,0,1,0,0,0,0,0
14112,7000000,NA,en,Auto Focus,7.051521,10/18/02,2062066,104,Released,Auto Focus,6.1,56,0,0,0,0,1,0,1,0,0,0,0,0,0,0,0,0,0,0,0,0
14113,35000000,NA,en,Zoom,10.304172,8/11/06,12506188,83,Released,Zoom,4.9,135,0,0,0,1,0,0,0,1,1,0,0,0,0,0,0,0,0,0,0,0
14114,0,NA,en,You Got Served,3.804597,1/30/04,0,95,Released,You Got Served,4.8,75,0,0,0,0,0,0,1,0,0,0,0,0,0,0,0,0,0,0,0,0
14120,0,http://www.endofthespear.com/,en,End of the Spear,1.83428,12/2/05,0,108,Released,End of the Spear,6.1,15,0,1,0,0,0,0,1,0,0,0,0,0,0,0,0,0,0,0,0,0
14137,0,http://www.beerleaguethemovie.com/,en,Beer League,1.73892,9/15/06,0,86,Released,Beer League,5.3,22,0,0,0,1,0,0,0,0,0,0,0,0,0,0,0,0,0,0,0,0
14139,2600000,http://www.cronocrimenes.com/,es,Los cronocrímenes,19.02965,9/20/07,553198,92,Released,Timecrimes,7,308,0,0,0,0,0,0,0,0,0,0,0,0,0,0,0,1,1,0,0,0
14144,6000000,http://www.sonypictures.com/movies/daddydaycamp/site/,en,Daddy Day Camp,12.601677,8/8/07,18197398,89,Released,Daddy Day Camp,4.4,91,0,0,0,1,0,0,0,1,0,0,0,0,0,0,0,0,0,0,0,0
14156,0,NA,en,Impact Point,1.532518,6/13/08,0,90,Released,Impact Point,5.7,5,0,0,0,0,0,0,0,0,0,0,0,0,0,0,1,0,1,0,0,0
14160,175000000,http://disney.go.com/disneypictures/up/,en,Up,92.201962,5/13/09,735099082,96,Released,Up,7.7,6870,0,1,1,1,0,0,0,1,0,0,0,0,0,0,0,0,0,0,0,0
14161,200000000,http://www.sonypictures.com/movies/2012,en,2012,45.274225,10/10/09,769653595,158,Released,2012,5.6,4903,1,1,0,0,0,0,0,0,0,0,0,0,0,0,0,1,0,0,0,0
14164,100000000,NA,en,Dragonball Evolution,21.677732,4/1/09,0,85,Released,Dragonball Evolution,2.9,462,1,1,0,0,0,0,0,0,1,0,0,0,0,0,0,1,1,0,0,0
14165,0,http://www.yashrajfilms.com/microsites/TRRP/microflash.html,hi,Ta Ra Rum Pum,0.553752,4/27/07,0,156,Released,Ta Ra Rum Pum,6,13,0,0,0,1,0,0,0,1,0,0,0,0,0,0,1,0,0,0,0,0
14175,35000000,NA,en,Valiant,14.051852,3/25/05,19478106,76,Released,Valiant,5.2,235,0,1,1,0,0,0,0,1,0,0,0,0,0,0,0,0,0,0,0,0
14177,25000000,NA,en,Beauty Shop,5.625632,6/2/05,36351350,105,Released,Beauty Shop,5.4,115,0,0,0,1,0,0,0,0,0,0,0,0,0,0,1,0,0,0,0,0
14181,26000000,NA,en,Boiler Room,11.233081,2/18/00,28780255,118,Released,Boiler Room,6.5,201,0,0,0,0,1,0,1,0,0,0,0,0,0,0,0,0,1,0,0,0
14191,12000000,http://www.aquamarinemovie.com/,en,Aquamarine,16.931846,3/3/06,23006849,104,Released,Aquamarine,5.8,364,0,0,0,1,0,0,0,1,1,0,0,0,0,0,1,0,0,0,0,0
14195,10000000,NA,en,Cecil B. Demented,4.176066,5/17/00,0,87,Released,Cecil B. Demented,6.2,51,0,0,0,1,1,0,0,0,0,0,0,0,0,0,0,0,1,0,0,0
14199,50000000,http://www.miramax.com/movie/the-adventures-of-sharkboy-and-lavagirl/,en,The Adventures of Sharkboy and Lavagirl,12.31101,6/10/05,69425966,92,Released,The Adventures of Sharkboy and Lavagirl,4.4,269,0,1,0,0,0,0,0,1,0,0,0,0,0,0,0,1,0,0,0,0
14202,19400000,NA,en,The Painted Veil,20.746932,12/9/06,0,125,Released,The Painted Veil,7.1,312,0,0,0,0,0,0,1,0,0,0,0,0,0,0,1,0,0,0,0,0
14220,0,NA,en,Strange Wilderness,4.961306,2/1/08,6575282,87,Released,Strange Wilderness,4.7,69,0,0,0,1,0,0,0,0,0,0,0,0,0,0,0,0,0,0,0,0
14256,3500000,NA,en,Winter Passing,3.643608,2/7/06,113783,98,Released,Winter Passing,6.7,28,0,0,0,1,0,0,1,0,0,0,0,0,0,0,0,0,0,0,0,0
14271,2053648,NA,en,Beyond the Mat,2.778633,10/22/99,5e5,102,Released,Beyond the Mat,7.8,17,0,0,0,0,0,1,0,0,0,0,0,0,0,0,0,0,0,0,0,0
14275,700000,NA,en,Hoop Dreams,9.188431,9/12/94,7830611,171,Released,Hoop Dreams,7.7,87,0,0,0,0,0,1,0,0,0,0,0,0,0,0,0,0,0,0,0,0
14278,300000,NA,en,Murderball,1.085909,7/22/05,1750211,88,Released,Murderball,6.9,23,0,0,0,0,0,1,0,0,0,0,0,0,0,0,0,0,0,0,0,0
14283,18000000,NA,en,The Red Violin,6.18869,9/10/98,9495408,131,Released,The Red Violin,7.3,99,0,0,0,0,0,0,1,0,0,0,0,0,1,1,1,0,1,0,0,0
14284,2000000,NA,en,In the Shadow of the Moon,3.43159,1/19/07,0,109,Released,In the Shadow of the Moon,7.6,31,0,0,0,0,0,1,0,0,0,0,0,0,0,0,0,0,0,0,0,0
14290,0,NA,en,Better Luck Tomorrow,3.877036,1/12/02,0,101,Released,Better Luck Tomorrow,6.5,27,0,0,0,0,1,0,1,0,0,0,0,0,0,0,0,0,0,0,0,0
14292,28000000,NA,en,Miracle,7.534003,2/6/04,64445708,135,Released,Miracle,7,159,0,0,0,0,0,0,1,0,0,0,1,0,0,0,0,0,0,0,0,0
14293,0,NA,en,Poolhall Junkies,5.90259,6/7/02,0,99,Released,Poolhall Junkies,6.5,25,0,0,0,1,0,0,1,0,0,0,0,0,0,0,0,0,1,0,0,0
14295,0,NA,en,You Can Count on Me,7.142448,11/17/00,0,111,Released,You Can Count on Me,6.8,88,0,0,0,0,0,0,1,0,0,0,0,0,0,0,1,0,0,0,0,0
14299,12000000,NA,en,Cadillac Records,13.427427,12/5/08,0,109,Released,Cadillac Records,6.9,86,0,0,0,0,0,0,1,0,0,0,1,0,1,0,0,0,0,0,0,0
14306,60000000,http://marleyandmemovie.com/,en,Marley & Me,30.951203,12/25/08,244082376,115,Released,Marley & Me,6.9,1343,0,0,0,1,0,0,0,1,0,0,0,0,0,0,0,0,0,0,0,0
14317,35000000,NA,en,The Wild Thornberrys Movie,5.784661,12/20/02,0,85,Released,The Wild Thornberrys Movie,5.8,44,0,1,1,0,0,0,0,1,0,0,0,0,0,0,0,0,0,0,0,0
14324,38000000,NA,en,Virgin Territory,6.760922,12/17/07,5410749,93,Released,Virgin Territory,4.3,75,1,1,0,1,0,0,0,0,0,0,0,0,0,0,1,0,0,0,0,0
14325,40000000,NA,en,The Express,3.87823,10/10/08,9793496,130,Released,The Express,7.1,71,0,0,0,0,0,0,1,0,0,0,0,0,0,0,0,0,0,0,0,0
14337,7000,http://www.primermovie.com,en,Primer,23.307949,10/8/04,424760,77,Released,Primer,6.9,658,0,0,0,0,0,0,1,0,0,0,0,0,0,0,0,1,1,0,0,0
14351,5800000,http://www.sonypictures.com/movies/crossover/,en,Crossover,3.201886,9/1/06,7e6,95,Released,Crossover,4.2,10,1,1,0,0,0,0,1,0,0,0,0,0,0,0,0,0,0,0,0,0
14353,0,NA,en,Repo! The Genetic Opera,5.897479,7/18/08,188126,98,Released,Repo! The Genetic Opera,6.7,100,0,0,0,1,0,0,0,0,0,0,0,1,1,0,0,1,0,0,0,0
14358,0,NA,en,Mad Hot Ballroom,0.772668,5/13/05,0,105,Released,Mad Hot Ballroom,7.2,8,0,0,0,0,0,1,0,1,0,0,0,0,0,0,0,0,0,0,0,0
14359,20000000,NA,en,Doubt,20.975165,11/27/08,50907234,104,Released,Doubt,7,435,0,0,0,0,0,0,1,0,0,0,0,0,0,1,0,0,0,0,0,0
14369,24000000,NA,en,Out Cold,4.12064,11/21/01,14782676,89,Released,Out Cold,5.8,53,0,0,0,1,0,0,0,0,0,0,0,0,0,0,0,0,0,0,0,0
14392,40000000,NA,zh,投名狀,6.884467,12/12/07,0,126,Released,The Warlords,6.3,83,1,0,0,0,0,0,1,0,0,0,1,0,0,0,0,0,0,0,0,0
14395,7400000,NA,hi,कभी अलविदा ना कहना,3.246903,8/11/06,17e6,193,Released,Kabhi Alvida Naa Kehna,6.1,42,0,0,0,0,0,0,1,0,0,0,0,0,0,0,1,0,0,0,0,0
14396,20000000,NA,en,Code Name: The Cleaner,9.36146,1/5/07,10337477,84,Released,Code Name: The Cleaner,4.7,78,1,0,0,1,1,0,0,0,0,0,0,0,0,0,0,0,0,0,0,0
14405,20000000,NA,en,Beverly Hills Chihuahua,12.25264,10/3/08,149281606,91,Released,Beverly Hills Chihuahua,4.9,209,0,1,0,1,0,0,0,1,0,0,0,0,0,0,0,0,0,0,0,0
14411,60000000,http://sinbad-themovie.com/main.html,en,Sinbad: Legend of the Seven Seas,18.815442,7/2/03,26288320,86,Released,Sinbad: Legend of the Seven Seas,6.6,372,0,1,1,0,0,0,0,1,0,0,0,0,0,0,0,0,0,0,0,0
14425,9000000,NA,en,PCU,8.738737,4/29/94,4350774,79,Released,PCU,6,41,0,0,0,1,0,0,0,0,0,0,0,0,0,0,0,0,0,0,0,0
14429,8000000,NA,en,Drive Me Crazy,4.482714,10/1/99,22593409,91,Released,Drive Me Crazy,5.8,62,0,0,0,1,0,0,1,1,0,0,0,0,0,0,1,0,0,0,0,0
14434,11000000,NA,en,I Think I Love My Wife,4.536745,3/16/07,13196245,90,Released,I Think I Love My Wife,5,55,0,0,0,1,0,0,0,0,0,0,0,0,0,0,1,0,0,0,0,0
14435,15000000,http://www.mybloodyvalentinein3d.com/,en,My Bloody Valentine,13.706357,1/16/09,100734718,NA,Released,My Bloody Valentine,5.3,299,0,0,0,0,0,0,0,0,0,0,0,1,0,1,0,0,0,0,0,0
14438,500000,http://www.fireproofthemovie.com/,en,Fireproof,6.093989,9/26/08,33456317,122,Released,Fireproof,7,100,0,0,0,0,0,0,1,0,0,0,0,0,0,0,0,0,0,0,0,0
14442,31000000,http://www.miramax.com/movie/ella-enchanted/,en,Ella Enchanted,22.71592,4/9/04,27388767,96,Released,Ella Enchanted,5.9,437,0,0,0,1,0,0,0,1,1,0,0,0,0,0,0,0,0,0,0,0
14444,30000000,NA,en,The Rugrats Movie,7.981116,11/20/98,100491683,79,Released,The Rugrats Movie,5.7,147,0,0,1,0,0,0,0,1,0,0,0,0,0,0,0,0,0,0,0,0
14451,800000,http://www.deadsnow.com,no,Død snø,11.205726,1/9/09,1984662,91,Released,Dead Snow,6.1,311,0,0,0,1,0,0,0,0,0,0,0,1,0,0,0,0,0,0,0,0
14462,80000000,NA,en,The Manchurian Candidate,21.394281,7/30/04,96105964,129,Released,The Manchurian Candidate,6.2,393,0,0,0,0,0,0,1,0,0,0,0,0,0,1,0,0,1,0,0,0
14474,5000000,NA,en,The Oh in Ohio,6.759235,3/30/06,0,88,Released,The Oh in Ohio,5.8,27,0,0,0,1,0,0,1,0,0,0,0,0,0,0,1,0,0,0,0,0
14517,4000000,NA,en,Mirrormask,7.758188,1/25/05,866999,101,Released,Mirrormask,6.6,102,0,0,0,0,0,0,0,0,1,0,0,0,0,0,0,0,0,0,0,0
14536,8000000,http://www.newintownmovie.com/,en,New in Town,13.987772,1/30/09,29010817,97,Released,New in Town,5.2,99,0,0,0,1,0,0,0,0,0,0,0,0,0,0,0,0,0,0,0,0
14538,0,NA,en,三国之见龙卸甲,4.127155,4/3/08,0,102,Released,Three Kingdoms: Resurrection of the Dragon,6.6,35,1,0,0,0,0,0,1,0,0,0,1,0,0,0,0,0,0,0,0,0
14544,0,NA,en,Roll Bounce,2.596338,9/23/05,0,112,Released,Roll Bounce,6.1,27,0,0,0,1,0,0,1,1,0,0,0,0,0,0,0,0,0,0,0,0
14557,0,NA,en,Dead Man on Campus,7.708227,8/21/98,0,96,Released,Dead Man on Campus,5.6,49,0,0,0,1,0,0,0,0,0,0,0,0,0,0,0,0,0,0,0,0
14560,26000000,http://paulblartmallcop.com/,en,Paul Blart: Mall Cop,31.250383,1/15/09,183293131,91,Released,Paul Blart: Mall Cop,5.2,788,1,1,0,1,0,0,0,1,0,0,0,0,0,0,0,0,0,0,0,0
14574,12500000,NA,en,The Boy in the Striped Pyjamas,34.821223,5/7/08,20416563,94,Released,The Boy in the Striped Pyjamas,7.7,1451,0,0,0,0,0,0,1,0,0,0,0,0,0,0,0,0,0,0,1,0
14576,6800000,NA,en,Shade,4.665309,5/18/03,0,101,Released,Shade,6.1,73,1,0,0,0,1,0,0,0,0,0,0,0,0,0,0,0,1,0,0,0
14577,0,NA,en,Dirty Work,9.066881,6/12/98,0,82,Released,Dirty Work,6.5,66,0,0,0,1,0,0,0,0,0,0,0,0,0,0,0,0,0,0,0,0
14578,7000000,NA,en,Outside Providence,2.627232,8/16/99,7292175,96,Released,Outside Providence,5.6,30,0,0,0,1,0,0,1,0,0,0,0,0,0,0,1,0,0,0,0,0
14582,0,http://www.passchendaelethemovie.com,en,Passchendaele,2.405911,10/17/08,0,114,Released,Passchendaele,6.3,26,0,0,0,0,0,0,1,0,0,0,1,0,0,0,1,0,0,0,1,0
14585,0,NA,en,In the Company of Men,2.634007,1/19/97,0,97,Released,In the Company of Men,6.8,44,0,0,0,1,0,0,1,0,0,0,0,0,0,0,0,0,0,0,0,0
14608,0,NA,en,Partition,2.131524,2/2/07,0,116,Released,Partition,6.4,6,0,0,0,0,0,0,1,0,0,1,0,0,0,0,1,0,0,0,0,0
14623,57000000,http://www.thunderbirdsmovie.com,en,Thunderbirds,9.27875,7/23/04,28283637,95,Released,Thunderbirds,4.2,91,1,1,0,1,0,0,0,1,1,0,0,0,0,0,0,1,0,0,0,0
14624,0,NA,en,The Ultimate Gift,4.976268,10/20/06,0,114,Released,The Ultimate Gift,6.8,78,0,0,0,0,0,0,1,1,0,0,0,0,0,0,1,0,0,0,0,0
14629,8000000,NA,en,Woman on Top,3.535789,9/22/00,0,92,Released,Woman on Top,5.5,46,0,0,0,1,0,0,1,0,0,0,0,0,0,0,1,0,0,0,0,0
14631,6500000,http://www.workandtheglory.com/,en,The Work and the Glory II: American Zion,2.639106,10/21/05,2025032,100,Released,The Work and the Glory II: American Zion,8,6,0,0,0,0,0,0,1,0,0,0,0,0,0,0,0,0,0,0,0,0
14635,20000000,NA,en,The Rookie,11.263361,3/25/02,75597042,127,Released,The Rookie,6.5,110,0,0,0,0,0,0,1,1,0,0,0,0,0,0,0,0,0,0,0,0
14652,0,NA,fr,Bon voyage,0.49446,4/16/03,0,114,Released,Bon voyage,5.7,20,0,0,0,1,0,0,1,0,0,1,0,0,0,0,0,0,0,0,0,0
14655,0,NA,en,Soul Men,5.483671,11/7/08,0,103,Released,Soul Men,6.3,47,0,0,0,1,0,0,0,0,0,0,0,0,1,0,0,0,0,0,0,0
14662,5000000,NA,en,Slums of Beverly Hills,6.308298,8/14/98,0,91,Released,Slums of Beverly Hills,6.5,44,0,0,0,1,0,0,1,0,0,0,0,0,0,0,0,0,0,0,0,0
14709,0,NA,en,Varsity Blues,9.229999,1/15/99,0,106,Released,Varsity Blues,6,122,0,0,0,1,0,0,1,0,0,0,0,0,0,0,1,0,0,0,0,0
14729,10000000,NA,en,The Long Riders,2.959547,5/12/80,15795189,99,Released,The Long Riders,6.6,50,0,0,0,0,0,0,0,0,0,0,1,0,0,0,0,0,0,0,0,1
14736,20000000,NA,en,Love & Basketball,2.027393,4/21/00,27728118,124,Released,Love & Basketball,7.4,88,1,0,0,1,0,0,1,0,0,0,0,0,0,0,1,0,0,0,0,0
14745,0,http://www.mylifetime.com/movies/the-haunting-of-molly-hartley,en,The Haunting of Molly Hartley,8.309894,10/31/08,0,82,Released,The Haunting of Molly Hartley,4.3,48,0,0,0,0,0,0,1,0,0,0,0,1,0,0,0,0,0,0,0,0
14757,46000,NA,ps,Osama,1.447734,5/20/03,0,83,Released,Osama,6.3,32,0,0,0,0,0,0,1,0,0,0,0,0,0,0,0,0,0,0,0,0
14758,0,http://www.gooddickthefilm.com/,en,Good Dick,1.948435,10/3/08,0,86,Released,Good Dick,6.1,34,0,0,0,1,0,0,1,0,0,0,0,0,0,0,1,0,0,0,0,0
14778,0,NA,en,Last Orders,3.603842,9/10/01,0,109,Released,Last Orders,6,22,0,0,0,1,0,0,1,0,0,0,0,0,0,0,0,0,0,0,0,0
14799,12000000,NA,en,For Your Consideration,4.330428,11/22/06,5542025,86,Released,For Your Consideration,5.9,43,0,0,0,1,0,0,1,0,0,0,0,0,0,0,0,0,0,0,0,0
14811,9000000,NA,en,Fiddler on the Roof,7.623979,11/3/71,83304330,181,Released,Fiddler on the Roof,7.4,134,0,0,0,0,0,0,1,0,0,0,0,0,0,0,1,0,0,0,0,0
14823,0,NA,en,London to Brighton,3.060685,12/1/06,0,85,Released,London to Brighton,6.5,34,0,0,0,0,1,0,1,0,0,0,0,0,0,0,0,0,1,0,0,0
14834,0,http://www.sonypictures.com/movies/noteasilybroken/site/,en,Not Easily Broken,5.1299,1/9/09,0,99,Released,Not Easily Broken,6.3,9,0,0,0,0,0,0,1,0,0,0,0,0,0,0,1,0,0,0,0,0
14836,60000000,http://coraline.com/,en,Coraline,51.146047,2/5/09,124596398,100,Released,Coraline,7.3,1386,0,0,1,0,0,0,0,1,0,0,0,0,0,0,0,0,0,0,0,0
14844,23000000,NA,en,Chasing Liberty,3.362045,1/9/04,12,111,Released,Chasing Liberty,6.1,152,0,0,0,1,0,0,0,0,0,0,0,0,0,0,1,0,0,0,0,0
14846,35000000,NA,en,Little Black Book,6.246199,8/6/04,22034832,111,Released,Little Black Book,5.2,112,0,0,0,1,0,0,1,0,0,0,0,0,0,0,1,0,0,0,0,0
14849,0,NA,en,Dead Like Me: Life After Death,7.864905,2/17/09,0,87,Released,Dead Like Me: Life After Death,5.8,65,0,0,0,1,0,0,1,0,1,0,0,0,0,0,0,0,0,0,0,0
14854,5000000,NA,en,Lone Wolf McQuade,8.452666,4/14/83,12232628,107,Released,Lone Wolf McQuade,5.5,67,1,0,0,0,1,0,1,0,0,0,0,0,0,0,1,0,1,0,0,1
14869,175000000,http://www.gijoemovie.com/,en,G.I. Joe: The Rise of Cobra,32.852443,8/4/09,302469017,118,Released,G.I. Joe: The Rise of Cobra,5.6,1962,1,1,0,0,0,0,0,0,0,0,0,0,0,0,0,1,1,0,0,0
14873,20000000,NA,en,The Jungle Book 2,19.819893,2/7/03,13568e4,72,Released,The Jungle Book 2,5.6,269,0,1,1,0,0,0,0,1,0,0,0,0,0,0,0,0,0,0,0,0
14877,11000000,NA,en,September Dawn,3.646848,5/17/07,0,110,Released,September Dawn,5,16,1,0,0,0,0,0,1,0,0,0,1,0,0,0,1,0,0,0,0,1
14902,0,NA,en,1776,1.807571,11/9/72,0,142,Released,1776,7.1,20,0,0,0,1,0,0,1,0,0,0,1,0,1,0,0,0,0,0,0,0
14914,0,http://flashofgenius.net/,en,Flash of Genius,3.350297,9/7/08,0,119,Released,Flash of Genius,6.3,59,0,0,0,0,0,0,1,0,0,0,0,0,0,0,0,0,0,0,0,0
14976,0,NA,en,Rachel Getting Married,14.345428,10/3/08,0,113,Released,Rachel Getting Married,6.1,163,0,0,0,0,0,0,1,0,0,0,0,0,0,0,0,0,0,0,0,0
15005,20000000,http://8x.com/onenight/main.html,en,One Night with the King,3.476925,10/13/06,13391174,123,Released,One Night with the King,6.1,12,0,0,0,0,0,0,1,0,0,0,0,0,0,0,0,0,0,0,0,0
15013,0,NA,en,Wah-Wah,2.356244,8/17/05,0,120,Released,Wah-Wah,6.3,8,0,0,0,0,0,0,1,0,0,0,0,0,0,0,0,0,0,0,0,0
15017,10000000,NA,en,Blonde Ambition,3.064563,12/21/07,0,93,Released,Blonde Ambition,3.9,29,0,0,0,1,0,0,0,0,0,0,0,0,0,0,1,0,0,0,0,0
15028,26000000,NA,en,Clockstoppers,5.894163,3/17/02,38793283,94,Released,Clockstoppers,4.9,89,0,1,0,0,0,0,0,1,0,0,0,0,0,0,0,1,1,0,0,0
15037,10000000,NA,en,Can't Hardly Wait,11.350382,6/12/98,25605015,100,Released,Can't Hardly Wait,6.1,122,0,0,0,1,0,0,1,0,0,0,0,0,0,0,1,0,0,0,0,0
15045,0,NA,en,Fat Albert,7.157635,12/12/04,0,93,Released,Fat Albert,4.3,69,0,0,0,1,0,0,1,1,0,0,0,0,0,0,0,0,0,0,0,0
15049,8000000,NA,fr,Bon Cop Bad Cop,5.069095,7/6/06,12671300,116,Released,Bon Cop Bad Cop,6.5,42,1,0,0,1,1,0,0,0,0,0,0,0,0,0,0,0,0,0,0,0
15059,4000000,NA,en,The Loss of Sexual Innocence,2.866934,4/29/99,0,106,Released,The Loss of Sexual Innocence,5.2,9,0,0,0,0,0,0,1,0,0,0,0,0,0,0,0,0,0,0,0,0
15067,10000000,NA,ko,"좋은 놈, 나쁜 놈, 이상한 놈",11.847324,7/16/08,0,130,Released,"The Good, The Bad, The Weird",7.1,193,1,1,0,1,0,0,0,0,0,0,0,0,0,0,0,0,0,0,0,1
15070,20000000,NA,en,Undisputed,17.227376,8/23/02,12398628,96,Released,Undisputed,6.1,139,1,1,0,0,0,0,1,0,0,0,0,0,0,0,0,0,1,0,0,0
15074,40000000,NA,en,Extreme Ops,2.911819,11/27/02,10959475,93,Released,Extreme Ops,5,28,1,1,0,0,0,0,1,0,0,0,0,0,0,0,0,0,1,0,0,0
15092,20000000,http://www.crank2.com/,en,Crank: High Voltage,35.542809,4/16/09,34560577,96,Released,Crank: High Voltage,5.9,861,1,0,0,0,1,0,0,0,0,0,0,0,0,0,0,0,1,0,0,0
15121,8200000,NA,en,The Sound of Music,37.960289,3/2/65,286214286,174,Released,The Sound of Music,7.4,941,0,0,0,0,0,0,1,1,0,0,0,0,1,0,1,0,0,0,0,0
15122,0,NA,en,Love Stinks,3.3478850000000002,9/10/99,0,94,Released,Love Stinks,5.4,11,0,0,0,1,0,0,0,0,0,0,0,0,0,0,1,0,0,0,0,0
15158,3000000,http://phantasm.com,en,Phantasm II,5.003615,7/8/88,7282851,97,Released,Phantasm II,6.3,94,1,0,0,0,0,0,0,0,0,0,0,1,0,0,0,1,1,0,0,0
15173,0,NA,en,Jonah: A VeggieTales Movie,1.446172,10/4/02,0,82,Released,Jonah: A VeggieTales Movie,6.4,22,1,1,1,1,0,0,0,1,1,0,0,0,0,0,1,0,0,0,0,0
15186,2000000,NA,en,Full Frontal,1.95686,8/2/02,2506446,96,Released,Full Frontal,4.8,26,0,0,0,1,0,0,1,0,0,0,0,0,0,0,1,0,0,0,0,0
15189,35000000,NA,en,Hotel for Dogs,13.25753,1/16/09,73034460,100,Released,Hotel for Dogs,5.7,202,0,0,0,1,0,0,0,1,0,0,0,0,0,0,0,0,0,0,0,0
15198,28000000,NA,en,"Mystery, Alaska",4.436792,10/1/99,8888143,119,Released,"Mystery, Alaska",6,69,0,0,0,1,0,0,1,0,0,0,0,0,0,0,0,0,0,0,0,0
15208,0,NA,en,Bathory,2.500218,7/4/08,0,NA,Released,Bathory: Countess of Blood,5.6,31,0,0,0,0,0,0,1,0,1,0,0,0,0,0,0,0,0,0,0,0
15237,20000000,NA,en,De-Lovely,3.138118,7/2/04,0,125,Released,De-Lovely,6.3,32,0,0,0,0,0,0,1,0,0,0,0,0,1,0,0,0,0,0,0,0
15239,0,NA,en,The Toxic Avenger,6.672008,5/1/84,0,82,Released,The Toxic Avenger,6.3,113,1,0,0,1,0,0,0,0,0,0,0,1,0,0,0,1,0,0,0,0
15250,13000000,NA,en,This Christmas,2.388918,11/27/07,0,117,Released,This Christmas,7.1,29,0,0,0,1,0,0,1,0,0,0,0,0,0,0,0,0,0,0,0,0
15256,6000000,NA,en,200 Cigarettes,3.561198,2/26/99,6852450,101,Released,200 Cigarettes,6.1,44,0,0,0,1,0,0,1,0,0,0,0,0,0,0,1,0,0,0,0,0
15268,50000000,NA,en,Street Fighter: The Legend of Chun-Li,8.139676,2/27/09,12764201,97,Released,Street Fighter: The Legend of Chun-Li,3.9,112,1,1,0,0,0,0,0,0,0,0,0,0,0,0,0,1,1,0,0,0
15301,10000000,NA,en,Twilight Zone: The Movie,12.902975,6/24/83,29450919,101,Released,Twilight Zone: The Movie,6.2,161,0,0,0,0,0,0,1,0,1,0,0,1,0,0,0,1,1,0,0,0
15365,0,NA,en,Witless Protection,1.82184,2/22/08,0,97,Released,Witless Protection,4,26,1,1,0,1,1,0,0,0,0,0,0,0,0,0,0,0,0,0,0,0
15373,28000000,NA,en,Role Models,24.917665,2/3/08,92380927,99,Released,Role Models,6.4,564,0,0,0,1,0,0,0,0,0,0,0,0,0,0,0,0,0,0,0,0
15389,225000,NA,en,Metropolitan,1.014966,8/3/90,0,98,Released,Metropolitan,7,38,0,0,0,1,0,0,1,0,0,0,0,0,0,0,0,0,0,0,0,0
15394,0,NA,en,Owning Mahowny,8.045488,5/2/03,0,104,Released,Owning Mahowny,6.8,37,0,0,0,0,1,0,1,0,0,0,0,0,0,0,0,0,1,0,0,0
15487,25000000,NA,en,The Greatest Game Ever Played,7.538513,9/30/05,15431177,120,Released,The Greatest Game Ever Played,6.9,110,0,0,0,0,0,0,1,1,0,0,0,0,0,0,0,0,0,0,0,0
15489,0,NA,en,Snow Day,7.964289,2/11/00,0,89,Released,Snow Day,4.8,51,0,0,0,1,0,0,0,1,0,0,0,0,0,0,0,0,0,0,0,0
15511,0,NA,en,VeggieTales: The Pirates Who Don't Do Anything,1.800119,1/11/08,0,85,Released,VeggieTales: The Pirates Who Don't Do Anything,5.9,25,0,1,1,1,0,0,0,1,0,0,0,0,0,0,0,1,0,0,0,0
15512,175000000,http://www.monstersvsaliens.com/,en,Monsters vs Aliens,36.167578,3/19/09,381509870,94,Released,Monsters vs Aliens,6,1423,0,1,1,0,0,0,0,1,0,0,0,0,0,0,0,1,0,0,0,0
15544,0,NA,en,Extreme Movie,8.148187,12/5/08,0,88,Released,Extreme Movie,3.9,44,0,0,0,1,0,0,0,0,0,0,0,0,0,0,0,0,0,0,0,0
15556,0,NA,en,At First Sight,5.778724,1/15/99,0,128,Released,At First Sight,5.9,48,0,0,0,0,0,0,1,0,0,0,0,0,0,0,1,0,0,0,0,0
15568,9000000,NA,en,Gracie,2.365328,6/1/07,2955039,97,Released,Gracie,6,17,0,0,0,0,0,0,1,0,0,0,0,0,0,0,0,0,0,0,0,0
15581,0,NA,en,Who's Your Caddy?,2.881239,7/27/07,0,93,Released,Who's Your Caddy?,3.8,18,0,0,0,1,0,0,0,0,0,0,0,0,0,0,0,0,0,0,0,0
15582,0,NA,en,Teen Wolf Too,4.103764,11/20/87,0,95,Released,Teen Wolf Too,3.8,46,0,0,0,1,0,0,0,1,1,0,0,0,0,0,0,0,0,0,0,0
15624,450000,NA,en,Conversations with Other Women,4.442355,6/7/06,973525,84,Released,Conversations with Other Women,6.2,38,0,0,0,0,0,0,1,0,0,0,0,0,0,0,1,0,0,0,0,0
15639,0,NA,en,Larry the Cable Guy: Health Inspector,2.184708,3/24/06,0,89,Released,Larry the Cable Guy: Health Inspector,3.3,17,0,0,0,1,0,0,0,0,0,0,0,0,0,0,0,0,0,0,0,0
15644,20000000,NA,en,Paparazzi,9.149089,9/3/04,16605763,84,Released,Paparazzi,5.8,52,1,0,0,0,0,0,1,0,0,0,0,0,0,0,0,0,1,0,0,0
15647,1000000,NA,en,Kissing Jessica Stein,3.990215,4/21/01,10013424,97,Released,Kissing Jessica Stein,5.9,48,0,0,0,1,0,0,0,0,0,0,0,0,0,0,0,0,0,0,0,0
15648,0,http://www.watchvideoseries.com/movies/the-perfect-man-2005/,en,The Perfect Man,11.158906,6/17/05,0,100,Released,The Perfect Man,5.5,203,0,0,0,1,0,0,1,1,0,0,0,0,0,0,1,0,0,0,0,0
15655,30000000,http://www.tigger.com,en,The Tigger Movie,9.829859,2/11/00,45554533,77,Released,The Tigger Movie,6.3,143,0,0,1,0,0,0,0,1,0,0,0,0,0,0,0,0,0,0,0,0
15660,0,NA,en,Mommie Dearest,3.102862,9/18/81,0,129,Released,Mommie Dearest,6.5,54,0,0,0,0,0,0,1,0,0,0,0,0,0,0,0,0,0,0,0,0
15670,0,http://www.madeagoestojailmovie.com/,en,Madea Goes to Jail,3.107371,2/16/09,90508336,103,Released,Madea Goes to Jail,6.4,52,0,0,0,1,1,0,1,0,0,0,0,0,0,0,0,0,0,0,0,0
15673,20000000,NA,en,Connie and Carla,6.102663,4/16/04,11341016,98,Released,Connie and Carla,6.4,24,0,0,0,1,0,0,0,0,0,0,0,0,0,0,0,0,0,0,0,0
15699,5000000,NA,en,Opal Dream,1.458884,11/22/06,140666,86,Released,Opal Dream,6.1,7,0,0,0,0,0,0,1,1,0,1,0,0,0,0,0,0,0,0,0,0
15708,850000,NA,en,Latter Days,5.424916,7/10/03,819939,107,Released,Latter Days,6.7,56,0,0,0,1,0,0,1,0,0,0,0,0,0,0,1,0,0,0,0,0
15745,5000000,NA,en,Made,4.149628,7/13/01,5476060,94,Released,Made,6.3,55,1,0,0,1,0,0,0,0,0,0,0,0,0,0,0,0,1,0,0,0
15765,0,NA,en,What's Love Got to Do with It,7.921311,6/9/93,0,118,Released,What's Love Got to Do with It,6.9,72,0,0,0,0,0,0,1,0,0,0,0,0,1,0,0,0,0,0,0,0
15797,6000000,NA,en,Only the Strong,5.411243,8/27/93,3283371,99,Released,Only the Strong,6.9,29,1,0,0,0,0,0,0,0,0,0,0,0,0,0,0,0,0,0,0,0
15800,0,NA,en,Trekkies,2.77754,10/18/97,0,86,Released,Trekkies,6.3,22,0,0,0,0,0,1,0,0,0,0,0,0,0,0,0,0,0,0,0,0
15875,2686000,NA,en,Donovan's Reef,1.897263,6/12/63,66e5,109,Released,Donovan's Reef,6,30,0,1,0,1,0,0,0,0,0,0,0,0,0,0,1,0,0,0,0,0
15907,12000000,http://dumamovie.warnerbros.com/,en,Duma,4.795244,4/22/05,0,100,Released,Duma,6.9,41,0,1,0,0,0,0,1,1,0,0,0,0,0,0,0,0,0,0,0,0
15927,8000000,NA,en,A Passage to India,9.548391,12/14/84,27187653,163,Released,A Passage to India,6.9,67,0,1,0,0,0,0,1,0,0,0,1,0,0,0,0,0,0,0,0,0
15976,0,NA,he,Ha-Buah,1.49436,6/6/06,0,114,Released,The Bubble,7.6,20,0,0,0,0,0,0,1,0,0,0,0,0,0,0,1,0,0,0,0,0
15983,0,NA,en,Invasion U.S.A.,4.192064,9/27/85,0,107,Released,Invasion U.S.A.,5.3,49,1,0,0,0,0,0,0,0,0,0,0,0,0,0,0,0,1,0,0,0
15992,25000000,NA,en,Abandon,3.888776,10/14/02,10719357,99,Released,Abandon,4.6,45,0,0,0,0,0,0,1,0,0,0,0,0,0,1,0,0,1,0,0,0
16005,0,http://www.theluckyonesmovie.com/,en,The Lucky Ones,8.747922,9/26/08,0,113,Released,The Lucky Ones,6.3,55,0,0,0,1,0,0,1,0,0,0,1,0,0,0,0,0,0,0,0,0
16016,0,NA,en,Rejsen til Saturn,1.776624,9/26/08,0,90,Released,Journey to Saturn,4.9,10,1,1,1,1,0,0,0,0,0,0,0,0,0,0,0,1,0,0,0,0
16028,17000000,NA,en,They,4.544216,11/1/02,0,89,Released,They,4.6,74,0,0,0,0,0,0,0,0,0,0,0,1,0,0,0,0,1,0,0,0
16052,20000000,NA,en,Selena,6.92592,3/21/97,6e7,127,Released,Selena,7,114,0,0,0,0,0,0,1,0,0,0,0,0,0,0,0,0,0,0,0,0
16072,56000000,NA,en,Gods and Generals,4.362535,2/21/03,12923936,214,Released,Gods and Generals,6.1,48,0,0,0,0,0,0,1,0,0,0,1,0,0,0,0,0,0,0,1,0
16096,0,NA,en,House Party 2,3.673566,10/23/91,0,94,Released,House Party 2,4.7,21,0,0,0,1,0,0,0,0,0,0,0,0,0,0,0,0,0,0,0,0
16110,0,NA,en,Thomas and the Magic Railroad,1.916351,7/26/00,0,85,Released,Thomas and the Magic Railroad,4.6,8,0,0,1,0,0,0,1,1,0,0,0,0,0,0,0,1,0,0,0,0
16112,0,NA,en,The Adventures of Elmo in Grouchland,3.09159,10/1/99,0,73,Released,The Adventures of Elmo in Grouchland,6.3,14,0,0,0,0,0,0,0,1,0,0,0,0,0,0,0,0,0,0,0,0
16148,5000000,NA,en,Zero Effect,2.732031,1/30/98,1980338,116,Released,Zero Effect,6,55,0,0,0,1,1,0,0,0,0,0,0,0,0,1,0,0,1,0,0,0
16155,0,NA,en,Safe Men,1.190729,8/17/98,0,88,Released,Safe Men,6.3,16,0,0,0,1,1,0,0,0,0,0,0,0,0,0,0,0,0,0,0,0
16158,6000000,NA,en,The Wood,5.537646,7/16/99,25059640,106,Released,The Wood,7.1,34,0,0,0,1,0,0,1,0,0,0,0,0,0,0,1,0,0,0,0,0
16161,16000000,NA,en,Baby Boy,7.854989,6/27/01,29381649,130,Released,Baby Boy,7.4,55,0,0,0,0,1,0,1,0,0,0,0,0,0,0,1,0,0,0,0,0
16162,9000000,http://www.universalpictures.com/bestman/,en,The Best Man,3.951041,10/22/99,34573780,120,Released,The Best Man,6.8,38,0,0,0,1,0,0,1,0,0,0,0,0,0,0,0,0,0,0,0,0
16172,6000000,NA,en,Simply Irresistible,5.696491,2/5/99,4398989,95,Released,Simply Irresistible,5.5,52,0,0,0,1,0,0,0,0,0,0,0,0,0,0,0,0,0,0,0,0
16186,0,NA,en,Diary of a Mad Black Woman,3.784535,2/25/05,0,116,Released,Diary of a Mad Black Woman,6.4,71,0,0,0,1,0,0,1,0,0,0,0,0,0,0,1,0,0,0,0,0
16205,0,NA,en,Jack Brooks: Monster Slayer,2.659804,10/9/07,0,85,Released,Jack Brooks: Monster Slayer,5.7,59,1,0,0,1,0,0,0,0,0,0,0,1,0,0,0,0,0,0,0,0
16222,15000000,NA,en,Whatever It Takes,8.074807,3/31/00,9902115,94,Released,Whatever It Takes,5,37,0,0,0,1,0,0,1,0,0,0,0,0,0,0,1,0,0,0,0,0
16232,30000000,NA,en,Mr. 3000,2.850896,6/15/04,21800302,104,Released,Mr. 3000,5,66,0,0,0,1,0,0,1,0,0,0,0,0,0,0,0,0,0,0,0,0
16241,0,NA,en,The Boys from Brazil,5.315213,10/5/78,0,125,Released,The Boys from Brazil,6.6,101,0,0,0,0,0,0,1,0,0,0,0,1,0,0,0,1,1,0,0,0
16281,8000000,NA,en,Creepshow,13.661289,11/12/82,21028755,120,Released,Creepshow,6.7,226,0,0,0,1,0,0,0,0,1,0,0,1,0,0,0,0,0,0,0,0
16288,3500000,NA,en,Creepshow 2,10.729884,5/1/87,14e6,92,Released,Creepshow 2,5.9,129,0,0,0,0,0,0,0,0,0,0,0,1,0,0,0,0,0,0,0,0
16290,20000000,NA,en,Jackass 3D,20.99174,10/15/10,117224271,94,Released,Jackass 3D,6.4,428,1,0,0,1,0,1,0,0,0,0,0,0,0,0,0,0,0,0,0,0
16300,0,NA,en,Down to Earth,9.166658,2/16/01,0,87,Released,Down to Earth,4.9,95,0,0,0,1,0,0,0,0,1,0,0,0,0,0,1,1,0,0,0,0
16320,39000000,NA,en,Serenity,45.388937,8/25/05,38869464,119,Released,Serenity,7.4,1264,1,1,0,0,0,0,0,0,0,0,0,0,0,0,0,1,1,0,0,0
16323,9250000,NA,en,The Rose,7.000949,11/7/79,29174648,125,Released,The Rose,6.8,28,0,0,0,0,0,0,1,0,0,0,0,0,1,0,1,0,0,0,0,0
16337,4700000,NA,en,The Texas Chainsaw Massacre 2,9.617777,8/22/86,8025872,101,Released,The Texas Chainsaw Massacre 2,5.9,139,0,0,0,0,0,0,0,0,0,0,0,1,0,0,0,0,0,0,0,0
16340,30,NA,it,Rugrats in Paris: The Movie,4.590277,9/14/00,103,78,Released,Rugrats in Paris: The Movie,6,100,0,1,1,1,0,0,0,1,0,0,0,0,0,0,0,0,0,0,0,0
16351,0,NA,en,Ararat,1.326264,5/20/02,0,115,Released,Ararat,5.7,16,0,0,0,0,0,0,1,0,0,0,0,0,0,0,0,0,0,0,1,0
16353,8500000,http://www.ongbak2themovie.com/,th,Ong Bak 2,9.029489,12/4/08,8936663,NA,Released,Ong Bak 2,6,152,1,1,0,0,0,0,0,0,0,0,0,0,0,0,0,0,1,0,0,0
16358,0,NA,en,Eulogy,9.085482,10/15/04,0,91,Released,Eulogy,6.4,34,0,0,0,1,0,0,1,0,0,0,0,0,0,0,0,0,0,0,0,0
16363,35000000,NA,en,The Best Little Whorehouse in Texas,4.189378,7/23/82,69701637,114,Released,The Best Little Whorehouse in Texas,5.9,41,0,0,0,1,0,0,0,0,0,0,0,0,0,0,0,0,0,0,0,0
16388,0,NA,en,The Brothers McMullen,1.578903,8/9/95,0,98,Released,The Brothers McMullen,6.3,23,0,0,0,1,0,0,1,0,0,0,0,0,0,0,1,0,0,0,0,0
16406,13000000,NA,en,Dick,4.742537,8/4/99,275e5,94,Released,Dick,5.7,67,0,0,0,1,0,0,0,0,0,0,0,0,0,0,0,0,0,0,0,0
16428,0,NA,en,Breakin' All the Rules,6.904734,5/14/04,0,85,Released,Breakin' All the Rules,5.8,21,0,0,0,1,0,0,0,0,0,0,0,0,0,0,1,0,0,0,0,0
16433,0,NA,en,Grand Theft Parsons,1.998557,6/18/03,0,88,Released,Grand Theft Parsons,6,11,0,1,0,1,1,0,1,0,0,0,0,0,0,0,0,0,0,0,0,0
16441,0,NA,en,The Beastmaster,6.377523,8/20/82,14056528,118,Released,The Beastmaster,6,97,1,0,0,0,0,0,0,0,1,0,0,0,0,0,0,0,0,0,0,0
16448,0,NA,en,Waiting for Guffman,4.348416,1/31/96,0,84,Released,Waiting for Guffman,7.3,63,0,0,0,1,0,0,0,0,0,0,0,0,1,0,0,0,0,0,0,0
16471,0,NA,en,Modern Problems,4.293706,12/25/81,0,89,Released,Modern Problems,5.6,23,0,0,0,1,0,0,0,0,0,0,0,0,0,0,0,0,0,0,0,0
16508,0,NA,en,Doug's 1st Movie,1.88484,3/26/99,0,77,Released,Doug's 1st Movie,5.4,22,0,0,1,1,0,0,0,1,0,0,0,0,0,0,0,0,0,0,0,0
16523,100000000,http://wherethewildthingsare.warnerbros.com/,en,Where the Wild Things Are,31.586215,10/16/09,100086793,101,Released,Where the Wild Things Are,6.4,572,0,0,0,0,0,0,0,1,1,0,0,0,0,0,0,0,0,0,0,0
16538,41000000,http://www.iloveyouman.com/,en,"I Love You, Man",25.391899,3/20/09,91636986,105,Released,"I Love You, Man",6.5,515,0,0,0,1,0,0,0,0,0,0,0,0,0,0,0,0,0,0,0,0
16558,78146652,http://www.universalstudiosentertainment.com/duplicity/,en,Duplicity,13.630049,3/19/09,6e7,125,Released,Duplicity,5.7,201,0,0,0,1,1,0,0,0,0,0,0,0,0,0,1,0,0,0,0,0
16564,4000000,http://www.sonyclassics.com/winterinwartime/,nl,Oorlogswinter,5.013575,11/17/08,530048,103,Released,Winter in Wartime,6.8,66,0,0,0,0,0,0,1,0,0,0,1,0,0,0,0,0,0,0,1,0
16577,65000000,http://www.astroboy-themovie.com/,en,Astro Boy,24.857079,10/15/09,44091067,94,Released,Astro Boy,6.1,409,1,0,1,0,0,0,0,1,0,0,0,0,0,0,0,1,0,0,0,0
16608,2000000,NA,en,The Proposition,14.617944,10/6/05,5048693,104,Released,The Proposition,7.1,218,1,1,0,0,1,0,1,0,0,0,0,0,0,0,0,0,1,0,0,1
16614,9500000,http://www.adventurelandthefilm.com/,en,Adventureland,19.978021,4/3/09,17164377,107,Released,Adventureland,6.4,737,0,0,0,1,0,0,0,0,0,0,0,0,0,0,0,0,0,0,0,0
16617,27000000,http://www.mindhunters-thefilm.com/,en,Mindhunters,17.193659,5/7/04,21148829,106,Released,Mindhunters,6.3,333,0,0,0,0,1,0,0,0,0,0,0,0,0,1,0,0,1,0,0,0
16619,6000000,NA,en,Ordinary People,12.541983,9/19/80,0,124,Released,Ordinary People,7.4,145,0,0,0,0,0,0,1,0,0,0,0,0,0,0,0,0,0,0,0,0
16620,6500000,NA,en,La Bamba,6.847099,7/24/87,54215416,108,Released,La Bamba,6.8,116,0,0,0,0,0,0,1,0,0,0,0,0,1,0,0,0,0,0,0,0
16633,5100000,NA,en,Somewhere in Time,5.934016,10/2/80,0,103,Released,Somewhere in Time,7.2,102,0,0,0,0,0,0,1,0,1,0,0,0,0,0,1,1,0,0,0,0
16642,0,NA,en,Days of Heaven,13.857194,9/13/78,0,94,Released,Days of Heaven,7.6,234,0,0,0,0,0,0,1,0,0,0,0,0,0,0,1,0,0,0,0,0
16643,40000000,NA,en,Life or Something Like It,8.980846,4/26/02,16872671,103,Released,Life or Something Like It,5.7,124,0,0,0,1,0,0,1,0,0,0,0,0,0,0,1,0,0,0,0,0
16651,7000000,NA,en,The Other Side of Heaven,2.206097,4/12/01,4720371,113,Released,The Other Side of Heaven,6.7,14,1,1,0,0,0,0,1,1,0,0,0,0,0,0,0,0,0,0,0,0
16653,0,NA,en,The Singles Ward,0.920591,1/30/02,0,102,Released,The Singles Ward,7.5,4,0,0,0,1,0,0,1,1,0,0,0,0,0,0,1,0,0,0,0,0
16690,20000000,NA,en,Return to Never Land,15.341196,2/14/02,109862682,72,Released,Return to Never Land,6.1,290,0,1,1,0,0,0,0,1,1,0,0,0,0,0,0,0,0,0,0,0
16727,12000000,NA,en,The Namesake,3.604863,9/2/06,20138836,122,Released,The Namesake,6.8,50,0,0,0,0,0,0,1,0,0,0,0,0,0,0,0,0,0,0,0,0
16769,15000000,NA,en,Coal Miner's Daughter,3.826685,3/7/80,67182787,125,Released,Coal Miner's Daughter,7.2,67,0,0,0,0,0,0,1,0,0,0,0,0,1,0,0,0,0,0,0,0
16781,6000000,NA,en,Madea's Family Reunion,5.882208,2/24/06,57231524,110,Released,Madea's Family Reunion,6,77,0,0,0,1,0,0,1,0,0,0,0,0,0,0,1,0,0,0,0,0
16784,30000000,NA,en,Welcome to Mooseport,3.314094,2/24/04,14e6,110,Released,Welcome to Mooseport,4.8,54,0,0,0,1,0,0,0,0,0,0,0,0,0,0,0,0,0,0,0,0
16857,0,NA,en,The Dangerous Lives of Altar Boys,2.24888,6/14/02,0,104,Released,The Dangerous Lives of Altar Boys,6.4,53,0,0,0,1,0,0,1,0,0,0,0,0,0,0,0,0,0,0,0,0
16858,0,NA,en,All That Jazz,5.159407,12/20/79,37823676,123,Released,All That Jazz,7.3,85,0,0,0,0,0,0,1,0,0,0,0,0,1,0,0,0,0,0,0,0
16866,70000000,http://www.sonypictures.com/movies/planet51/,en,Planet 51,23.661071,11/19/09,104945765,91,Released,Planet 51,5.6,556,0,1,1,1,0,0,0,1,0,0,0,0,0,0,0,1,0,0,0,0
16869,70000000,http://www.inglouriousbasterds-movie.com/,en,Inglourious Basterds,72.595961,8/18/09,319131050,153,Released,Inglourious Basterds,7.9,6430,1,0,0,0,0,0,1,0,0,0,0,0,0,0,0,0,1,0,1,0
16871,30000000,http://www.dragmetohell.net/,en,Drag Me to Hell,45.083509,3/15/09,90810892,99,Released,Drag Me to Hell,6.2,966,0,0,0,0,0,0,0,0,0,0,0,1,0,0,0,0,1,0,0,0
16888,24000000,NA,en,The Ladies Man,2.259537,10/13/00,137e5,84,Released,The Ladies Man,5.7,34,0,0,0,1,0,0,0,0,0,0,0,0,0,0,0,0,0,0,0,0
16899,0,http://www.easyvirtuethemovie.co.uk/,en,Easy Virtue,8.387573,1/1/08,0,93,Released,Easy Virtue,6.3,108,0,0,0,1,0,0,0,0,0,0,0,0,0,0,1,0,0,0,0,0
16911,36500000,http://oostrov.ru,ru,Obitaemyy Ostrov,2.785832,12/18/08,21834845,115,Released,The Inhabited Island,5.3,23,1,0,0,0,0,0,0,0,1,0,0,0,0,0,0,1,1,0,0,0
16988,0,NA,en,How She Move,1.782666,1/25/08,0,94,Released,How She Move,3,6,0,0,0,0,0,0,1,0,0,0,0,0,0,0,0,0,0,0,0,0
16991,0,NA,en,Observe and Report,10.529143,4/10/09,24007324,86,Released,Observe and Report,5.6,225,0,0,0,1,1,0,1,0,0,0,0,0,0,0,0,0,0,0,0,0
16995,60000000,http://www.stateofplaymovie.net/,en,State of Play,21.685719,4/17/09,87784194,127,Released,State of Play,6.7,484,1,0,0,0,0,0,0,0,0,0,0,0,0,0,0,0,0,0,0,0
16996,20000000,http://www.17againmovie.com/,en,17 Again,52.571674,3/11/09,136267476,102,Released,17 Again,6.1,1350,0,0,0,1,0,0,0,0,0,0,0,0,0,0,0,0,0,0,0,0
17043,0,NA,en,The Crocodile Hunter: Collision Course,1.714972,7/26/02,33082548,90,Released,The Crocodile Hunter: Collision Course,5.3,34,1,1,0,0,0,0,0,1,0,0,0,0,0,0,0,0,0,0,0,0
17044,0,NA,en,The Land Girls,1.278092,9/25/98,0,111,Released,The Land Girls,7,3,0,0,0,0,0,0,1,0,0,0,0,0,0,0,1,0,0,0,1,0
17047,26000000,http://www.mgm.com/view/Movie/33/,en,Agent Cody Banks 2: Destination London,10.925618,12/3/04,28818995,100,Released,Agent Cody Banks 2: Destination London,5.2,144,0,0,0,1,0,0,0,0,0,0,0,0,0,0,0,0,0,0,0,0
17113,1500000,NA,en,The Ballad of Jack and Rose,3.618646,3/25/05,712294,111,Released,The Ballad of Jack and Rose,6.5,43,0,0,0,0,0,0,1,0,0,0,0,0,0,0,0,0,0,0,0,0
17127,15000000,NA,en,The Object of My Affection,5.164281,4/17/98,46905889,111,Released,The Object of My Affection,5.6,72,0,0,0,1,0,0,1,0,0,0,0,0,0,0,1,0,0,0,0,0
17130,12000000,NA,en,Crossroads,6.703319,2/15/02,61141030,93,Released,Crossroads,4.7,158,1,1,0,1,0,0,1,1,0,0,0,0,1,0,1,0,0,0,0,0
17134,20000000,http://www.12rounds-movie.com/,en,12 Rounds,15.66135,3/19/09,17280326,108,Released,12 Rounds,5.7,220,1,1,0,0,0,0,1,0,0,0,0,0,0,0,0,0,1,0,0,0
17139,4500000,NA,nl,Karakter,0.011697,4/17/97,0,122,Released,Character,7.7,25,0,0,0,0,0,0,1,0,0,1,1,0,0,0,0,0,0,0,0,0
17170,0,NA,en,"Bright Lights, Big City",2.753501,4/1/88,0,107,Released,"Bright Lights, Big City",4.7,28,0,0,0,0,0,0,1,0,0,0,0,0,0,0,0,0,0,0,0,0
17182,20000000,NA,en,Eye for an Eye,3.996392,1/12/96,0,101,Released,Eye for an Eye,5.8,63,0,0,0,0,0,0,1,0,0,0,0,0,0,0,0,0,1,0,0,0
17186,0,NA,en,Supercross,3.71305,8/16/05,3102550,80,Released,Supercross,5.4,29,1,1,0,0,0,0,1,0,0,0,0,0,0,0,1,0,0,0,0,0
17187,0,NA,en,The Emperor's Club,6.796079,11/22/02,0,108,Released,The Emperor's Club,6.9,96,0,0,0,0,0,0,1,0,0,0,0,0,0,0,1,0,0,0,0,0
17202,15000000,NA,en,Why Did I Get Married?,2.005111,10/12/07,55184721,113,Released,Why Did I Get Married?,6.1,33,0,0,0,1,0,0,1,0,0,0,0,0,0,0,0,0,0,0,0,0
17264,2700000,NA,en,The Black Stallion,11.35972,10/17/79,37799643,118,Released,The Black Stallion,7,59,0,1,0,0,0,0,0,1,0,0,0,0,0,0,0,0,0,0,0,0
17277,19000000,NA,en,The Fall of the Roman Empire,4.229942,3/24/64,475e4,188,Released,The Fall of the Roman Empire,6,33,0,0,0,0,0,0,1,0,0,0,1,0,0,0,0,0,0,0,0,0
17287,0,NA,en,Poultrygeist: Night of the Chicken Dead,3.905877,12/26/06,0,103,Released,Poultrygeist: Night of the Chicken Dead,5.9,41,0,0,0,1,0,0,0,0,0,0,0,1,0,0,0,0,0,0,0,0
17332,60000000,http://www.soloistmovie.com,en,The Soloist,17.299333,4/24/09,31720158,109,Released,The Soloist,6.6,234,0,0,0,0,0,0,1,0,0,0,0,0,0,0,0,0,0,0,0,0
17334,14000000,NA,en,The Other End of the Line,3.393648,10/29/08,0,106,Released,The Other End of the Line,6.1,50,0,0,0,1,0,0,0,0,0,0,0,0,0,0,1,0,0,0,0,0
17339,5000000,NA,en,Force 10 from Navarone,5.348446,11/1/78,723e4,118,Released,Force 10 from Navarone,6.4,91,1,1,0,0,0,0,0,0,0,0,0,0,0,0,0,0,1,0,1,0
17345,0,NA,en,Flywheel,1.048524,1/1/03,0,120,Released,Flywheel,6.8,19,0,0,0,0,0,0,1,1,0,0,0,0,0,0,0,0,0,0,0,0
17379,45000000,NA,en,Last Holiday,6.156015,1/13/06,38399961,112,Released,Last Holiday,6.4,119,0,1,0,1,0,0,1,0,0,0,0,0,0,0,0,0,0,0,0,0
17403,0,NA,en,How to Deal,3.199784,7/18/03,0,99,Released,How to Deal,5.7,42,0,0,0,1,0,0,1,0,0,0,0,0,0,0,1,0,0,0,0,0
17431,5000000,http://www.sonyclassics.com/moon/,en,Moon,46.114184,6/12/09,9760104,97,Released,Moon,7.6,1794,0,0,0,0,0,0,1,0,0,0,0,0,0,0,0,1,0,0,0,0
17436,18000000,http://www.theinformers.com/,en,The Informers,6.333869,11/5/08,382174,98,Released,The Informers,4.4,60,0,0,0,0,0,0,1,0,0,0,0,0,0,0,0,0,0,0,0,0
17577,10000000,NA,en,The Devil's Tomb,5.099472,5/26/09,0,90,Released,The Devil's Tomb,4,53,1,0,0,0,0,0,0,0,0,0,0,1,0,0,0,1,1,0,0,0
17578,130000000,http://www.us.movie.tintin.com/,en,The Adventures of Tintin,89.938296,10/25/11,371940071,107,Released,The Adventures of Tintin,6.7,2061,0,1,1,0,0,0,0,0,0,0,0,0,0,1,0,0,0,0,0,0
17610,60000000,NA,en,Year One,25.293538,6/18/09,62357900,97,Released,Year One,4.6,524,0,1,0,1,0,0,0,0,0,0,0,0,0,0,0,0,0,0,0,0
17622,0,NA,en,Fifty Dead Men Walking,4.481897,9/10/08,0,117,Released,Fifty Dead Men Walking,6.1,35,1,0,0,0,0,0,0,0,0,0,0,0,0,0,0,0,1,0,0,0
17644,0,NA,en,Barney's Great Adventure,0.722911,1/1/98,0,76,Released,Barney's Great Adventure,2.9,8,0,0,0,0,0,0,0,1,0,0,0,0,0,0,0,0,0,0,0,0
17654,30000000,http://www.d-9.com/,en,District 9,63.13678,8/5/09,210819611,112,Released,District 9,7.3,3382,0,0,0,0,0,0,0,0,0,0,0,0,0,0,0,1,0,0,0,0
17663,0,http://www.anneofgreengables.com/,en,Anne of Green Gables,8.772574,12/1/85,0,199,Released,Anne of Green Gables,8.2,68,0,0,0,0,0,0,1,1,0,0,0,0,0,0,0,0,0,0,0,0
17707,25000000,NA,en,Brokedown Palace,7.296459,8/13/99,13e6,100,Released,Brokedown Palace,6.2,111,0,0,0,0,0,0,1,0,0,0,0,0,0,0,0,0,1,0,0,0
17708,11000000,NA,en,Corky Romano,3.495758,10/12/01,23978402,86,Released,Corky Romano,4.1,54,1,0,0,1,1,0,0,0,0,0,0,0,0,0,0,0,0,0,0,0
17709,70000000,NA,en,Dudley Do-Right,8.792054,8/27/99,0,77,Released,Dudley Do-Right,3.8,48,0,0,0,1,0,0,0,1,0,0,0,0,0,0,1,0,0,0,0,0
17710,0,NA,en,Hey Arnold! The Movie,5.856363,6/28/02,0,76,Released,Hey Arnold! The Movie,5.6,62,0,0,1,0,0,0,0,1,0,0,0,0,0,0,0,0,0,0,0,0
17711,76000000,NA,en,The Adventures of Rocky & Bullwinkle,8.981427,6/30/00,35134820,88,Released,The Adventures of Rocky & Bullwinkle,3.9,87,1,1,1,1,0,0,0,1,0,0,0,0,0,0,0,0,0,0,0,0
17734,0,NA,en,Thirteen Conversations About One Thing,6.997495,9/2/01,0,104,Released,Thirteen Conversations About One Thing,6.4,25,0,0,0,0,0,0,1,0,0,0,0,0,0,0,0,0,0,0,0,0
17768,0,NA,en,A Funny Thing Happened on the Way to the Forum,8.902102,10/16/66,0,NA,Released,A Funny Thing Happened on the Way to the Forum,6.1,24,0,0,0,1,0,0,0,0,0,0,0,0,1,0,0,0,0,0,0,0
17795,0,NA,en,My Fellow Americans,2.809378,12/20/96,0,101,Released,My Fellow Americans,6.3,46,0,0,0,1,0,0,1,0,0,0,0,0,0,0,0,0,0,0,0,0
17813,30000000,http://alexandemmamovie.warnerbros.com/,en,Alex & Emma,4.352422,6/16/03,15368897,96,Released,Alex & Emma,5,68,0,0,0,1,0,0,0,0,0,0,0,0,0,0,1,0,0,0,0,0
17820,2300000,NA,en,Show Boat,1.606314,7/13/51,11e6,107,Released,Show Boat,6.9,18,0,0,0,0,0,0,0,0,0,0,0,0,1,0,1,0,0,0,0,0
17834,28000000,NA,en,A Simple Wish,1.767479,7/11/97,8345056,86,Released,A Simple Wish,5.5,46,0,1,0,1,0,0,0,1,1,0,0,0,0,0,0,0,0,0,0,0
17880,14000000,NA,en,Because of Winn-Dixie,3.334804,2/18/05,32645546,106,Released,Because of Winn-Dixie,6.1,61,0,0,0,1,0,0,1,1,0,0,0,0,0,0,0,0,0,0,0,0
17908,7000000,http://mydogskip.warnerbros.com/,en,My Dog Skip,5.675535,1/14/00,0,95,Released,My Dog Skip,6.5,69,0,0,0,1,0,0,1,1,0,0,0,0,0,0,0,0,0,0,0,0
17917,10000000,NA,en,Oliver!,8.305998,9/26/68,37402877,153,Released,Oliver!,7,103,0,0,0,0,0,0,1,1,0,0,0,0,1,0,0,0,0,0,0,0
17926,9000000,http://www.undiscoveredfilm.com/,en,Undiscovered,2.009597,8/26/05,1046166,97,Released,Undiscovered,4.5,12,0,0,0,1,0,0,0,0,0,0,0,0,0,0,1,0,0,0,0,0
17979,200000000,http://disney.go.com/disneypictures/achristmascarol/?cmp=dcom_VAN_WDSHE_ACC_van_dcomcc__Extl,en,A Christmas Carol,39.744242,11/4/09,325233863,96,Released,A Christmas Carol,6.6,1095,0,0,1,0,0,0,1,0,0,0,0,0,0,0,0,0,0,0,0,0
17994,0,NA,en,Witchboard,7.151154,12/31/86,0,98,Released,Witchboard,5.9,58,0,0,0,0,0,0,0,0,0,0,0,1,0,0,0,0,0,0,0,0
17995,0,NA,en,DysFunktional Family,1.580027,4/4/03,0,89,Released,DysFunktional Family,6.1,4,0,0,0,1,0,1,0,0,0,0,0,0,0,0,0,0,0,0,0,0
18041,14000000,NA,en,Gossip,5.833687,4/21/00,5108820,90,Released,Gossip,5.5,68,0,0,0,0,0,0,1,0,0,0,0,0,0,1,0,0,1,0,0,0
18045,500000,NA,en,The Dark Hours,1.428483,3/11/05,0,80,Released,The Dark Hours,5.5,22,0,0,0,0,0,0,0,0,0,0,0,1,0,0,0,1,1,0,0,0
18065,0,http://nextdayair-movie.com/,en,Next Day Air,2.747402,2/6/09,0,84,Released,Next Day Air,5.3,36,1,0,0,1,1,0,0,0,0,0,0,0,0,0,0,0,0,0,0,0
18074,0,NA,en,Duets,2.25453,9/9/00,0,112,Released,Duets,5.5,34,0,0,0,1,0,0,1,0,0,0,0,0,1,0,0,0,0,0,0,0
18079,1500000,NA,es,Nueve Reinas,8.589355,8/31/00,0,114,Released,Nine Queens,7.4,153,0,0,0,0,1,0,1,0,0,0,0,0,0,0,0,0,1,0,0,0
18126,35000000,http://disney.go.com/disneypictures/hannahmontanamovie/,en,Hannah Montana: The Movie,13.788422,4/10/09,155545279,102,Released,Hannah Montana: The Movie,6,449,0,0,0,1,0,0,1,1,0,0,0,0,1,0,1,0,0,0,0,0
18147,26000000,NA,en,Unaccompanied Minors,10.006282,12/8/06,0,90,Released,Unaccompanied Minors,5.4,66,0,0,0,1,0,0,0,1,0,0,0,0,0,0,0,0,0,0,0,0
18162,100000000,NA,en,Land of the Lost,19.38841,6/5/09,68688831,102,Released,Land of the Lost,5.3,381,0,1,0,1,0,0,0,0,0,0,0,0,0,0,0,1,0,0,0,0
18191,10000000,http://www.edmondthefilm.com/,en,Edmond,2.803642,8/31/05,0,82,Released,Edmond,6,50,0,0,0,0,0,0,1,0,0,0,0,0,0,0,0,0,1,0,0,0
18206,1000000,NA,en,Alone With Her,2.175696,4/28/06,10018,78,Released,Alone With Her,6.2,20,0,0,0,0,1,0,1,0,0,0,0,0,0,0,1,0,1,0,0,0
18238,0,http://www.lesbianvampirekillersmovie.com/,en,Lesbian Vampire Killers,6.632891,3/16/09,0,NA,Released,Lesbian Vampire Killers,5.3,124,0,0,0,1,0,0,0,0,0,0,0,1,0,0,0,0,0,0,0,0
18239,50000000,http://www.twilightthemovie.com/,en,The Twilight Saga: New Moon,94.815867,3/15/09,709827462,130,Released,The Twilight Saga: New Moon,5.6,2436,0,1,0,0,0,0,1,0,1,0,0,0,0,0,1,0,0,0,0,0
18240,40000000,http://www.myspace.com/proposalmovie,en,The Proposal,36.238968,6/1/09,317375031,108,Released,The Proposal,6.7,1804,0,0,0,1,0,0,1,0,0,0,0,0,0,0,1,0,0,0,0,0
18254,32000000,NA,en,Reds,4.602185,12/25/81,40382659,195,Released,Reds,7.1,67,0,0,0,0,0,0,1,0,0,0,1,0,0,0,0,0,0,0,0,0
18276,0,NA,en,Hoot,7.712206,5/5/06,0,91,Released,Hoot,5.5,44,0,0,0,0,0,0,1,1,0,0,0,0,0,0,0,0,0,0,0,0
18292,0,NA,en,George Washington,2.058834,10/1/00,0,89,Released,George Washington,6.4,36,0,0,0,0,0,0,1,0,0,0,0,0,0,0,0,0,0,0,0,0
18320,35000000,http://www.theyoungvictoriamovie.com/,en,The Young Victoria,16.343317,3/4/09,27409889,105,Released,The Young Victoria,7,322,0,0,0,0,0,0,1,0,0,0,1,0,0,0,1,0,0,0,0,0
18357,35000000,http://movies.disney.com/the-country-bears,en,The Country Bears,6.908351,7/26/02,0,88,Released,The Country Bears,4.3,20,0,1,0,1,0,0,0,1,0,0,0,0,0,0,0,0,0,0,0,0
18360,150000000,http://www.nightatthemuseummovie.com,en,Night at the Museum: Battle of the Smithsonian,81.781591,5/20/09,413106170,105,Released,Night at the Museum: Battle of the Smithsonian,5.9,1971,1,1,0,1,0,0,0,1,1,0,0,0,0,0,0,0,0,0,0,0
18405,15000000,http://www.thelasthouseontheleft.com/,en,The Last House on the Left,19.760383,3/13/09,32721635,110,Released,The Last House on the Left,6.2,440,0,0,0,0,1,0,1,0,0,0,0,1,0,0,0,0,1,0,0,0
18442,5000000,NA,en,Decoys,3.05434,2/27/04,0,95,Released,Decoys,4.7,33,0,0,0,0,0,0,0,0,0,0,0,1,0,0,0,1,1,0,0,0
18475,16000000,NA,en,The Cookout,0.830596,9/3/04,12,97,Released,The Cookout,4.6,10,0,0,0,1,0,0,1,0,0,0,0,0,0,0,0,0,0,0,0,0
18480,42000000,NA,en,Brüno,16.122168,7/8/09,0,83,Released,Brüno,5.4,518,0,0,0,1,0,0,0,0,0,0,0,0,0,0,0,0,0,0,0,0
18487,100000000,http://www.sonypictures.com/movies/thetakingofpelham123/,en,The Taking of Pelham 1 2 3,40.597856,6/11/09,150166126,106,Released,The Taking of Pelham 1 2 3,6.2,954,0,0,0,0,1,0,1,0,0,0,0,0,0,0,0,0,1,0,0,0
18501,50000000,http://gamerthemovie.com,en,Gamer,27.631262,9/3/09,40828540,95,Released,Gamer,5.6,760,1,0,0,0,0,0,0,0,0,0,0,0,0,0,0,1,1,0,0,0
18516,10000000,NA,en,Adam Resurrected,2.574014,8/8/08,0,106,Released,Adam Resurrected,6.4,22,0,0,0,0,0,0,1,0,0,0,0,0,0,0,0,0,0,0,1,0
18530,11500000,http://www.ctvint.fr/pages/fiche.asp?id=3583,en,The Cry of the Owl,4.75919,2/7/09,0,101,Released,The Cry of the Owl,5.5,29,0,0,0,0,0,0,1,0,0,0,0,0,0,0,0,0,0,0,0,0
18533,230000,http://www.bronsonthemovie.com,en,Bronson,18.450613,10/9/08,2260712,92,Released,Bronson,6.9,733,1,0,0,0,1,0,1,0,0,0,0,0,0,0,0,0,0,0,0,0
18550,25000000,NA,en,Fled,2.77255,7/19/96,17193231,98,Released,Fled,5.2,47,1,0,0,1,0,0,0,0,0,0,0,0,0,0,0,0,1,0,0,0
18570,0,http://www.takepart.com/foodinc,en,"Food, Inc.",15.017162,9/7/08,0,94,Released,"Food, Inc.",7.4,217,0,0,0,0,0,1,0,0,0,0,0,0,0,0,0,0,0,0,0,0
18602,0,NA,en,Morvern Callar,2.507912,1/1/02,0,97,Released,Morvern Callar,7.2,34,0,0,0,0,0,0,1,0,0,0,0,0,0,0,0,0,0,0,0,0
18615,16800000,http://www.furmovie.com/,en,Fur: An Imaginary Portrait of Diane Arbus,4.358255,8/30/06,2281089,122,Released,Fur: An Imaginary Portrait of Diane Arbus,5.8,73,0,0,0,0,0,0,1,0,0,0,0,0,0,1,1,0,0,0,0,0
18616,2000000,NA,en,No Man's Land: The Rise of Reeker,4.346271,5/1/08,0,NA,Released,No Man's Land: The Rise of Reeker,4.4,27,0,0,0,0,0,0,0,0,0,0,0,1,0,0,0,0,1,0,0,0
18632,120000,http://www.adogsbreakfastmovie.com/,en,A Dog's Breakfast,2.213889,3/3/07,0,88,Released,A Dog's Breakfast,5.9,24,0,0,0,1,0,0,0,0,0,0,0,0,0,0,0,0,0,0,0,0
18681,15000000,NA,en,Eye of the Beholder,4.302941,9/4/99,0,109,Released,Eye of the Beholder,5.3,42,0,0,0,0,0,0,1,0,0,0,0,0,0,1,0,0,1,0,0,0
18701,0,NA,en,Being Julia,1.946634,9/3/04,0,104,Released,Being Julia,6.4,23,0,0,0,1,0,0,1,0,0,0,0,0,0,0,1,0,0,0,0,0
18712,1000000,NA,en,Sands of Iwo Jima,3.851,12/14/49,78e5,100,Released,Sands of Iwo Jima,6.2,33,1,0,0,0,0,0,1,0,0,0,1,0,0,0,0,0,0,0,1,0
18713,0,NA,en,The Jerky Boys,1.735462,2/3/95,0,82,Released,The Jerky Boys,4.8,10,0,0,0,1,1,0,0,0,0,0,0,0,0,0,0,0,0,0,0,0
18734,700000,http://tartanvideo.com/film.asp?ProjectID={C668EA2C-810D-4E33-AB5C-9B8B00FA4B8A},en,L.I.E. Long Island Expressway,7.731064,1/20/01,1667192,97,Released,L.I.E.,6.7,31,0,0,0,0,0,0,1,0,0,0,0,0,0,0,0,0,0,0,0,0
18736,17000000,http://disneydvd.disney.go.com/the-lizzie-mcguire-movie.html,en,The Lizzie McGuire Movie,11.927667,4/25/03,55534455,94,Released,The Lizzie McGuire Movie,5.7,280,0,0,0,1,0,0,0,1,0,0,0,0,0,0,0,0,0,0,0,0
18777,15500000,NA,en,Slow Burn,6.630856,9/12/05,1237615,93,Released,Slow Burn,5.5,16,0,0,0,0,1,0,1,0,0,0,0,0,0,1,0,0,1,0,0,0
18785,35000000,http://hangoverpart2.warnerbros.com/dvd/,en,The Hangover,82.21166,6/5/09,459270619,100,Released,The Hangover,7.2,6173,0,0,0,1,0,0,0,0,0,0,0,0,0,0,0,0,0,0,0,0
18808,14000000,NA,en,Highway,3.419685,1/1/02,0,NA,Released,Highway,5.6,37,1,1,0,0,0,0,1,0,0,0,0,0,0,0,0,0,0,0,0,0
18823,125000000,http://www.clash-of-the-titans.com/,en,Clash of the Titans,47.686442,4/1/10,232713139,106,Released,Clash of the Titans,5.6,2233,1,1,0,0,0,0,0,0,1,0,0,0,0,0,0,0,0,0,0,0
18828,0,NA,en,Double Take,1.903405,1/12/01,0,88,Released,Double Take,5.5,24,1,1,0,1,0,0,1,0,0,0,0,0,0,0,1,0,0,0,0,0
18840,0,NA,en,The White Countess,4.488547,10/30/05,0,135,Released,The White Countess,6.9,21,0,0,0,0,0,0,1,1,0,0,1,0,0,0,1,0,0,0,0,0
18841,0,NA,en,The Lost Skeleton of Cadavra,1.680525,9/12/01,0,90,Released,The Lost Skeleton of Cadavra,6.5,30,0,0,0,1,0,0,0,0,0,0,0,1,0,0,0,1,0,0,0,0
18869,0,http://www.jimmyandjudymovie.com/,en,Jimmy and Judy,1.255771,1/1/06,0,99,Released,Jimmy and Judy,5.4,8,1,0,0,0,1,0,1,0,0,0,0,0,0,0,0,0,1,0,0,0
18885,0,NA,en,3 Ninjas Kick Back,2.645722,5/6/94,0,93,Released,3 Ninjas Kick Back,4.5,48,1,1,0,1,0,0,0,1,0,0,0,0,0,0,0,0,0,0,0,0
18886,35000000,NA,en,Flight of the Intruder,6.81729,1/18/91,0,115,Released,Flight of the Intruder,5.7,31,1,1,0,0,0,0,1,0,0,0,0,0,0,0,0,0,1,0,0,0
18892,3000000,NA,en,Jawbreaker,4.337685,1/30/99,3076820,87,Released,Jawbreaker,5.9,90,0,0,0,1,0,0,0,0,0,0,0,0,0,0,0,0,0,0,0,0
18900,3500000,NA,en,In Cold Blood,7.821438,12/14/67,13007551,134,Released,In Cold Blood,7.4,82,0,0,0,0,1,0,1,0,0,0,0,0,0,0,0,0,0,0,0,0
18923,6500000,NA,en,A Home at the End of the World,5.483531,7/23/04,1548955,96,Released,A Home at the End of the World,6.8,45,0,0,0,0,0,0,1,0,0,0,0,0,0,0,1,0,0,0,0,0
18925,100000,http://www.facingthegiants.com/,en,Facing the Giants,4.563698,9/29/06,10178331,111,Released,Facing the Giants,6.6,64,0,0,0,0,0,0,1,0,0,0,0,0,0,0,0,0,0,0,0,0
18937,40000000,NA,en,Quest for Camelot,16.059443,5/15/98,38172500,86,Released,Quest for Camelot,6.9,190,0,0,1,0,0,0,1,1,1,0,0,0,0,0,1,0,0,0,0,0
18947,50000000,http://www.theboatthatrocked.net/,en,The Boat That Rocked,31.02233,4/1/09,36348784,116,Released,The Boat That Rocked,7.2,666,0,0,0,1,0,0,1,0,0,0,0,0,0,0,0,0,0,0,0,0
18975,0,NA,en,The Adventures of Pinocchio,6.718497,7/26/96,0,90,Released,The Adventures of Pinocchio,5,54,0,0,1,0,0,0,0,1,1,0,0,0,0,0,0,0,0,0,0,0
19052,0,NA,en,Light It Up,1.212956,11/4/99,0,99,Released,Light It Up,6.6,7,0,0,0,0,0,0,1,0,0,0,0,0,0,0,0,0,1,0,0,0
19084,12000000,NA,en,Johnson Family Vacation,4.623609,4/7/04,31179516,97,Released,Johnson Family Vacation,4.7,30,0,0,0,1,0,0,0,1,0,0,0,0,0,0,0,0,0,0,0,0
19150,0,NA,en,The Crew,2.634119,8/21/00,0,88,Released,The Crew,6.4,11,1,0,0,1,0,0,0,0,0,0,0,0,0,0,0,0,0,0,0,0
19153,0,NA,en,The Real Cancun,0.456485,4/23/03,0,96,Released,The Real Cancun,3.3,8,0,0,0,0,0,1,0,0,0,0,0,0,0,0,0,0,0,0,0,0
19187,1000000,NA,en,The Hebrew Hammer,1.600797,1/1/03,0,85,Released,The Hebrew Hammer,5.9,18,1,0,0,1,0,0,0,0,0,0,0,0,0,0,0,0,0,0,0,0
19204,0,NA,it,...E tu vivrai nel terrore! L'aldilà,8.022122,4/22/81,0,87,Released,The Beyond,6.6,117,0,0,0,0,0,0,0,0,0,0,0,1,0,0,0,0,0,0,0,0
19255,17000000,NA,en,Away We Go,10.13559,6/5/09,14899417,98,Released,Away We Go,6.7,189,0,0,0,1,0,0,1,0,0,0,0,0,0,0,1,0,0,0,0,0
19265,15000000,http://www.sonypictures.com/classics/whateverworks/,en,Whatever Works,21.857387,6/19/09,35097815,92,Released,Whatever Works,6.8,350,0,0,0,1,0,0,0,0,0,0,0,0,0,0,1,0,0,0,0,0
19316,0,NA,en,Saving Face,2.487255,9/12/04,0,91,Released,Saving Face,6.8,32,0,0,0,1,0,0,0,0,0,0,0,0,0,0,1,0,0,0,0,0
19344,900000,http://www.lovingannabelle.com/,en,Loving Annabelle,7.145832,3/8/06,0,76,Released,Loving Annabelle,6.4,55,0,0,0,0,0,0,1,0,0,0,0,0,0,0,1,0,0,0,0,0
19366,22000000,NA,en,Josie and the Pussycats,6.404571,4/6/01,0,98,Released,Josie and the Pussycats,5.3,72,0,0,0,1,0,0,0,0,0,0,0,0,1,0,0,0,0,0,0,0
19405,10000000,NA,en,Recess: School's Out,5.699058,1/27/01,44460850,83,Released,Recess: School's Out,6.6,67,0,0,1,1,0,0,0,1,0,0,0,0,0,0,0,1,0,0,0,0
19419,0,NA,en,Screwed,5.359381,5/12/00,0,81,Released,Screwed,4.9,23,1,0,0,1,0,0,0,0,0,0,0,0,0,0,0,0,0,0,0,0
19457,0,https://www.miramax.com/movie/the-yards,en,The Yards,10.150993,4/27/00,0,115,Released,The Yards,6,97,1,0,0,0,1,0,1,0,0,0,0,0,0,0,0,0,1,0,0,0
19489,0,NA,en,Held Up,1.569449,10/8/99,0,89,Released,Held Up,4.9,11,0,0,0,1,0,0,0,0,0,0,0,0,0,0,0,0,0,0,0,0
19495,25000000,NA,en,Nomad,8.212018,7/17/05,0,112,Released,Nomad: The Warrior,4.3,17,1,0,0,0,0,0,0,0,0,0,1,0,0,0,0,0,0,0,1,0
19556,0,NA,en,Miss March,9.371534,3/13/09,0,89,Released,Miss March,5.4,77,0,0,0,1,0,0,0,0,0,0,0,0,0,0,1,0,0,0,0,0
19585,150000000,http://disney.go.com/disneypictures/gforce/,en,G-Force,26.710398,7/21/09,292817841,88,Released,G-Force,5.1,510,1,1,0,1,0,0,0,1,1,0,0,0,0,0,0,0,0,0,0,0
19615,0,NA,en,Flying By,1.546169,1/1/09,0,95,Released,Flying By,7,2,0,0,0,0,0,0,1,0,0,0,0,0,0,0,0,0,0,0,0,0
19644,8000000,NA,ko,실미도,2.60632,12/24/03,0,135,Released,Silmido,6.6,28,1,0,0,0,0,0,1,0,0,0,1,0,0,0,0,0,0,0,0,0
19724,55000000,http://www.imaginethatmovie.com/,en,Imagine That,12.340384,6/19/09,0,107,Released,Imagine That,5.7,134,0,0,0,1,0,0,0,0,0,0,0,0,0,0,0,0,0,0,0,0
19803,0,NA,en,Underclassman,2.083856,9/2/05,0,95,Released,Underclassman,5.5,28,1,0,0,1,0,0,0,0,0,0,0,0,0,0,0,0,0,0,0,0
19840,18000000,http://www.iloveyoubethcoopermovie.com/,en,"I Love You, Beth Cooper",14.15192,7/10/09,0,102,Released,"I Love You, Beth Cooper",5.1,197,0,0,0,1,0,0,0,0,0,0,0,0,0,0,1,0,0,0,0,0
19844,0,NA,en,Kiss the Bride,1.65426,1/1/07,0,100,Released,Kiss the Bride,4.2,11,0,0,0,1,0,0,1,0,0,0,0,0,0,0,1,0,0,0,0,0
19848,0,NA,en,The Players Club,5.769822,4/8/98,0,104,Released,The Players Club,6.4,14,0,0,0,0,0,0,1,0,0,0,0,0,0,0,0,0,0,0,0,0
19898,33000000,http://www.pandorummovie.com/,en,Pandorum,28.353517,9/8/09,20645327,108,Released,Pandorum,6.5,774,1,0,0,0,0,0,0,0,0,0,0,1,0,1,0,1,1,0,0,0
19899,70000000,http://www.couplesretreatmovie.com/,en,Couples Retreat,26.676487,9/19/09,171844840,113,Released,Couples Retreat,5.3,588,0,0,0,1,0,0,0,0,0,0,0,0,0,0,1,0,0,0,0,0
19901,20000000,http://www.daybreakersmovie.com/,en,Daybreakers,28.019226,1/6/09,51416464,98,Released,Daybreakers,6,634,1,0,0,0,0,0,0,0,1,0,0,1,0,0,0,1,1,0,0,0
19904,0,http://www.welcometothefamily.com/,en,The Stepfather,7.924428,10/16/09,0,101,Released,The Stepfather,5.4,167,0,0,0,0,0,0,0,0,0,0,0,1,0,1,0,0,1,0,0,0
19905,10000000,http://www.livehardsellhard.com/,en,"The Goods: Live Hard, Sell Hard",3.352702,8/14/09,0,90,Released,"The Goods: Live Hard, Sell Hard",5.4,58,0,0,0,1,0,0,0,0,0,0,0,0,0,0,0,0,0,0,0,0
19908,23600000,http://www.zombieland.com/,en,Zombieland,57.300674,10/7/09,102391382,88,Released,Zombieland,7.2,3550,0,0,0,1,0,0,0,0,0,0,0,1,0,0,0,0,0,0,0,0
19912,40000000,http://www.TheFinalDestinationMovie.com/,en,The Final Destination,32.478077,8/26/09,186167139,82,Released,The Final Destination,5.4,831,0,0,0,0,0,0,0,0,0,0,0,1,0,1,0,0,0,0,0,0
19913,7500000,http://500days.com,en,(500) Days of Summer,45.610993,7/17/09,60722734,95,Released,(500) Days of Summer,7.2,2904,0,0,0,1,0,0,1,0,0,0,0,0,0,0,1,0,0,0,0,0
19933,2000000,NA,en,The Brave Little Toaster,6.86302,7/9/87,0,90,Released,The Brave Little Toaster,6.7,93,0,1,1,1,0,0,0,1,1,0,0,0,1,0,0,0,0,0,0,0
19959,80000000,http://chooseyoursurrogate.com/,en,Surrogates,36.664991,9/24/09,122444772,89,Released,Surrogates,5.9,1195,1,0,0,0,0,0,0,0,0,0,0,0,0,0,0,1,1,0,0,0
19994,16000000,NA,en,Jennifer's Body,32.257414,9/18/09,31556061,100,Released,Jennifer's Body,5.3,837,0,0,0,1,0,0,0,0,0,0,0,1,0,0,0,0,0,0,0,0
19995,237000000,http://www.avatarmovie.com/,en,Avatar,150.437577,12/10/09,2787965087,162,Released,Avatar,7.2,11800,1,1,0,0,0,0,0,0,1,0,0,0,0,0,0,1,0,0,0,0
19997,1250000,NA,en,Niagara,9.903992,1/21/53,85e5,92,Released,Niagara,6.7,79,0,0,0,0,1,0,1,0,0,0,0,0,0,0,0,0,1,0,0,0
20009,14000000,NA,en,Slackers,9.371811,2/1/02,6413915,86,Released,Slackers,5.4,60,0,0,0,1,0,0,0,0,0,0,0,0,0,0,1,0,0,0,0,0
20024,23000000,NA,en,The End of the Affair,6.921263,12/3/99,10827816,102,Released,The End of the Affair,6.6,55,0,0,0,0,0,0,1,0,0,0,0,0,0,0,0,0,0,0,0,0
20055,3500000,NA,en,The Betrayed,1.348114,9/27/08,0,98,Released,The Betrayed,5.2,10,0,0,0,0,1,0,1,0,0,0,0,0,0,1,0,0,1,0,0,0
20065,4000000,NA,en,Purple Violets,0.936232,4/30/07,0,103,Released,Purple Violets,5.7,9,0,0,0,1,0,0,1,0,0,0,0,0,0,0,1,0,0,0,0,0
20083,15000000,http://shinjukuincident.emp.hk/,zh,新宿事件,5.294319,3/22/09,0,NA,Released,Shinjuku Incident,6.7,65,1,0,0,0,1,0,1,0,0,0,0,0,0,0,0,0,1,0,0,0
20156,0,NA,en,Exotica,5.446832,9/24/94,0,103,Released,Exotica,6.5,64,0,0,0,0,0,0,1,0,0,0,0,0,0,1,0,0,0,0,0,0
20178,10000000,http://www.worldsgreatestdadfilm.com/,en,World's Greatest Dad,9.805551,8/20/09,295750,99,Released,World's Greatest Dad,6.5,177,0,0,0,1,0,0,0,0,0,0,0,0,0,0,1,0,0,0,0,0
20296,0,NA,en,Chocolate: Deep Dark Secrets,0.887821,9/16/05,0,200,Released,Chocolate: Deep Dark Secrets,3.4,6,0,0,0,0,0,0,0,0,0,0,0,0,0,0,0,0,1,0,0,0
20309,25000000,NA,en,Say It Isn't So,2.909346,3/12/01,0,95,Released,Say It Isn't So,4.8,47,0,0,0,1,0,0,0,0,0,0,0,0,0,0,1,0,0,0,0,0
20322,0,NA,en,The Brothers,3.029944,3/23/01,0,106,Released,The Brothers,6.5,10,0,0,0,1,0,0,1,0,0,0,0,0,0,0,1,0,0,0,0,0
20337,3000000,NA,en,Martin Lawrence Live: Runteldat,0.295226,8/1/02,19184015,113,Released,Martin Lawrence Live: Runteldat,5,1,0,0,0,1,0,0,0,0,0,0,0,0,0,0,0,0,0,0,0,0
20352,69000000,http://www.despicable.me/,en,Despicable Me,113.858273,7/8/10,543513985,95,Released,Despicable Me,7.1,6478,0,0,1,0,0,0,0,1,0,0,0,0,0,0,0,0,0,0,0,0
20360,0,http://www.erosentertainment.com/namasteylondon,en,Namastey London,1.840511,3/27/07,0,128,Released,Namastey London,6.6,29,0,0,0,0,0,0,1,0,0,1,0,0,0,0,1,0,0,0,0,0
20391,20000000,NA,en,Paint Your Wagon,7.902536,10/15/69,31678778,158,Released,Paint Your Wagon,6.2,63,1,0,0,1,0,0,1,0,0,0,0,0,1,0,0,0,0,0,0,1
20406,0,NA,en,Rockaway,0.361554,7/7/07,0,NA,Released,Rockaway,5.8,2,1,1,0,0,0,0,1,0,0,0,0,0,0,0,0,0,0,0,0,0
20455,5500000,NA,en,Digimon: The Movie,3.7387,3/17/00,0,82,Released,Digimon: The Movie,6.2,72,0,0,1,0,0,0,0,1,1,0,0,0,0,0,0,1,0,0,0,0
20468,0,http://thebigtease.warnerbros.com/index.html,en,The Big Tease,0.502396,1/1/99,0,87,Released,The Big Tease,5.8,6,0,0,0,1,0,0,0,0,0,1,0,0,0,0,0,0,0,0,0,0
20483,18000000,NA,en,Catch That Kid,4.492859,2/6/04,16702864,92,Released,Catch That Kid,4.9,76,1,1,0,0,0,0,0,1,0,0,0,0,0,0,0,0,0,0,0,0
20504,80000000,NA,en,The Book of Eli,32.363538,1/14/10,157107755,118,Released,The Book of Eli,6.6,2164,1,0,0,0,0,0,0,0,0,0,0,0,0,0,0,1,1,0,0,0
20520,0,NA,en,The Motel,0.120505,1/1/05,0,75,Released,The Motel,7,3,0,0,0,1,0,0,1,0,0,0,0,0,0,0,0,0,0,0,0,0
20526,170000000,http://disney.go.com/tron/,en,TRON: Legacy,73.79505,12/10/10,400062763,125,Released,TRON: Legacy,6.3,2841,1,1,0,0,0,0,0,0,0,0,0,0,0,0,0,1,0,0,0,0
20533,47000000,http://jonah-hex.warnerbros.com/,en,Jonah Hex,22.581313,6/18/10,10539e3,80,Released,Jonah Hex,4.4,420,1,0,0,0,0,0,1,0,1,0,0,0,0,0,0,0,1,0,0,1
20542,40000000,http://www.delgo.com/,en,Delgo,4.238482,12/12/08,0,94,Released,Delgo,5.4,15,0,1,1,1,0,0,0,1,1,0,0,0,0,0,0,1,0,0,0,0
20616,8500000,http://swimfan.film.ru/,en,Swimfan,4.844451,9/6/02,34411240,84,Released,Swimfan,5,70,0,0,0,0,0,0,1,0,0,0,0,0,0,0,0,0,1,0,0,0
20653,7000000,http://www.roadsideromeo.com/,en,Roadside Romeo,0.253595,10/24/08,11e5,NA,Released,Roadside Romeo,6.7,3,0,0,1,0,0,0,0,1,0,1,0,0,0,0,0,0,0,0,0,0
20662,200000000,http://www.robinhoodthemovie.com/,en,Robin Hood,37.668301,5/12/10,310669540,140,Released,Robin Hood,6.2,1398,1,1,0,0,0,0,0,0,0,0,0,0,0,0,0,0,0,0,0,0
20694,0,NA,en,Rugrats Go Wild,8.255708,6/13/03,0,84,Released,Rugrats Go Wild,5.6,61,0,0,1,0,0,0,0,1,0,0,0,0,0,0,0,0,0,0,0,0
20697,24000000,http://readytorumble.warnerbros.com/flash.html,en,Ready to Rumble,3.113009,4/7/00,12372410,107,Released,Ready to Rumble,4.7,49,1,0,0,1,0,0,1,0,0,0,0,0,0,0,0,0,0,0,0,0
20737,3000000,NA,en,Air Bud,11.241802,8/1/97,23144499,98,Released,Air Bud,5.3,106,0,0,0,1,0,0,1,1,0,0,0,0,0,0,0,0,0,0,0,0
20761,24000000,NA,en,Play It to the Bone,5.566203,12/25/99,8434146,124,Released,Play It to the Bone,5.7,53,0,0,0,1,0,0,1,0,0,0,0,0,0,0,0,0,0,0,0,0
20763,35000000,NA,en,Radio Flyer,3.503408,2/21/92,4651977,114,Released,Radio Flyer,6.6,53,0,0,0,0,0,0,1,0,0,0,0,0,0,0,0,0,0,0,0,0
20764,2500000,http://www.sleepdealer.com/,en,Sleep Dealer,4.624691,12/10/08,107559,90,Released,Sleep Dealer,6,40,0,0,0,0,0,0,1,0,0,0,0,0,0,0,0,1,1,0,0,0
20766,32000000,http://www.theroad-movie.com/,en,The Road,41.075532,11/25/09,27635305,111,Released,The Road,6.8,1087,0,1,0,0,0,0,1,0,0,0,0,0,0,0,0,0,0,0,0,0
20770,0,NA,en,But I'm a Cheerleader,4.826908,9/12/99,0,85,Released,But I'm a Cheerleader,6.5,101,0,0,0,1,0,0,0,0,0,0,0,0,0,0,0,0,0,0,0,0
20794,6000000,http://www.novocaineonline.com/,en,Novocaine,4.148253,11/23/01,2025238,95,Released,Novocaine,6,44,0,0,0,1,1,0,0,0,0,0,0,0,0,0,0,0,1,0,0,0
20829,75000000,http://www.funnypeoplemovie.com,en,Funny People,20.199057,7/31/09,61458982,146,Released,Funny People,5.7,390,0,0,0,1,0,0,1,0,0,0,0,0,0,0,0,0,0,0,0,0
20856,45000000,http://www.aliensintheatticmovie.com/,en,Aliens in the Attic,13.707183,7/31/09,57881056,86,Released,Aliens in the Attic,5.3,244,0,1,0,1,0,0,0,1,1,0,0,0,0,0,0,1,0,0,0,0
20857,32000000,NA,en,Hardball,5.683281,9/14/01,40222729,106,Released,Hardball,6.3,123,0,0,0,1,0,0,0,0,0,0,0,0,0,0,1,0,0,0,0,0
20862,0,NA,en,Smoke Signals,2.304552,1/16/98,0,89,Released,Smoke Signals,6.6,24,0,0,0,1,0,0,1,0,0,0,0,0,0,0,0,0,0,0,0,0
20943,38000000,http://www.thetruthisntpretty.com/,en,The Ugly Truth,22.332927,7/24/09,205298907,96,Released,The Ugly Truth,6.4,972,0,0,0,1,0,0,0,0,0,0,0,0,0,0,1,0,0,0,0,0
20981,50000,http://www.cthulhulives.org/cocmovie/index.html,en,The Call of Cthulhu,1.777148,1/1/05,0,47,Released,The Call of Cthulhu,6.9,41,0,0,0,0,0,0,0,0,1,0,0,1,0,0,0,0,1,0,0,0
21014,0,NA,en,Keeping Up with the Steins,3.562563,5/12/06,0,90,Released,Keeping Up with the Steins,5.2,18,0,0,0,1,0,0,0,0,0,0,0,0,0,0,0,0,0,0,0,0
21074,0,NA,en,Brick Lane,0.262135,11/16/07,0,102,Released,Brick Lane,5.2,15,0,0,0,0,0,0,1,0,0,0,0,0,0,0,0,0,0,0,0,0
21208,20000000,NA,en,Orphan,29.295801,7/24/09,41596251,123,Released,Orphan,6.7,1261,0,0,0,0,0,0,0,0,0,0,0,1,0,1,0,0,1,0,0,0
21283,0,http://www.myspace.com/steppinmovie,en,Steppin: The Movie,0.328498,5/19/09,0,85,Released,Steppin: The Movie,5,4,0,0,0,1,0,0,0,0,0,0,0,0,0,0,1,0,0,0,0,0
21301,18000000,NA,en,Barbershop 2:  Back in Business,6.501815,1/20/04,65070412,106,Released,Barbershop 2:  Back in Business,5.6,74,0,0,0,1,0,0,1,0,0,0,0,0,0,0,0,0,0,0,0,0
21309,19000000,NA,en,River's Edge,6.463806,8/27/86,0,NA,Released,River's Edge,6.7,59,0,0,0,0,1,0,1,0,0,0,0,0,0,0,0,0,0,0,0,0
21311,34000000,NA,en,I Dreamed of Africa,1.656695,5/5/00,0,114,Released,I Dreamed of Africa,5.3,18,0,1,0,0,0,0,1,0,0,0,0,0,0,0,1,0,0,0,0,0
21334,180000,http://www.miramax.com/movie/children-of-heaven/,fa,بچه‌های آسمان,7.072118,8/1/97,9e5,89,Released,Children of Heaven,7.8,112,0,0,0,1,0,0,1,1,0,0,0,0,0,0,0,0,0,0,0,0
21338,0,NA,en,Stone Cold,3.623002,5/17/91,0,92,Released,Stone Cold,5.7,34,1,0,0,0,1,0,0,0,0,0,0,0,0,0,0,0,1,0,0,0
21345,12000000,http://www.cityoflifeanddeath.co.uk/,zh,南京!南京!,4.793348,4/22/09,10652498,132,Released,City of Life and Death,7.6,55,0,0,0,0,0,0,1,0,0,0,1,0,0,0,0,0,0,0,1,0
21349,23000000,http://www.foxmovies.com/anywherebuthere/,en,Anywhere But Here,8.976738,11/12/99,18653615,114,Released,Anywhere But Here,5.9,66,0,0,0,1,0,0,1,0,0,0,0,0,0,0,1,0,0,0,0,0
21355,57000000,http://alltheprettyhorses.com/,en,All the Pretty Horses,7.524671,12/11/00,0,117,Released,All the Pretty Horses,5.8,60,0,0,0,0,0,0,1,0,0,0,0,0,0,0,1,0,0,0,0,1
21413,1000000,NA,en,The Battle of Shaker Heights,5.20209,8/22/03,0,79,Released,The Battle of Shaker Heights,5.6,17,0,0,0,1,0,0,1,0,0,0,0,0,0,0,1,0,0,0,0,0
21461,0,NA,en,Lage Raho Munna Bhai,2.436019,1/1/06,0,144,Released,Lage Raho Munna Bhai,7.6,44,0,0,0,1,0,0,1,0,0,0,0,0,0,0,1,0,0,0,0,0
21494,0,http://www.moliere-lefilm.com/,fr,Molière,4.61335,1/31/07,0,115,Released,Moliere,6.7,45,0,0,0,1,0,0,1,0,0,0,0,0,0,0,1,0,0,0,0,0
21512,0,NA,en,The Blood of Heroes,6.41678,10/19/89,882290,100,Released,The Blood of Heroes,5.9,31,1,1,0,0,0,0,0,0,0,0,0,0,0,0,0,1,0,0,0,0
21525,300000,http://www.tupac-resurrection.com/,en,Tupac: Resurrection,1.314576,1/23/03,7808524,112,Released,Tupac: Resurrection,8,26,0,0,0,0,0,1,0,0,0,0,0,0,1,0,0,0,0,0,0,0
21610,5000000,NA,en,Nighthawks,7.058868,3/17/81,19905359,99,Released,Nighthawks,6.4,86,1,0,0,0,1,0,0,0,0,0,0,0,0,0,0,0,1,0,0,0
21612,12500000,NA,en,The Funeral,2.950618,1/26/96,1227324,99,Released,The Funeral,7.3,31,0,0,0,0,1,0,1,0,0,0,0,0,0,0,0,0,0,0,0,0
21641,10000000,NA,en,The Damned United,13.409125,3/27/09,0,97,Released,The Damned United,7.2,152,0,0,0,0,0,0,1,0,0,0,0,0,0,0,0,0,0,0,0,0
21724,0,NA,en,Dance Flick,7.326034,5/22/09,0,83,Released,Dance Flick,4.7,71,1,0,0,1,0,0,0,0,0,0,0,0,1,0,0,0,0,0,0,0
21755,20000000,http://www.brothersbloom.com/,en,The Brothers Bloom,10.218307,9/9/08,5530764,114,Released,The Brothers Bloom,6.8,203,0,1,0,1,0,0,1,0,0,0,0,0,0,0,1,0,0,0,0,0
21765,17000000,http://www.goodboy.com/,en,Good Boy!,3.56033,10/10/03,0,87,Released,Good Boy!,4.7,30,0,0,0,1,0,0,0,1,0,0,0,0,0,0,0,1,0,0,0,0
21801,0,NA,en,The Slaughter Rule,1.390909,1/1/02,0,112,Released,The Slaughter Rule,6.2,9,0,0,0,0,0,0,1,0,0,0,0,0,0,0,0,0,0,0,0,0
21972,30000000,NA,en,Like Mike,5.73667,7/3/02,0,99,Released,Like Mike,5.7,100,0,0,0,1,0,0,1,1,1,0,0,0,0,0,0,0,0,0,0,0
22007,0,NA,en,Train,3.280081,10/16/08,0,94,Released,Train,4.8,36,0,0,0,0,0,0,0,0,0,0,0,1,0,0,0,0,1,0,0,0
22013,3000000,NA,en,Elmer Gantry,6.734965,6/19/60,104e5,146,Released,Elmer Gantry,7.3,41,0,0,0,0,0,0,1,0,0,0,0,0,0,0,0,0,0,0,0,0
22051,0,http://www.foxsearchlight.com/adam/,en,Adam,8.308442,7/29/09,2277396,99,Released,Adam,6.9,150,0,0,0,0,0,0,1,0,0,0,0,0,0,0,1,0,0,0,0,0
22074,20000000,http://www.capitalismalovestory.com/,en,Capitalism: A Love Story,10.50098,9/6/09,17436509,120,Released,Capitalism: A Love Story,7,167,0,0,0,0,0,1,0,0,0,0,0,0,0,0,0,0,0,0,0,0
22102,0,NA,en,Troop Beverly Hills,3.455018,3/22/89,0,105,Released,Troop Beverly Hills,5.6,56,0,1,0,1,0,0,0,1,0,0,0,0,0,0,0,0,0,0,0,0
22215,23000000,NA,en,Chéri,5.494047,2/10/09,9366227,86,Released,Cheri,5.9,56,0,0,0,1,0,0,1,0,0,0,0,0,0,0,1,0,0,0,0,0
22256,25000000,NA,en,Without Limits,3.849873,9/11/98,777423,117,Released,Without Limits,6.2,19,0,0,0,0,0,0,1,0,0,0,0,0,0,0,0,0,0,0,0,0
22267,38000000,NA,en,Ride with the Devil,5.516207,11/24/99,635096,138,Released,Ride with the Devil,6.6,49,0,0,0,0,0,0,1,0,0,0,0,0,0,0,1,0,0,0,1,1
22301,3950000,NA,en,Hell's Angels,8.484123,11/15/30,8e6,127,Released,Hell's Angels,6.1,19,1,0,0,0,0,0,1,0,0,0,1,0,0,0,0,0,0,0,0,0
22314,7000000,NA,en,In Too Deep,2.772178,8/25/99,14011454,97,Released,In Too Deep,6.2,17,1,0,0,0,1,0,1,0,0,0,0,0,0,0,0,0,1,0,0,0
22327,18000000,http://youthinrevolt-themovie.com/,en,Youth in Revolt,13.462544,9/11/09,0,87,Released,Youth in Revolt,5.9,319,0,0,0,1,0,0,1,0,0,0,0,0,0,0,1,0,0,0,0,0
22345,12000000,NA,en,Baby Geniuses,4.580081,3/12/99,36450736,97,Released,Baby Geniuses,3.3,75,0,0,0,1,0,0,0,1,0,0,0,0,0,0,0,1,0,0,0,0
22479,18000000,NA,en,Kansas City,5.380733,8/16/96,0,116,Released,Kansas City,6.1,12,0,0,0,0,1,0,1,0,0,0,0,0,1,0,0,0,1,0,0,0
22488,0,NA,en,Love's Abiding Joy,1.128559,10/6/06,0,87,Released,Love's Abiding Joy,5.8,12,1,0,0,0,0,0,1,1,0,0,0,0,0,0,0,0,0,1,0,0
22530,0,NA,en,Bled,1.039149,1/1/08,0,95,Released,Bled,3.8,4,0,0,0,0,0,0,0,0,0,0,0,1,0,0,0,0,0,0,0,0
22538,60000000,http://www.scottpilgrimthemovie.com/,en,Scott Pilgrim vs. the World,38.885195,7/27/10,47664559,112,Released,Scott Pilgrim vs. the World,7.2,2126,1,1,0,1,0,0,0,0,0,0,0,0,0,0,0,0,0,0,0,0
22556,15000000,http://www.theyellowhandkerchief.com/,en,The Yellow Handkerchief,3.803495,12/17/08,317e3,102,Released,The Yellow Handkerchief,6.4,52,0,0,0,0,0,0,1,0,0,0,0,0,0,0,1,0,0,0,0,0
22597,1000000,NA,en,The Broken Hearts Club: A Romantic Comedy,3.424158,2/1/00,1744858,94,Released,The Broken Hearts Club: A Romantic Comedy,6.3,25,0,0,0,1,0,0,1,0,0,0,0,0,0,0,1,0,0,0,0,0
22600,0,NA,en,Jerusalema,1.717376,2/11/08,0,NA,Released,Gangster's Paradise: Jerusalema,6.8,16,1,0,0,0,1,0,1,0,0,1,0,0,0,0,0,0,0,0,0,0
22617,0,NA,en,Dinner Rush,1.096355,9/1/00,0,99,Released,Dinner Rush,7.1,19,1,0,0,0,0,0,1,0,0,0,0,0,0,0,0,0,1,0,0,0
22649,4,NA,en,A Farewell to Arms,1.199451,12/8/32,25,89,Released,A Farewell to Arms,6.2,28,0,0,0,0,0,0,1,0,0,0,0,0,0,0,1,0,0,0,1,0
22787,40000000,http://www.whiteoutmovie.com/,en,Whiteout,14.818718,9/9/09,12206028,101,Released,Whiteout,5.3,220,1,0,0,0,1,0,0,0,0,0,0,0,0,1,0,0,1,0,0,0
22794,100000000,http://www.cloudywithachanceofmeatballs.com/,en,Cloudy with a Chance of Meatballs,46.781182,9/17/09,242988466,90,Released,Cloudy with a Chance of Meatballs,6.5,1747,0,0,1,1,0,0,0,1,0,0,0,0,0,0,0,0,0,0,0,0
22796,20000000,NA,en,Simon Birch,11.090254,9/11/98,18253415,114,Released,Simon Birch,6.5,52,0,0,0,1,0,0,1,1,0,0,0,0,0,0,0,0,0,0,0,0
22798,15000000,NA,en,Whip It,20.05902,9/13/09,16633035,111,Released,Whip It,6.7,357,0,0,0,0,0,0,1,0,0,0,0,0,0,0,0,0,0,0,0,0
22803,53000000,NA,en,Law Abiding Citizen,49.593978,10/15/09,126690726,109,Released,Law Abiding Citizen,7.2,1486,0,0,0,0,1,0,1,0,0,0,0,0,0,0,0,0,1,0,0,0
22804,11000000,http://www.saw6film.com/,en,Saw VI,31.900899,10/22/09,68233629,90,Released,Saw VI,6,722,0,0,0,0,0,0,0,0,0,0,0,1,0,1,0,0,0,0,0,0
22805,0,NA,en,Motherhood,10.955567,1/21/09,0,90,Released,Motherhood,4.7,44,0,0,0,1,0,0,1,0,0,0,0,0,0,0,0,0,0,0,0,0
22820,10000000,http://www.gentlemenbroncos.com/,en,Gentlemen Broncos,3.193777,9/30/09,0,89,Released,Gentlemen Broncos,6.2,51,1,0,0,1,0,0,0,0,0,0,0,0,0,0,0,0,1,0,0,0
22821,8000000,http://www.sonypictures.com/movies/boondocksaints2/,en,The Boondock Saints II: All Saints Day,13.517017,11/24/09,10629321,118,Released,The Boondock Saints II: All Saints Day,5.9,261,1,0,0,0,1,0,0,0,0,0,0,0,0,0,0,0,1,0,0,0
22824,10000000,http://www.thefourthkind.net/,en,The Fourth Kind,22.888173,11/6/09,42333295,98,Released,The Fourth Kind,5.8,441,0,0,0,0,0,0,0,0,0,0,0,0,0,1,0,1,1,0,0,0
22825,30000000,http://thebox-movie.warnerbros.com/,en,The Box,21.606001,9/17/09,33333531,115,Released,The Box,5.4,597,0,0,0,0,0,0,0,0,0,0,0,0,0,0,0,1,1,0,0,0
22832,40000000,http://ninja-assassin-movie.warnerbros.com/,en,Ninja Assassin,19.085403,9/29/09,60462347,99,Released,Ninja Assassin,6.2,371,1,0,0,0,1,0,0,0,0,0,0,0,0,0,0,0,1,0,0,0
22881,29000000,http://www.theblindsidemovie.com/,en,The Blind Side,25.767395,11/20/09,309208309,129,Released,The Blind Side,7.2,1597,0,0,0,0,0,0,1,0,0,0,0,0,0,0,0,0,0,0,0,0
22894,26000000,http://www.legionmovie.com,en,Legion,30.981604,1/21/10,67918658,100,Released,Legion,5.2,629,0,0,0,0,0,0,0,0,0,0,0,1,0,0,0,0,0,0,0,0
22897,85000000,http://itscomplicatedmovie.com/,en,It's Complicated,16.479851,12/23/09,219103655,121,Released,It's Complicated,6.2,360,0,0,0,1,0,0,0,0,0,0,0,0,0,0,1,0,0,0,0,0
22907,32000000,http://www.whoarethetakers.com/,en,Takers,18.47242,8/26/10,69055695,107,Released,Takers,6,394,1,0,0,0,1,0,1,0,0,0,0,0,0,0,0,0,1,0,0,0
22908,0,NA,en,A Room for Romeo Brass,1.391958,8/23/99,0,90,Released,A Room for Romeo Brass,7.3,18,0,0,0,1,0,0,1,0,0,1,0,0,0,0,0,0,0,0,0,0
22913,0,NA,en,24 7: Twenty Four Seven,0.744406,8/31/97,0,NA,Released,24 7: Twenty Four Seven,6.3,10,0,0,0,1,0,0,1,0,0,0,0,0,0,0,1,0,0,0,0,0
22947,25000000,http://www.theupintheairmovie.com/,en,Up in the Air,33.704181,9/5/09,16367e4,109,Released,Up in the Air,6.7,1205,0,0,0,0,0,0,1,0,0,0,0,0,0,0,1,0,0,0,0,0
22949,35000000,http://disney.go.com/olddogs/,en,Old Dogs,13.707843,11/24/09,92219310,88,Released,Old Dogs,5.2,210,0,0,0,1,0,0,0,1,0,0,0,0,0,0,0,0,0,0,0,0
22954,60000000,http://invictusmovie.warnerbros.com,en,Invictus,23.85119,12/10/09,122233971,134,Released,Invictus,7,1125,0,0,0,0,0,0,1,0,0,0,1,0,0,0,0,0,0,0,0,0
22970,30000000,http://www.discoverthecabininthewoods.com/,en,The Cabin in the Woods,73.987775,4/12/12,66486080,95,Released,The Cabin in the Woods,6.5,2263,0,0,0,0,0,0,0,0,0,0,0,1,0,0,0,0,1,0,0,0
22971,25000000,NA,en,Dear John,19.402816,2/4/10,114977104,115,Released,Dear John,6.6,1262,0,0,0,0,0,0,1,0,0,0,0,0,0,0,1,0,0,0,1,0
22972,100000000,http://www.greenzonemovie.com/,en,Green Zone,30.254021,3/11/10,94882889,115,Released,Green Zone,6.4,717,1,1,0,0,0,0,1,0,0,0,0,0,0,0,0,0,1,0,1,0
23048,36000000,http://www.mgm.com/view/Movie/2387/Hot-T...,en,Hot Tub Time Machine,33.926473,3/26/10,64572262,101,Released,Hot Tub Time Machine,6,894,0,1,0,1,0,0,0,0,0,0,0,0,0,0,0,1,0,0,0,0
23049,17000000,http://www.foxsearchlight.com/mylifeinruins/,en,My Life in Ruins,5.787891,2/6/09,20455276,95,Released,My Life in Ruins,5.6,101,0,0,0,1,0,0,0,0,0,0,0,0,0,0,1,0,0,0,0,0
23069,0,http://www.benji.com/MeetBenji.htm,en,Benji,2.651418,10/17/74,0,86,Released,Benji,6.1,35,0,1,0,0,0,0,0,1,0,0,0,0,0,0,1,0,0,0,0,0
23082,18500000,http://the-invention-of-lying.warnerbros.com/,en,The Invention of Lying,16.665841,9/13/09,31912793,100,Released,The Invention of Lying,6,518,0,0,0,1,0,0,0,0,1,0,0,0,0,0,1,0,0,0,0,0
23168,37000000,http://thetownmovie.warnerbros.com/,en,The Town,24.218358,9/15/10,154026136,125,Released,The Town,7,1468,0,0,0,0,1,0,1,0,0,0,0,0,0,0,0,0,1,0,0,0
23169,20000000,http://rememberme-movie.com/,en,Remember Me,36.764666,3/12/10,0,113,Released,Remember Me,6.9,948,0,0,0,0,0,0,1,0,0,0,0,0,0,0,1,0,0,0,0,0
23172,28000000,NA,en,The Spy Next Door,14.639324,1/15/10,45236543,94,Released,The Spy Next Door,5.5,345,1,0,0,1,0,0,0,1,0,0,0,0,0,0,0,0,0,0,0,0
23330,3716946,NA,en,The Ballad of Cable Hogue,2.676535,5/13/70,5e6,121,Released,The Ballad of Cable Hogue,6.9,47,1,0,0,1,0,0,0,0,0,0,0,0,0,0,0,0,0,0,0,1
23367,20000000,http://bandslam-movie.com/,en,Bandslam,7.716606,8/6/09,5210988,111,Released,Bandslam,5.4,126,0,0,0,1,0,0,1,1,0,0,0,0,1,0,0,0,0,0,0,0
23398,75000000,http://www.munkyourself.com/,en,Alvin and the Chipmunks: The Squeakquel,29.412262,12/21/09,443140005,88,Released,Alvin and the Chipmunks: The Squeakquel,5.4,666,0,0,1,1,0,0,0,1,1,0,0,0,1,0,0,0,0,0,0,0
23479,35000000,NA,en,The Bad News Bears,6.889633,4/7/76,35323292,102,Released,The Bad News Bears,6.9,97,0,0,0,1,0,0,0,1,0,0,0,0,0,0,0,0,0,0,0,0
23483,28000000,NA,en,Kick-Ass,45.054936,3/22/10,96188903,117,Released,Kick-Ass,7.1,4645,1,0,0,0,1,0,0,0,0,0,0,0,0,0,0,0,0,0,0,0
23531,3000000,NA,en,Whipped,2.144354,9/1/00,0,82,Released,Whipped,3.1,11,0,0,0,1,0,0,0,0,0,0,0,0,0,0,1,0,0,0,0,0
23570,8000000,NA,en,The Pallbearer,2.149469,5/3/96,0,97,Released,The Pallbearer,4.6,30,0,0,0,1,0,0,0,0,0,0,0,0,0,0,1,0,0,0,0,0
23618,0,NA,en,The Original Kings of Comedy,1.918959,8/18/00,0,115,Released,The Original Kings of Comedy,6.3,15,0,0,0,1,0,0,0,0,0,0,0,0,0,0,0,0,0,0,0,0
23629,82000000,http://suckerpunchmovie.warnerbros.com,en,Sucker Punch,39.127082,3/24/11,89792502,110,Released,Sucker Punch,5.9,1623,1,0,0,0,0,0,0,0,1,0,0,0,0,0,0,0,1,0,0,0
23631,20000000,http://www.vivamachete.com/,en,Machete,26.396191,9/1/10,31327899,105,Released,Machete,6.3,1150,1,0,0,1,0,0,0,0,0,0,0,0,0,0,0,0,1,0,0,0
23655,0,NA,en,Groove,1.09454,6/8/00,0,86,Released,Groove,5.6,6,0,0,0,0,0,0,1,0,0,0,0,0,1,0,1,0,0,0,0,0
23685,75000000,NA,en,Monkeybone,8.098369,2/23/01,5409517,93,Released,Monkeybone,4.3,78,1,1,1,1,0,0,0,0,1,0,0,0,0,0,0,0,0,0,0,0
23706,15000000,http://www.allaboutstevemovie.com/,en,All About Steve,13.237835,9/4/09,40105542,99,Released,All About Steve,4.7,295,0,0,0,1,0,0,0,0,0,0,0,0,0,0,0,0,0,0,0,0
23730,1250000,NA,en,C.H.U.D.,4.45544,8/31/84,3412497,88,Released,C.H.U.D.,5.3,62,0,0,0,0,0,0,0,0,0,0,0,1,0,0,0,1,0,0,0,0
23742,30000000,http://copoutmovie.warnerbros.com/dvd/,en,Cop Out,25.825771,2/26/10,55583804,107,Released,Cop Out,5.3,511,1,0,0,1,1,0,0,0,0,0,0,0,0,0,0,0,0,0,0,0
23759,12000000,http://www.centurionmovie.com/,en,Centurion,22.708647,2/15/10,6814789,NA,Released,Centurion,5.9,386,1,1,0,0,0,0,1,0,0,0,0,0,0,0,0,0,0,0,0,0
23827,15000,http://www.paranormalactivity-movie.com/,en,Paranormal Activity,47.456823,9/14/07,193355800,86,Released,Paranormal Activity,5.9,1316,0,0,0,0,0,0,0,0,0,0,0,1,0,1,0,0,0,0,0,0
23963,1500000,NA,en,Pontypool,4.680206,3/6/09,32e3,93,Released,Pontypool,6.6,183,0,0,0,0,0,0,0,0,0,0,0,1,0,1,0,1,0,0,0,0
23988,108,NA,en,Stan Helsing,7.410523,10/27/09,0,90,Released,Stan Helsing,4,97,0,0,0,1,0,0,0,0,0,0,0,1,0,0,0,0,0,0,0,0
24021,68000000,http://eclipsethemovie.com,en,The Twilight Saga: Eclipse,107.069763,6/23/10,698491347,124,Released,The Twilight Saga: Eclipse,5.8,2301,0,1,0,0,0,0,1,0,1,0,0,0,0,0,1,0,0,0,0,0
24034,10000000,NA,en,Teacher's Pet,1.374409,1/16/04,0,74,Released,Teacher's Pet,5.5,2,0,0,1,0,0,0,1,1,0,0,0,0,1,0,0,0,0,0,0,0
24055,0,http://www.thepuffychairmovie.com,en,The Puffy Chair,1.243955,1/17/05,0,85,Released,The Puffy Chair,6.2,15,0,0,0,1,0,0,1,0,0,0,0,0,0,0,1,0,0,0,0,0
24066,1700000,NA,en,"Happy, Texas",2.079125,12/3/99,1943649,98,Released,"Happy, Texas",5.5,39,0,0,0,1,1,0,0,0,0,0,0,0,0,0,0,0,0,0,0,0
24071,0,NA,en,Mumford,4.310168,9/24/99,0,112,Released,Mumford,6.3,26,0,0,0,1,0,0,1,0,0,0,0,0,0,0,1,0,0,0,0,0
24100,22000000,NA,en,The Little Vampire,4.365196,10/27/00,13555988,95,Released,The Little Vampire,6.1,77,0,0,0,0,0,0,0,1,0,0,0,1,0,0,0,0,0,0,0,0
24113,90000000,NA,en,Town & Country,1.0045790000000001,4/27/01,10372291,104,Released,Town & Country,3.7,16,0,0,0,1,0,0,0,0,0,0,0,0,0,0,1,0,0,0,0,0
24126,0,NA,en,Warlock: The Armageddon,3.107149,5/1/93,0,98,Released,Warlock: The Armageddon,5.2,38,0,0,0,0,0,0,0,0,1,0,0,1,0,0,0,1,0,0,0,0
24137,14000000,NA,en,An Ideal Husband,4.519523,4/15/99,18535191,97,Released,An Ideal Husband,6.3,46,0,0,0,1,0,0,1,0,0,0,0,0,0,0,1,0,0,0,0,0
24150,15000000,http://www.halloween2-movie.com/,en,Halloween II,12.929525,8/28/09,39421467,105,Released,Halloween II,5.1,267,0,0,0,0,0,0,0,0,0,0,0,1,0,0,0,0,0,0,0,0
24206,15000000,NA,en,Silent Trigger,2.609057,6/26/96,76382,NA,Released,Silent Trigger,5,22,1,0,0,0,0,0,1,0,0,0,0,0,0,0,0,0,1,0,0,0
24226,16000000,NA,en,The Verdict,7.980632,12/8/82,53977250,129,Released,The Verdict,7.4,131,0,0,0,0,0,0,1,0,0,0,0,0,0,0,0,0,0,0,0,0
24227,3000000,NA,en,Excessive Force,1.279106,5/14/93,12e5,87,Released,Excessive Force,4.5,10,1,0,0,0,0,0,0,0,0,0,0,0,0,0,0,0,0,0,0,0
24264,25000000,NA,en,Sheena,4.020194,8/17/84,5778353,117,Released,Sheena,5,22,1,1,0,1,0,0,0,0,1,0,0,0,0,0,0,1,0,0,0,0
24266,3500000,NA,en,The Man from Snowy River,3.656491,3/2/82,20659423,104,Released,The Man from Snowy River,6.8,37,1,0,0,0,0,0,1,1,0,0,0,0,0,0,1,0,0,0,0,1
24356,0,NA,en,Masked and Anonymous,1.71729,8/8/03,0,112,Released,Masked and Anonymous,5.2,13,0,0,0,0,0,0,1,0,0,0,0,0,1,0,0,0,0,0,0,0
24363,0,http://www.houseofdthemovie.com/,en,House of D,6.337735,4/15/05,0,97,Released,House of D,6.1,23,0,0,0,1,0,0,1,0,0,0,0,0,0,0,0,0,0,0,0,0
24418,40000000,NA,en,Cirque du Freak: The Vampire's Assistant,16.424807,10/23/09,28169671,109,Released,Cirque du Freak: The Vampire's Assistant,5.5,348,1,1,0,0,0,0,0,0,1,0,0,0,0,0,0,0,1,0,0,0
24420,39000000,NA,en,The Time Traveler's Wife,37.492928,8/14/09,101229792,107,Released,The Time Traveler's Wife,6.7,798,0,0,0,0,0,0,1,0,1,0,0,0,0,0,1,0,0,0,0,0
24424,0,http://www.kino.com/ajami/,he,Ajami,0.51799,9/17/09,0,120,Released,Ajami,6.8,27,0,0,0,0,1,0,1,0,0,0,0,0,0,0,0,0,0,0,0,0
24428,220000000,http://marvel.com/avengers_movie/,en,The Avengers,144.448633,4/25/12,1519557910,143,Released,The Avengers,7.4,11776,1,1,0,0,0,0,0,0,0,0,0,0,0,0,0,1,0,0,0,0
24432,0,http://www.doogalmovie.com/,en,Doogal,1.682839,2/24/06,0,85,Released,Doogal,3.2,18,0,0,0,0,0,0,0,1,0,0,0,0,0,0,0,0,0,0,0,0
24438,58000000,NA,en,Did You Hear About the Morgans?,14.403696,12/17/09,85280250,103,Released,Did You Hear About the Morgans?,5.1,276,0,0,0,1,0,0,0,0,0,0,0,0,0,0,0,0,0,0,0,0
24469,3000000,NA,en,Fish Tank,12.68672,5/14/09,2357852,123,Released,Fish Tank,6.9,250,0,0,0,0,0,0,1,0,0,0,0,0,0,0,0,0,0,0,0,0
24575,0,NA,en,Raise the Titanic,1.630541,1/1/80,0,115,Released,Raise the Titanic,5.2,21,1,0,0,0,0,0,1,0,0,0,0,0,0,0,0,0,1,0,0,0
24621,0,NA,en,Chasing Papi,1.118511,4/16/03,6126237,80,Released,Chasing Papi,6.3,16,0,0,0,1,0,0,0,0,0,0,0,0,0,0,1,0,0,0,0,0
24662,32000000,NA,en,Cats Don't Dance,4.098444,3/26/97,3566637,75,Released,Cats Don't Dance,7.1,24,0,0,1,1,0,0,0,1,0,0,0,0,1,0,0,0,0,0,0,0
24663,0,http://www.theopenroadmovie.com/,en,The Open Road,1.388136,2/7/09,0,90,Released,The Open Road,4.8,19,0,0,0,1,0,0,1,0,0,0,0,0,0,0,1,0,0,0,0,0
24664,0,NA,en,Bamboozled,2.23411,10/6/00,0,135,Released,Bamboozled,6.3,24,0,0,0,1,0,0,1,0,0,0,0,0,0,0,0,0,0,0,0,0
24684,7500000,http://www.sonyclassics.com/aneducation/,en,An Education,16.990308,10/29/09,26096852,100,Released,An Education,6.8,409,0,0,0,0,0,0,1,0,0,0,0,0,0,0,1,0,0,0,0,0
24746,2000000,NA,en,Six-String Samurai,1.892183,9/18/98,124494,91,Released,Six-String Samurai,5.8,36,1,1,0,0,0,0,0,0,0,0,0,0,0,0,0,1,0,0,0,0
24747,0,NA,en,Bobby Jones: Stroke of Genius,2.897449,4/30/04,0,120,Released,Bobby Jones: Stroke of Genius,5.5,19,0,0,0,0,0,0,1,0,0,0,0,0,0,0,0,0,0,0,0,0
24748,2500000,NA,en,Hud,6.82919,5/29/63,1e7,112,Released,Hud,7.5,66,1,0,0,0,0,0,1,0,0,0,0,0,0,0,0,0,0,0,0,1
24803,40000000,http://www.julieandjulia.com/,en,Julie & Julia,22.853006,8/6/09,129540499,123,Released,Julie & Julia,6.6,560,0,0,0,0,0,0,1,0,0,0,0,0,0,0,1,0,0,0,0,0
24869,250000,NA,en,Ink,5.217002,1/23/09,0,106,Released,Ink,6.4,101,1,0,0,0,0,0,0,0,1,0,0,0,0,0,0,0,0,0,0,0
24913,5000000,NA,en,April Fool's Day,8.190888,3/27/86,0,89,Released,April Fool's Day,5.8,73,0,0,0,0,0,0,0,0,0,0,0,1,0,1,0,0,0,0,0,0
24940,14000000,NA,en,Head Over Heels,4.66723,2/2/01,10424470,86,Released,Head Over Heels,5.3,73,0,0,0,1,0,0,0,0,0,0,0,0,0,0,1,0,0,0,0,0
24961,24000000,NA,en,The Wiz,2.753313,10/24/78,21049053,134,Released,The Wiz,5.9,58,0,1,0,0,0,0,0,1,1,0,0,0,1,0,0,0,0,0,0,0
24973,5000000,NA,en,The Egyptian,4.079111,8/25/54,15e6,139,Released,The Egyptian,6,11,0,0,0,0,0,0,1,0,0,0,1,0,0,0,0,0,0,0,0,0
24977,0,NA,en,Michael Jordan to the Max,1.830306,5/5/00,21268532,46,Released,Michael Jordan to the Max,7.5,10,0,0,0,0,0,1,0,0,0,0,0,0,0,0,0,0,0,0,0,0
24985,7000000,NA,en,The Heart of Me,1.498245,1/1/02,0,96,Released,The Heart of Me,7.7,5,0,0,0,0,0,0,1,0,0,0,0,0,0,0,1,0,0,0,0,0
25066,6000000,NA,en,Tales from the Hood,3.89204,5/24/95,12e6,98,Released,Tales from the Hood,5.4,32,0,0,0,0,1,0,0,0,0,0,0,1,0,0,0,0,1,0,0,0
25113,0,NA,en,The Four Seasons,8.067702,5/22/81,0,107,Released,The Four Seasons,6.3,16,0,0,0,1,0,0,1,0,0,0,0,0,0,0,1,0,0,0,0,0
25132,40000000,NA,en,Shorts,4.100942,8/21/09,28972508,89,Released,Shorts,5.1,44,0,0,0,1,0,0,0,1,0,0,0,0,0,0,0,0,0,0,0,0
25166,16000000,NA,en,Drowning Mona,3.021835,3/3/00,15427192,96,Released,Drowning Mona,5.4,43,0,0,0,1,1,0,0,0,0,0,0,0,0,1,0,0,0,0,0,0
25186,10000000,http://www.jankypromoters.com/,en,Janky Promoters,1.728816,10/16/09,9069,85,Released,Janky Promoters,7,5,0,0,0,1,0,0,0,0,0,0,0,0,0,0,0,0,0,0,0,0
25189,42000000,NA,en,The Mirror Has Two Faces,3.844926,11/15/96,0,126,Released,The Mirror Has Two Faces,6.5,47,0,0,0,1,0,0,1,0,0,0,0,0,0,0,1,0,0,0,0,0
25195,19000000,http://www.leapyearfilm.net,en,Leap Year,21.959742,1/8/10,29922472,100,Released,Leap Year,6.4,465,0,0,0,1,0,0,0,0,0,0,0,0,0,0,1,0,0,0,0,0
25196,7000000,NA,en,Crazy Heart,17.697042,12/16/09,39462438,112,Released,Crazy Heart,6.8,274,0,0,0,0,0,0,1,0,0,0,0,0,1,0,1,0,0,0,0,0
25208,0,NA,en,The Caveman's Valentine,4.722403,1/19/01,0,105,Released,The Caveman's Valentine,6,27,0,0,0,0,0,0,1,0,0,0,0,0,0,1,0,0,1,0,0,0
25209,3768785,NA,en,Annie Get Your Gun,1.726175,5/17/50,8e6,107,Released,Annie Get Your Gun,7.3,22,1,0,0,1,0,0,0,0,0,0,0,0,1,0,1,0,0,0,0,1
25212,0,NA,en,Deterrence,2.171288,3/10/00,0,101,Released,Deterrence,6.1,7,1,0,0,0,0,0,1,0,0,0,0,0,0,1,0,0,1,0,0,0
25248,0,NA,en,Saint Ralph,1.688495,9/11/04,0,95,Released,Saint Ralph,7.3,24,0,0,0,1,0,0,1,0,0,0,0,0,0,0,0,0,0,0,0,0
25312,0,NA,en,Yes,3.677831,8/5/05,0,100,Released,Yes,5.9,7,0,0,0,0,0,0,1,0,0,0,0,0,0,0,1,0,0,0,0,0
25350,10000000,http://www.sonypictures.com/classics/imaginary/site.html,en,Imaginary Heroes,2.85283,9/14/04,0,111,Released,Imaginary Heroes,6.3,29,0,0,0,1,0,0,1,0,0,0,0,0,0,0,0,0,0,0,0,0
25353,0,NA,fr,La véritable histoire du Chat Botté,1.684948,4/1/09,0,82,Released,The True Story of Puss 'n Boots,3.8,7,0,1,1,0,0,0,0,1,0,0,0,0,0,0,0,0,0,0,0,0
25376,2000000,http://www.elsecretodesusojos.com,es,El secreto de sus ojos,25.894065,8/13/09,33965843,129,Released,The Secret in Their Eyes,7.8,626,0,0,0,0,1,0,1,0,0,0,0,0,0,1,1,0,0,0,0,0
25379,0,NA,en,The Blue Butterfly,1.985552,2/20/04,0,97,Released,The Blue Butterfly,6.8,6,0,1,0,0,0,0,1,1,0,0,0,0,0,0,0,0,0,0,0,0
25388,0,NA,en,March or Die,3.829937,9/8/77,0,107,Released,March or Die,6.2,16,1,1,0,0,0,0,1,0,0,0,0,0,0,0,0,0,0,0,1,0
25428,0,NA,en,I Love Your Work,3.313339,10/5/03,0,111,Released,I Love Your Work,6.5,2,0,0,0,0,0,0,1,0,0,0,0,0,0,1,0,0,0,0,0,0
25461,800000,http://www.lhp.com.sg/victor/,en,Raising Victor Vargas,3.643662,5/16/02,2816116,88,Released,Raising Victor Vargas,7.8,13,0,0,0,0,0,0,1,0,0,0,0,0,0,0,1,0,0,0,0,0
25462,6000000,NA,en,Two Can Play That Game,2.27213,9/7/01,0,90,Released,Two Can Play That Game,6.6,17,0,0,0,1,0,0,0,0,0,0,0,0,0,0,1,0,0,0,0,0
25520,10000000,NA,en,The House of Mirth,3.007816,9/23/00,5164404,140,Released,The House of Mirth,6.4,25,0,0,0,0,0,0,1,0,0,0,0,0,0,0,1,0,0,0,0,0
25636,0,NA,en,Jesus' Son,5.581743,9/5/99,0,107,Released,Jesus' Son,6.7,22,0,0,0,1,0,0,1,0,0,0,0,0,0,0,1,0,0,0,0,0
25643,18000000,http://www.lovehappensmovie.com,en,Love Happens,13.472365,9/18/09,36133014,109,Released,Love Happens,5.6,180,0,0,0,0,0,0,1,0,0,0,0,0,0,0,1,0,0,0,0,0
25678,0,NA,en,American Ninja 2: The Confrontation,5.061107,5/1/87,0,90,Released,American Ninja 2: The Confrontation,4.9,49,1,1,0,0,0,0,1,0,0,0,0,0,0,0,0,0,0,0,0,0
25704,15000000,http://www.foxsearchlight.com/postgrad/,en,Post Grad,7.446069,8/21/09,6405245,89,Released,Post Grad,5,100,0,0,0,1,0,0,0,0,0,0,0,0,0,0,0,0,0,0,0,0
25719,3000000,http://www.foxsearchlight.com/shootfish/,en,Shooting Fish,1.204941,8/22/97,302204,109,Released,Shooting Fish,7,23,0,0,0,1,1,0,0,0,0,0,0,0,0,0,1,0,0,0,0,0
25763,17000000,NA,en,Damnation Alley,2.215261,9/10/77,872e4,91,Released,Damnation Alley,5,27,1,1,0,0,0,0,0,0,0,0,0,0,0,0,0,1,0,0,0,0
25769,0,NA,en,Carriers,12.708963,9/4/09,5802422,84,Released,Carriers,5.8,282,1,0,0,0,0,0,1,0,0,0,0,1,0,0,0,1,1,0,0,0
25784,1300000,http://www.journeyfromthefall.com/home.aspx,vi,Vượt Sóng,0.072066,2/22/06,639e3,135,Released,Journey from the Fall,5,1,0,0,0,0,0,0,1,0,0,0,0,0,0,0,0,0,0,0,0,0
25786,0,NA,en,Samantha: An American Girl Holiday,4.980585,11/23/04,0,86,Released,Samantha: An American Girl Holiday,4.6,9,0,0,0,0,0,0,1,1,0,0,0,0,0,0,0,0,0,0,0,0
25793,10000000,http://www.weareallprecious.com/,en,Precious,18.664624,11/6/09,47536959,110,Released,Precious,6.9,417,0,0,0,0,0,0,1,0,0,0,0,0,0,0,0,0,0,0,0,0
25941,7300000,NA,en,Harry Brown,16.829837,11/11/09,10329747,103,Released,Harry Brown,6.7,348,1,0,0,0,1,0,1,0,0,0,0,0,0,0,0,0,1,0,0,0
25968,9000000,http://www.veronikadecidestodiethemovie.com/,en,Veronika Decides to Die,4.799022,5/16/09,0,103,Released,Veronika Decides to Die,5.8,75,0,0,0,0,0,0,1,0,0,0,0,0,0,0,1,0,0,0,0,0
25975,0,NA,en,My Date with Drew,1.929883,8/5/05,0,90,Released,My Date with Drew,6.3,16,0,0,0,0,0,1,0,0,0,0,0,0,0,0,0,0,0,0,0,0
25983,0,NA,en,The House of the Devil,8.628485,4/25/09,0,95,Released,The House of the Devil,6,197,0,0,0,0,0,0,0,0,0,0,0,1,0,1,0,0,0,0,0,0
26022,12000000,http://www.mynameiskhanthefilm.com/,en,My Name Is Khan,14.719886,2/12/10,42345360,145,Released,My Name Is Khan,7.7,232,0,0,0,0,0,0,1,0,0,0,0,0,0,0,1,0,0,0,0,0
26039,2500000,NA,en,Point Blank,5.164423,8/30/67,32e5,92,Released,Point Blank,7.1,95,1,0,0,0,1,0,1,0,0,0,0,0,0,0,0,0,1,0,0,0
26171,21000000,http://www.everybodysfinemovie.com/,en,Everybody's Fine,15.440465,12/4/09,0,99,Released,Everybody's Fine,6.5,284,0,0,0,0,0,0,1,0,0,0,0,0,0,0,0,0,0,0,0,0
26268,3500000,NA,en,Harper,2.938973,2/23/66,12e6,121,Released,Harper,6.2,35,1,0,0,0,1,0,1,0,0,0,0,0,0,1,0,0,1,0,0,0
26306,8000000,NA,en,Prefontaine,8.717235,1/24/97,589304,106,Released,Prefontaine,6.7,21,0,0,0,0,0,0,1,0,0,0,0,0,0,0,1,0,0,0,0,0
26320,0,http://www.takingwoodstockthemovie.co.uk/,en,Taking Woodstock,11.870161,9/3/09,0,120,Released,Taking Woodstock,6.2,127,0,0,0,1,0,0,1,0,0,0,0,0,1,0,0,0,0,0,0,0
26352,10000000,NA,en,A Low Down Dirty Shame,3.290639,11/23/94,29392418,100,Released,A Low Down Dirty Shame,6,31,1,0,0,1,1,0,0,0,0,0,0,0,0,0,0,0,0,0,0,0
26367,0,NA,en,I Can Do Bad All By Myself,2.242809,9/11/09,0,113,Released,I Can Do Bad All By Myself,6,40,0,0,0,1,0,0,1,0,0,0,0,0,0,0,0,0,0,0,0,0
26371,0,NA,en,Maurice,11.552247,9/18/87,0,134,Released,Maurice,7.1,61,0,0,0,0,0,0,1,0,0,0,0,0,0,0,1,0,0,0,0,0
26379,3250000,http://www.paathefilm.com/,en,Paa,2.126139,12/4/09,0,133,Released,Paa,6.6,19,0,0,0,0,0,0,1,1,0,1,0,0,0,0,0,0,0,0,0,0
26388,1987650,http://www.experienceburied.com/index.html,en,Buried,32.841229,9/24/10,19152480,94,Released,Buried,6.6,827,0,0,0,0,0,0,1,0,0,0,0,0,0,1,0,0,1,0,0,0
26389,52000000,http://www.frompariswithlovefilm.com/,en,From Paris with Love,27.916284,2/5/10,52826594,92,Released,From Paris with Love,6.1,675,1,0,0,0,1,0,0,0,0,0,0,0,0,0,0,0,1,0,0,0
26390,17000000,NA,en,Brooklyn's Finest,18.790102,1/16/09,29536299,133,Released,Brooklyn's Finest,6.2,293,0,0,0,0,1,0,1,0,0,0,0,0,0,0,0,0,1,0,0,0
26428,70000000,http://www.agoralapelicula.com/,en,Agora,18.888806,5/17/09,39041505,127,Released,Agora,6.9,395,0,1,0,0,0,0,1,0,0,0,1,0,0,0,0,0,0,0,0,0
26466,12000000,NA,en,Triangle,25.496926,10/16/09,0,99,Released,Triangle,6.9,612,0,0,0,0,0,0,0,0,0,0,0,1,0,0,0,0,0,0,0,0
26486,0,NA,en,The Last Shot,6.7698,9/24/04,0,90,Released,The Last Shot,5.9,15,1,0,0,1,0,0,0,0,0,0,0,0,0,0,0,0,0,0,0,0
26518,300000,NA,en,Old Joy,1.673208,1/1/06,0,73,Released,Old Joy,6.3,36,0,0,0,0,0,0,1,0,0,0,0,0,0,0,0,0,0,0,0,0
26602,34000000,NA,en,Summer Catch,3.960098,8/22/01,19693891,108,Released,Summer Catch,4.8,63,0,0,0,1,0,0,1,0,0,0,0,0,0,0,1,0,0,0,0,0
26618,0,NA,en,Clay Pigeons,4.221313,9/25/98,0,104,Released,Clay Pigeons,6.3,39,0,0,0,1,1,0,1,0,0,0,0,0,0,0,0,0,1,0,0,0
26665,0,NA,en,Aberdeen,1.068819,7/5/00,0,113,Released,Aberdeen,7,6,0,0,0,1,0,0,1,0,0,1,0,0,0,0,0,0,0,0,0,0
26672,28000000,NA,en,The Thief and the Cobbler,2.439184,9/23/93,669276,72,Released,The Thief and the Cobbler,6.8,26,0,1,1,0,0,0,0,1,1,0,0,0,0,0,0,1,0,0,0,0
26673,0,NA,en,Frat Party,0.783842,1/1/09,0,84,Released,Frat Party,3.5,4,0,0,0,1,0,0,0,0,0,0,0,0,0,0,1,0,0,0,0,0
26688,12500000,NA,en,Sorority Row,8.780512,9/9/09,27206120,101,Released,Sorority Row,5.4,177,0,0,0,0,0,0,0,0,0,0,0,1,0,1,0,0,1,0,0,0
26710,0,NA,en,My Baby's Daddy,4.480167,1/9/04,51,86,Released,My Baby's Daddy,4.3,15,0,0,0,1,0,0,0,0,0,0,0,0,0,0,0,0,0,0,0,0
26748,5000000,NA,en,Lone Star,5.960149,6/21/96,13269963,135,Released,Lone Star,6.9,77,0,0,0,0,0,0,1,0,0,0,0,0,0,1,1,0,0,0,0,0
26791,1000000,NA,en,Brigham City,0.280083,3/30/01,852206,119,Released,Brigham City,7.3,4,0,0,0,0,1,0,1,0,0,0,0,0,0,1,0,0,1,0,0,0
26815,1250000,http://www.yashrajfilms.com/microsites/rocketsingh/rswebsite.html,hi,Rocket Singh: Salesman of the Year,3.000435,12/11/09,0,156,Released,Rocket Singh: Salesman of the Year,7,27,0,0,0,1,0,0,1,0,0,0,0,0,0,0,1,0,0,0,0,0
26837,0,http://www.bgirlmovie.com/,en,B-Girl,0.631571,7/29/09,0,84,Released,B-Girl,5.5,7,0,0,0,0,1,0,1,0,0,0,0,0,1,0,0,0,0,0,0,0
26843,35000000,NA,en,Lion of the Desert,2.864979,4/17/81,0,173,Released,Lion of the Desert,7.4,34,1,0,0,0,0,0,0,0,0,0,1,0,0,0,0,0,0,0,1,0
26899,800000,NA,en,The Mudge Boy,5.292536,1/17/03,62852,94,Released,The Mudge Boy,7.3,23,0,0,0,0,0,0,1,0,0,0,0,0,0,0,0,0,0,0,0,0
26916,0,NA,en,Mercy Streets,0.099902,10/31/00,0,106,Released,Mercy Streets,5.5,2,1,1,0,0,0,0,1,0,0,0,0,0,0,0,0,0,0,0,0,0
26963,0,http://www.thesecretofkells.com/,en,The Secret of Kells,10.621353,2/9/09,0,75,Released,The Secret of Kells,7.3,181,0,0,1,0,0,0,0,1,1,0,0,0,0,0,0,0,0,0,0,0
27004,7000000,NA,en,Ca$h,8.207425,1/1/10,46488,108,Released,Ca$h,6,73,0,0,0,1,1,0,0,0,0,0,0,0,0,0,0,0,1,0,0,0
27022,150000000,http://disney.go.com/disneypictures/sorcerersapprentice/,en,The Sorcerer's Apprentice,35.580815,7/13/10,215283742,109,Released,The Sorcerer's Apprentice,5.8,1470,1,1,0,1,0,0,1,0,1,0,0,0,0,0,0,0,0,0,0,0
27023,3800000,http://www.saintjohnmovie.com/,en,Saint John of Las Vegas,2.559806,6/10/09,111731,NA,Released,Saint John of Las Vegas,5.9,18,0,0,0,1,0,0,0,0,0,0,0,0,0,0,0,0,0,0,0,0
27029,3500000,NA,en,The Nun's Story,3.281509,6/18/59,128e5,149,Released,The Nun's Story,7.4,46,0,0,0,0,0,0,1,0,0,0,0,0,0,0,0,0,0,0,0,0
27191,4000000,NA,en,The Greatest Show on Earth,8.988455,1/10/52,36e6,152,Released,The Greatest Show on Earth,6.6,50,1,0,0,0,0,0,1,0,0,0,0,0,0,0,1,0,0,0,0,0
27205,160000000,http://inceptionmovie.warnerbros.com/,en,Inception,167.58371,7/14/10,825532764,148,Released,Inception,8.1,13752,1,1,0,0,0,0,0,0,0,0,0,0,0,1,0,1,1,0,0,0
27322,10000000,NA,en,Love Jones,1.000178,3/14/97,0,104,Released,Love Jones,8.1,12,0,0,0,1,0,0,1,0,0,0,0,0,0,0,1,0,0,0,0,0
27329,0,NA,th,สุริโยไท,0.843067,8/17/01,0,185,Released,The Legend of Suriyothai,5.1,6,0,0,0,0,0,0,1,0,0,1,1,0,0,0,0,0,0,0,1,0
27342,0,NA,en,Malone,1.610132,5/1/87,0,92,Released,Malone,6.8,15,1,0,0,0,0,0,0,0,0,0,0,0,0,0,0,0,1,0,0,0
27360,0,NA,en,King's Ransom,5.079017,4/22/05,0,95,Released,King's Ransom,5.1,14,0,0,0,1,1,0,0,0,0,0,0,0,0,0,0,0,0,0,0,0
27374,0,http://www.lakemungo.com,en,Lake Mungo,4.653047,6/17/08,0,84,Released,Lake Mungo,6.1,90,0,0,0,0,0,0,0,0,0,0,0,1,0,0,0,0,1,0,0,0
27380,0,NA,en,Megaforce,1.110179,6/25/82,0,99,Released,Megaforce,3.5,15,1,1,0,0,0,0,0,0,0,0,0,0,0,0,0,1,0,0,0,0
27404,0,NA,en,My Big Fat Independent Movie,0.68822,3/4/05,0,80,Released,My Big Fat Independent Movie,3,5,0,0,0,1,0,0,0,0,0,0,0,0,0,0,0,0,0,0,0,0
27420,0,NA,en,Graduation Day,1.452199,5/1/81,0,96,Released,Graduation Day,5,22,0,0,0,0,0,0,0,0,0,0,0,1,0,0,0,0,0,0,0,0
27451,0,NA,en,Harvard Man,5.336243,1/1/01,0,99,Released,Harvard Man,4.8,15,0,0,0,0,0,0,1,0,0,0,0,0,0,0,0,0,0,0,0,0
27455,0,NA,en,Foolish,0.796009,4/9/99,6033999,84,Released,Foolish,6.3,3,0,0,0,1,0,0,1,0,0,0,0,0,0,0,0,0,0,0,0,0
27549,6000000,NA,en,Beastmaster 2: Through the Portal of Time,1.478505,6/8/91,869325,107,Released,Beastmaster 2: Through the Portal of Time,4.6,17,1,1,0,0,0,0,0,0,1,0,0,0,0,0,0,1,0,0,0,0
27551,0,NA,en,The Barbarians,1.631993,3/1/87,0,87,Released,The Barbarians,5.1,8,0,1,0,0,0,0,0,0,1,0,0,0,0,0,0,0,0,0,0,0
27569,31000000,http://www.extraordinarymeasuresthemovie.com,en,Extraordinary Measures,6.487344,1/21/10,15134293,105,Released,Extraordinary Measures,6,89,0,0,0,0,0,0,1,0,0,0,0,0,0,0,0,0,0,0,0,0
27573,40000000,http://www.thebountyhunter-movie.net/,en,The Bounty Hunter,33.747825,3/16/10,136e6,110,Released,The Bounty Hunter,5.5,858,1,0,0,0,0,0,0,0,0,0,0,0,0,0,0,0,0,0,0,0
27576,110000000,http://www.sonypictures.com/homevideo/salt/,en,Salt,48.829437,7/21/10,293329073,100,Released,Salt,6.2,2093,1,0,0,0,0,0,0,0,0,0,0,0,0,1,0,0,1,0,0,0
27578,80000000,http://expendablesthemovie.com/,en,The Expendables,77.580661,8/3/10,274470394,103,Released,The Expendables,6,2926,1,1,0,0,0,0,0,0,0,0,0,0,0,0,0,0,1,0,0,0
27579,20000000,http://focusfeatures.com/film/the_american/,en,The American,18.632156,8/31/10,65464324,104,Released,The American,5.8,481,0,0,0,0,1,0,1,0,0,0,0,0,0,0,0,0,1,0,0,0
27581,100000000,http://www.theotherguys-movie.com/,en,The Other Guys,24.399642,8/6/10,170432927,107,Released,The Other Guys,6.1,1383,1,0,0,1,1,0,0,0,0,0,0,0,0,0,0,0,0,0,0,0
27582,40000000,http://www.themechanicmovie.com/,en,The Mechanic,44.094856,1/13/11,51070807,93,Released,The Mechanic,6.3,1045,1,0,0,0,1,0,0,0,0,0,0,0,0,0,0,0,1,0,0,0
27585,5000000,http://www.rabbitholefilm.com/,en,Rabbit Hole,10.095184,12/16/10,5129058,91,Released,Rabbit Hole,6.9,165,0,0,0,0,0,0,1,0,0,0,0,0,0,0,0,0,0,0,0,0
27586,10000000,NA,en,The Runaways,17.611971,3/19/10,2995811,106,Released,The Runaways,6.3,254,0,0,0,0,0,0,1,0,0,0,0,0,1,0,0,0,0,0,0,0
27588,0,NA,en,Forget Me Not,5.065752,10/22/09,0,103,Released,Forget Me Not,5,66,0,0,0,0,0,0,1,0,0,0,0,1,0,0,1,0,0,0,0,0
27686,0,NA,en,State Fair,1.847822,8/29/45,0,96,Released,State Fair,6.2,19,0,0,0,0,0,0,0,0,0,0,0,0,1,0,1,0,0,0,0,0
27723,1500000,NA,en,Psycho Beach Party,2.855963,8/6/00,0,95,Released,Psycho Beach Party,6,26,0,0,0,1,0,0,0,0,0,0,0,0,0,0,0,0,0,0,0,0
27759,17000000,NA,en,55 Days at Peking,3.321095,5/6/63,1e7,154,Released,55 Days at Peking,6.3,36,1,0,0,0,0,0,1,0,0,0,1,0,0,0,0,0,0,0,0,0
27845,0,NA,en,Trees Lounge,3.443916,10/11/96,0,95,Released,Trees Lounge,6.7,51,0,0,0,1,0,0,1,0,0,0,0,0,0,0,0,0,0,0,0,0
27936,33000000,NA,fr,Micmacs à tire-larigot,7.663515,10/28/09,14e6,100,Released,Micmacs,6.8,148,1,0,0,1,1,0,0,0,0,0,0,0,0,0,0,0,0,0,0,0
27983,0,NA,en,"Yours, Mine and Ours",2.094151,4/24/68,0,111,Released,"Yours, Mine and Ours",6.2,26,0,0,0,1,0,0,1,1,0,0,0,0,0,0,0,0,0,0,0,0
27995,0,NA,en,She's Gotta Have It,6.722213,8/8/86,0,84,Released,She's Gotta Have It,6.1,25,0,0,0,1,0,0,0,0,0,0,0,0,0,0,1,0,0,0,0,0
28005,3000000,NA,en,Kama Sutra - A Tale of Love,3.937939,9/11/96,4109095,117,Released,Kama Sutra - A Tale of Love,5.7,35,0,0,0,0,0,0,1,0,0,0,1,0,0,0,1,0,0,0,0,0
28029,14000000,NA,en,A Walk on the Moon,6.370267,1/29/99,0,107,Released,A Walk on the Moon,6.2,21,0,0,0,0,0,0,1,0,0,0,0,0,0,0,1,0,0,0,0,0
28053,6000000,NA,en,City Island,6.497285,3/6/09,6670712,104,Released,City Island,6.9,113,0,0,0,1,0,0,1,0,0,0,0,0,0,0,0,0,0,0,0,0
28089,6500000,http://www.themessengermovie.com/,en,The Messenger,8.432401,11/13/09,1521261,113,Released,The Messenger,7.1,119,0,0,0,0,0,0,1,0,0,0,1,0,0,0,0,0,0,0,0,0
28121,0,NA,en,A Thin Line Between Love and Hate,2.088251,4/4/96,0,108,Released,A Thin Line Between Love and Hate,5.7,15,0,0,0,1,1,0,0,0,0,0,0,0,0,0,1,0,1,0,0,0
28165,0,NA,en,The Toxic Avenger Part II,1.791331,2/24/89,0,96,Released,The Toxic Avenger Part II,5.3,39,1,0,0,1,0,0,0,0,0,0,0,1,0,0,0,0,0,0,0,0
28178,16000000,NA,en,Hachi: A Dog's Tale,43.217089,6/13/09,47801389,93,Released,Hachi: A Dog's Tale,7.7,1717,0,0,0,0,0,0,1,1,0,0,0,0,0,0,0,0,0,0,0,0
28211,15000000,NA,en,Chloe,26.373864,3/25/09,8459458,96,Released,Chloe,5.9,498,0,0,0,0,0,0,1,0,0,0,0,0,0,1,0,0,1,0,0,0
28260,2000000,NA,en,Return of the Living Dead 3,7.502934,10/1/93,54207,NA,Released,Return of the Living Dead 3,5.9,88,0,0,0,1,0,0,0,0,0,0,0,1,0,0,1,1,0,0,0,0
28353,0,NA,en,How to Be a Player,1.20245,8/6/97,13960203,93,Released,Def Jam's How to Be a Player,5.3,8,0,0,0,1,0,0,0,0,0,0,0,0,0,0,1,0,0,0,0,0
28355,27000000,http://www.case39movie.com/mainsite/,en,Case 39,23.917982,8/13/09,29e6,109,Released,Case 39,6.1,563,0,0,0,0,0,0,0,0,0,0,0,1,0,1,0,0,1,0,0,0
28580,1250000,NA,en,The Lost Weekend,6.903314,11/25/45,11e6,101,Released,The Lost Weekend,7.4,112,0,0,0,0,0,0,1,0,0,0,0,0,0,0,0,0,0,0,0,0
28665,0,NA,en,Fame,7.668063,1/1/09,0,107,Released,Fame,5.5,135,0,0,0,1,0,0,1,0,0,0,0,0,1,0,1,0,0,0,0,0
28666,0,NA,en,The Woman Chaser,0.619979,10/8/99,0,90,Released,The Woman Chaser,4.9,4,0,0,0,0,0,0,1,0,0,0,0,0,0,0,0,0,0,0,0,0
28902,0,NA,en,In Dreams,3.226243,1/15/99,0,100,Released,In Dreams,5.4,44,0,0,0,0,0,0,1,0,0,0,0,0,0,0,0,0,1,0,0,0
28932,11,NA,en,F.I.S.T.,3.375208,4/26/78,11,145,Released,F.I.S.T.,6.4,29,1,0,0,0,0,0,1,0,0,0,0,0,0,0,0,0,0,0,0,0
29015,0,NA,en,The Specials,9.055447,9/22/00,0,82,Released,The Specials,5.5,11,1,0,0,1,0,0,0,0,0,0,0,0,0,0,0,0,0,0,0,0
29064,0,NA,en,The Omega Code,1.288173,10/15/99,24e5,100,Released,The Omega Code,4.4,17,0,0,0,0,0,0,0,0,0,0,0,1,0,0,0,0,1,0,0,0
29076,10000000,NA,en,Gun Shy,3.988432,2/4/00,1631839,101,Released,Gun Shy,5.4,24,1,0,0,1,0,0,0,0,0,0,0,0,0,0,1,0,1,0,0,0
29078,0,NA,en,The Game of Their Lives,2.013405,1/1/05,0,101,Released,The Game of Their Lives,5.8,14,0,0,0,0,0,0,1,0,0,0,0,0,0,0,0,0,0,0,0,0
29122,0,NA,en,An Everlasting Piece,0.068246,12/22/00,0,103,Released,An Everlasting Piece,6,1,0,0,0,1,1,0,0,0,0,0,0,0,0,0,0,0,0,0,0,0
29146,950000,NA,en,Charly,0.178689,9/23/68,814666,103,Released,Charly,6.6,28,0,0,0,0,0,0,1,0,0,0,0,0,0,0,1,1,0,0,0,0
29193,10000000,NA,en,The Spanish Prisoner,3.091077,9/8/97,13835130,110,Released,The Spanish Prisoner,7.1,73,0,0,0,0,1,0,1,0,0,0,0,0,0,1,0,0,1,0,0,0
29262,0,NA,pt,Casa de Areia,0.389471,5/13/05,0,115,Released,The House of Sand,6.7,9,0,0,0,0,0,0,1,0,0,0,0,0,0,0,0,0,0,0,0,0
29339,0,NA,en,Nicholas Nickleby,5.099923,12/27/02,0,132,Released,Nicholas Nickleby,6.8,49,1,1,0,0,0,0,1,1,0,0,0,0,0,0,0,0,0,0,0,0
29371,0,NA,en,The Incredibly True Adventure of Two Girls In Love,1.70819,6/16/95,0,94,Released,The Incredibly True Adventure of Two Girls In Love,5.7,13,0,0,0,1,0,0,1,0,0,0,0,0,0,0,1,0,0,0,0,0
29406,2000000,http://truckermovie.net/,en,Trucker,1.20173,4/24/08,0,90,Released,Trucker,6.8,16,0,0,0,0,0,0,1,0,0,0,0,0,0,0,0,0,0,0,0,0
29426,4000000,http://magnetreleasing.com/survivalofthedead/,en,Survival of the Dead,10.789912,5/6/10,0,90,Released,Survival of the Dead,4.6,116,0,0,0,0,0,0,0,0,0,0,0,1,0,0,0,1,0,0,0,0
29427,20000000,NA,en,The Crazies,28.867568,2/26/10,54956140,101,Released,The Crazies,6.2,633,1,0,0,0,0,0,0,0,0,0,0,1,0,1,0,0,0,0,0,0
29461,0,NA,en,Soul Food,4.105363,9/26/97,0,114,Released,Soul Food,6.6,19,0,0,0,1,0,0,1,0,0,0,0,0,0,0,0,0,0,0,0,0
29463,3000000,NA,en,Krush Groove,0.720091,10/25/85,0,97,Released,Krush Groove,7,11,0,0,0,0,0,0,1,0,0,0,0,0,1,0,1,0,0,0,0,0
29514,9000000,NA,en,Due occhi diabolici,8.218383,1/25/90,0,120,Released,Two Evil Eyes,6,35,0,0,0,0,0,0,0,0,0,0,0,1,0,0,0,0,1,0,0,0
29595,0,http://www.walmartmovie.com/,en,Wal-Mart: The High Cost of Low Price,1.404175,11/4/05,0,98,Released,Wal-Mart: The High Cost of Low Price,6.9,24,0,0,0,0,0,1,0,0,0,0,0,0,0,0,0,0,0,0,0,0
29697,0,NA,en,Faith Like Potatoes,0.147886,10/27/06,0,97,Released,Faith Like Potatoes,6,9,0,0,0,0,0,0,1,0,0,0,0,0,0,0,0,0,0,0,0,0
29715,3800000,NA,en,Major Dundee,3.490215,4/7/65,14873,123,Released,Major Dundee,6.2,38,0,0,0,0,0,0,0,0,0,0,0,0,0,0,0,0,0,0,1,1
29731,0,NA,en,And Then Came Love,0.280829,1/1/07,0,90,Released,And Then Came Love,5,1,0,0,0,1,0,0,0,0,0,0,0,0,0,0,1,0,0,0,0,0
29912,4100000,NA,en,The Robe,4.028875,9/16/53,36e6,135,Released,The Robe,6.4,42,0,0,0,0,0,0,1,0,0,0,0,0,0,0,0,0,0,0,0,0
29917,0,http://www.examthemovie.com/,en,Exam,20.265518,6/19/09,0,101,Released,Exam,6.6,523,0,0,0,0,0,0,0,0,0,0,0,0,0,1,0,0,1,0,0,0
29920,0,http://www.filmensnabbacash.se/,sv,Snabba Cash,7.217328,1/15/10,0,124,Released,Easy Money,6.5,63,0,0,0,0,1,0,1,0,0,0,0,0,0,0,0,0,1,0,0,0
29963,8500000,http://www.brightstar-movie.com/,en,Bright Star,9.230073,11/5/09,4440055,119,Released,Bright Star,6.8,107,0,0,0,0,0,0,1,0,0,0,0,0,0,0,1,0,0,0,0,0
29996,5000000,NA,en,Solomon and Sheba,0.835617,12/25/59,122e5,139,Released,Solomon and Sheba,5.4,8,0,0,0,0,0,0,1,0,0,0,1,0,0,0,1,0,0,0,1,0
30082,1500000,NA,en,Forty Shades of Blue,0.071377,12/7/05,0,108,Released,Forty Shades of Blue,6,2,0,0,0,0,0,0,1,0,0,0,0,0,0,0,1,0,0,0,0,0
30128,7000000,NA,en,I Hope They Serve Beer in Hell,7.155519,9/25/09,1429299,106,Released,I Hope They Serve Beer in Hell,5.7,20,0,0,0,1,0,0,1,0,0,0,0,0,0,0,0,0,0,0,0,0
30139,0,NA,en,Phat Girlz,0.982624,1/1/06,0,99,Released,Phat Girlz,3.7,10,0,0,0,1,0,0,0,0,0,0,0,0,0,0,1,0,0,0,0,0
30141,0,NA,en,The Singing Detective,6.335881,10/24/03,0,109,Released,The Singing Detective,5.9,41,0,0,0,1,1,0,0,0,0,0,0,0,1,1,0,0,0,0,0,0
30246,0,NA,en,Civil Brand,0.665512,8/29/03,0,95,Released,Civil Brand,5.3,4,0,0,0,0,1,0,1,0,0,0,0,0,0,0,0,0,1,0,0,0
30309,0,NA,en,Real Women Have Curves,1.026243,1/1/02,0,86,Released,Real Women Have Curves,5.8,19,0,0,0,1,0,0,1,0,0,0,0,0,0,0,0,0,0,0,0,0
30315,500000,NA,en,Kingdom of the Spiders,2.537032,8/24/77,17e6,97,Released,Kingdom of the Spiders,5.7,30,0,0,0,0,0,0,0,0,0,0,0,1,0,0,0,1,0,0,0,0
30379,0,NA,en,Megiddo: The Omega Code 2,0.809588,9/7/01,0,104,Released,Megiddo: The Omega Code 2,3.6,8,1,0,0,0,0,0,0,0,0,0,0,0,0,0,0,1,1,0,0,0
30497,85000,NA,en,The Texas Chain Saw Massacre,29.262427,10/1/74,30859e3,83,Released,The Texas Chain Saw Massacre,7.2,590,0,0,0,0,0,0,0,0,0,0,0,1,0,0,0,0,0,0,0,0
30596,23000000,http://www.bodyguardsandassassins.com/,cn,十月圍城,7.876883,12/18/09,5837674,139,Released,Bodyguards and Assassins,6.5,57,1,0,0,0,0,0,1,0,0,0,1,0,0,0,0,0,0,0,0,0
30867,0,NA,en,Scott Walker: 30 Century Man,0.607782,10/31/06,0,95,Released,Scott Walker: 30 Century Man,7,8,0,0,0,0,0,1,0,0,0,0,0,0,1,0,0,0,0,0,0,0
30890,16000000,NA,en,Radio Days,7.612849,1/30/87,0,90,Released,Radio Days,7,127,0,0,0,1,0,0,1,0,0,0,0,0,0,0,0,0,0,0,0,0
30943,38000000,NA,en,The Deep End of the Ocean,4.746085,3/12/99,28121100,106,Released,The Deep End of the Ocean,5.9,54,0,0,0,0,0,0,1,0,0,0,0,0,0,1,0,0,0,0,0,0
30973,10000000,NA,en,The Visual Bible: The Gospel of John,3.208172,9/11/03,4069090,125,Released,The Visual Bible: The Gospel of John,8.2,12,0,0,0,0,0,0,1,0,0,0,1,0,0,0,0,0,0,0,0,0
30979,0,NA,en,The Horse Boy,0.465404,11/25/09,0,93,Released,The Horse Boy,5.5,2,0,0,0,0,0,1,0,0,0,0,0,0,0,0,0,0,0,0,0,0
31005,21000000,NA,en,Moonlight Mile,8.982335,9/9/02,10011050,117,Released,Moonlight Mile,6.5,52,0,0,0,0,0,0,1,0,0,0,0,0,0,0,1,0,0,0,0,0
31007,0,http://www.welcometotherileys-movie.com/,en,Welcome to the Rileys,6.085879,10/29/10,42145,110,Released,Welcome to the Rileys,6.4,139,0,0,0,0,0,0,1,0,0,0,0,0,0,0,0,0,0,0,0,0
31064,0,NA,en,The Business of Strangers,1.369649,1/19/01,0,84,Released,The Business of Strangers,5.7,19,0,0,0,0,0,0,1,0,0,0,0,0,0,0,0,0,1,0,0,0
31117,0,http://www.sonypictures.com/movies/superbabiesbabygeniuses2/index.html,en,Superbabies: Baby Geniuses 2,5.886228,8/27/04,9109322,88,Released,Superbabies: Baby Geniuses 2,1.9,35,0,0,0,1,0,0,0,1,0,0,0,0,0,0,0,0,0,0,0,0
31163,0,NA,en,Chicken Tikka Masala,0.258413,4/22/05,0,90,Released,Chicken Tikka Masala,3.5,5,0,0,0,1,0,0,0,0,0,1,0,0,0,0,1,0,0,0,0,0
31166,18000000,NA,en,I Come with the Rain,8.266124,5/14/09,0,114,Released,I Come with the Rain,5.6,20,0,0,0,0,0,0,1,0,0,0,0,0,0,0,0,0,1,0,0,0
31174,0,NA,en,Richard III,5.107235,12/29/95,0,104,Released,Richard III,6.9,49,0,0,0,0,0,0,1,0,0,0,0,0,0,0,0,0,0,0,1,0
31175,5000000,http://www.soul-kitchen-film.com/?l=en,de,Soul Kitchen,5.461487,9/9/09,17872796,99,Released,Soul Kitchen,7.1,116,0,0,0,1,0,0,1,0,0,0,0,0,0,0,0,0,0,0,0,0
31203,0,NA,fr,Le petit Nicolas,20.362025,9/30/09,0,91,Released,Little Nicholas,5.9,306,0,0,0,1,0,0,0,0,0,0,0,0,0,0,0,0,0,0,0,0
31246,12000000,NA,en,From Justin to Kelly,1.623338,6/20/03,4922166,90,Released,From Justin to Kelly,3,23,0,0,0,1,0,0,0,0,0,0,0,0,0,0,1,0,0,0,0,0
31306,0,NA,en,Crazy in Alabama,5.770246,10/22/99,0,111,Released,Crazy in Alabama,6.5,12,0,0,0,1,0,0,1,0,0,0,0,0,0,0,0,0,0,0,0,0
31535,0,NA,en,Chairman of the Board,0.587276,3/13/98,0,95,Released,Chairman of the Board,2.7,13,0,0,0,1,0,0,0,0,0,0,0,0,0,0,0,0,0,0,0,0
31582,0,NA,en,Flawless,5.271559,11/26/99,4488529,112,Released,Flawless,5.9,56,0,0,0,1,0,0,1,0,0,0,0,0,0,0,0,0,0,0,0,0
31640,26000000,NA,en,Blood and Wine,1.492056,10/3/96,0,101,Released,Blood and Wine,5.5,34,0,0,0,0,1,0,1,0,0,0,0,0,0,0,0,0,1,0,0,0
31668,15000000,NA,en,All The Queen's Men,1.833058,10/14/01,23e3,NA,Released,All The Queen's Men,6.1,7,1,0,0,1,0,0,1,0,0,0,1,0,0,0,0,0,0,0,0,0
31867,32000000,http://www.repomenarecoming.com/,en,Repo Men,25.799697,3/18/10,18409891,111,Released,Repo Men,6.2,620,1,0,0,0,1,0,0,0,0,0,0,0,0,0,0,1,1,0,0,0
31908,0,NA,en,Ghosts of Mississippi,8.102925,12/20/96,0,130,Released,Ghosts of Mississippi,6.2,40,0,0,0,0,0,0,1,0,0,0,1,0,0,0,0,0,0,0,0,0
31909,12000000,NA,en,Invaders from Mars,4.234269,1/1/86,4884663,100,Released,Invaders from Mars,5.5,57,0,0,0,0,0,0,0,0,0,0,0,0,0,0,0,1,0,0,0,0
31915,12000000,NA,en,Prophecy,8.61659,1/1/79,54e6,102,Released,Prophecy,5.4,25,0,0,0,0,0,0,0,0,0,0,0,1,0,0,0,1,0,0,0,0
31932,0,NA,en,City of Ghosts,2.64486,1/1/02,0,116,Released,City of Ghosts,5.4,18,0,0,0,0,0,0,0,0,0,0,0,0,0,0,0,0,1,0,0,0
32222,250000,NA,en,American Desi,0.126304,1/1/01,0,100,Released,American Desi,5,4,0,0,0,1,0,0,1,0,0,0,0,0,0,0,1,0,0,0,0,0
32235,0,NA,en,Northfork,1.980265,1/1/03,0,103,Released,Northfork,6.7,24,0,0,0,0,0,0,1,0,1,0,0,0,0,0,0,1,0,0,0,0
32274,0,NA,en,Cradle Will Rock,4.901553,12/10/99,0,132,Released,Cradle Will Rock,7.2,18,0,0,0,0,0,0,1,0,0,0,0,0,0,0,0,0,0,0,0,0
32275,6000000,NA,en,Duel in the Sun,7.60445,12/31/46,204e5,144,Released,Duel in the Sun,6.2,37,0,0,0,0,0,0,0,0,0,0,0,0,0,0,0,0,0,0,0,1
32316,20000000,NA,en,Marci X,5.65327,8/22/03,1675706,84,Released,Marci X,3.3,12,0,0,0,1,0,0,0,0,0,0,0,0,0,0,0,0,0,0,0,0
32395,6000000,NA,en,The Greatest,6.903186,1/17/09,0,99,Released,The Greatest,6.2,34,0,0,0,0,0,0,1,0,0,0,0,0,0,0,0,0,0,0,0,0
32456,1000000,NA,en,Two Girls and a Guy,4.86805,9/7/97,2057193,84,Released,Two Girls and a Guy,5.4,24,0,0,0,0,0,0,1,0,0,0,0,0,0,0,1,0,0,0,0,0
32579,0,http://www.foxsearchlight.com/underthesamemoon,es,La misma luna,2.756435,3/20/08,23311391,106,Released,Under the Same Moon,7,28,0,0,0,0,0,0,1,0,0,0,0,0,0,0,0,0,0,0,0,0
32657,95000000,NA,en,Percy Jackson & the Olympians: The Lightning Thief,61.121717,2/1/10,226497209,118,Released,Percy Jackson & the Olympians: The Lightning Thief,6,2010,0,1,0,0,0,0,0,1,1,0,0,0,0,0,0,0,0,0,0,0
32740,0,NA,hi,कृष,3.759988,6/23/06,0,154,Released,Krrish,5.5,46,1,0,0,0,0,0,0,0,0,0,0,0,0,0,0,1,0,0,0,0
32823,40000000,http://www.gethimtothegreek.net/,en,Get Him to the Greek,17.869443,6/4/10,90029656,109,Released,Get Him to the Greek,5.9,612,0,0,0,1,0,0,0,0,0,0,0,0,0,0,0,0,0,0,0,0
32856,52000000,http://www.valentinesdaymovie.com/,en,Valentine's Day,25.41929,2/10/10,216485654,125,Released,Valentine's Day,5.7,1013,0,0,0,1,0,0,0,0,0,0,0,0,0,0,1,0,0,0,0,0
33106,0,NA,zh,疯狂的赛车,0.406645,1/20/09,0,99,Released,Silver Medalist,7.4,13,1,1,0,1,0,0,1,0,0,1,0,0,0,0,0,0,0,0,0,0
33155,5500000,http://www.crownintlpictures.com/dgtitles.html,en,Galaxina,2.141143,6/6/80,4865e3,95,Released,Galaxina,3.3,16,0,0,0,1,0,0,0,0,0,0,0,0,0,0,0,1,0,0,0,0
33157,25000000,NA,en,Waterloo,1.894749,10/26/70,3052e3,128,Released,Waterloo,7,31,1,0,0,0,0,0,1,0,0,0,1,0,0,0,0,0,0,0,0,0
33196,16000000,NA,ko,해운대,4.628525,6/6/09,11301649,120,Released,Tidal Wave,6.5,48,1,1,0,0,0,0,1,0,0,0,0,0,0,0,0,0,1,0,0,0
33217,15000000,http://www.fox.co.uk/diary-of-a-wimpy-kid,en,Diary of a Wimpy Kid,21.095489,3/19/10,75700498,92,Released,Diary of a Wimpy Kid,5.9,355,0,0,0,1,0,0,0,1,0,0,0,0,0,0,0,0,0,0,0,0
33430,0,NA,en,Twin Falls Idaho,0.619136,7/30/99,0,111,Released,Twin Falls Idaho,7,11,0,0,0,0,0,0,1,0,0,0,0,0,0,0,1,0,0,0,0,0
33468,62000,NA,en,The Brain That Wouldn't Die,2.407048,2/25/62,0,82,Released,The Brain That Wouldn't Die,4.4,32,0,0,0,0,0,0,0,0,0,0,0,1,0,0,0,1,0,0,0,0
33511,0,http://www.nowhereboy.co.uk/,en,Nowhere Boy,1.950959,12/25/09,0,98,Released,Nowhere Boy,7.2,244,0,0,0,0,0,0,1,0,0,0,0,0,0,0,0,0,0,0,0,0
33542,7500000,NA,cn,紅番區,17.318839,1/30/95,32392047,91,Released,Rumble in the Bronx,6.5,240,1,0,0,1,1,0,0,0,0,0,0,0,0,0,0,0,1,0,0,0
33644,20000000,NA,en,How Stella Got Her Groove Back,2.003047,8/14/98,37672350,124,Released,How Stella Got Her Groove Back,6,24,0,0,0,1,0,0,1,0,0,0,0,0,0,0,1,0,0,0,0,0
33667,2000000,NA,en,Gentleman's Agreement,5.381536,11/11/47,78e5,118,Released,Gentleman's Agreement,6.8,47,0,0,0,0,0,0,1,0,0,0,0,0,0,0,1,0,0,0,0,0
33676,7000000,NA,en,Losin' It,2.550045,4/8/83,1246141,100,Released,Losin' It,4.5,31,0,0,0,1,0,0,0,0,0,0,0,0,0,0,0,0,0,0,0,0
33693,0,NA,en,Funny Ha Ha,0.362633,9/20/02,76901,85,Released,Funny Ha Ha,6.3,8,0,0,0,1,0,0,1,0,0,0,0,0,0,0,0,0,0,0,0,0
33870,25000000,http://www.maoslastdancermovie.com/,en,Mao's Last Dancer,1.876811,10/1/09,20719451,117,Released,Mao's Last Dancer,6.8,28,0,0,0,0,0,0,1,0,0,0,0,0,0,0,1,0,0,0,0,0
33909,70000000,http://www.wallstreetmoneyneversleeps.com/,en,Wall Street: Money Never Sleeps,23.25645,9/2/10,134748021,133,Released,Wall Street: Money Never Sleeps,5.8,493,0,0,0,0,1,0,1,0,0,0,0,0,0,0,0,0,0,0,0,0
34016,20000000,http://www.getyourrating.com/,en,She's Out of My League,16.176976,3/11/10,49779728,104,Released,She's Out of My League,5.9,525,0,0,0,1,0,0,0,0,0,0,0,0,0,0,1,0,0,0,0,0
34043,0,NA,en,On the Line,3.084874,10/26/01,0,85,Released,On the Line,4.1,10,0,0,0,1,0,0,0,1,0,0,0,0,0,0,1,0,0,0,0,0
34069,0,http://www.cargoderfilm.ch http://cargothemovie.com,de,Cargo,10.142218,9/24/09,0,120,Released,Cargo,5.9,140,0,0,0,0,0,0,0,0,0,0,0,0,0,1,0,1,1,0,0,0
34086,3000000,NA,en,Spaced Invaders,1.586598,4/27/90,15369573,100,Released,Spaced Invaders,4.7,25,0,0,0,1,0,0,0,1,0,0,0,0,0,0,0,1,0,0,0,0
34099,0,NA,en,Brave New Girl,0.18094,4/25/04,0,120,Released,Brave New Girl,3.7,3,0,0,0,0,0,0,1,1,0,0,0,0,1,0,0,0,0,0,0,0
34101,0,NA,en,Hollywood Shuffle,2.353483,3/20/87,0,78,Released,Hollywood Shuffle,5.7,19,0,0,0,1,0,0,0,0,0,0,0,0,0,0,0,0,0,0,0,0
34106,1644736,NA,en,You Can't Take It With You,3.426314,8/23/38,7433101,126,Released,You Can't Take It With You,7.2,79,0,0,0,1,0,0,0,0,0,0,0,0,0,0,1,0,0,0,0,0
34152,0,NA,en,Crooklyn,1.89218,5/13/94,0,115,Released,Crooklyn,6.7,31,0,0,0,1,0,0,1,0,0,0,0,0,0,0,0,0,0,0,0,0
34314,55000000,NA,en,Turbulence,4.700024,1/9/97,11466088,100,Released,Turbulence,5.2,62,1,0,0,0,1,0,0,0,0,0,0,0,0,0,0,0,1,0,0,0
34335,2000000,http://www.ninedead.com/,en,Nine Dead,9.68793,1/1/10,0,NA,Released,Nine Dead,5.2,84,0,0,0,0,1,0,1,0,0,0,0,1,0,0,0,0,1,0,0,0
34341,7500000,NA,en,Men with Brooms,1.369528,9/20/02,4245870,102,Released,Men with Brooms,4.5,7,0,0,0,1,0,0,0,0,0,0,0,0,0,0,0,0,0,0,0,0
34417,0,http://www.goodintentionsmovie.com/,en,Good Intentions,0.304566,3/9/10,0,85,Released,Good Intentions,5,6,0,0,0,1,0,0,0,0,0,0,0,0,0,0,0,0,0,0,0,0
34549,12000000,NA,en,Max Keeble's Big Move,1.081822,10/5/01,17292381,86,Released,Max Keeble's Big Move,5.4,33,0,0,0,1,0,0,0,1,1,0,0,0,0,0,0,1,0,0,0,0
34563,14000000,http://www.foxsearchlight.com/ourfamilywedding/,en,Our Family Wedding,6.733485,3/12/10,21409028,103,Released,Our Family Wedding,5.7,39,0,0,0,1,0,0,0,0,0,0,0,0,0,0,0,0,0,0,0,0
34584,27000000,NA,en,The Neverending Story,47.862016,4/5/84,20158808,102,Released,The NeverEnding Story,7,1002,0,1,0,0,0,0,1,1,1,0,0,0,0,0,0,0,0,0,0,0
34592,0,http://www.zmdthemovie.com/,en,ZMD: Zombies of Mass Destruction,1.563711,1/1/09,0,92,Released,ZMD: Zombies of Mass Destruction,4.7,31,0,0,0,0,0,0,0,0,0,0,0,1,0,0,0,0,0,0,0,0
34647,13000000,http://www.ifcfilms.com/films/enter-the-void,en,Enter the Void,20.39955,5/5/09,754249,161,Released,Enter the Void,7.2,387,0,0,0,0,0,0,1,0,1,0,0,0,0,0,0,0,0,0,0,0
34653,7000000,http://www.asingleman-movie.com/,en,A Single Man,21.626288,10/19/09,0,101,Released,A Single Man,7.3,463,0,0,0,0,0,0,1,0,0,0,0,0,0,0,1,0,0,0,0,0
34697,0,NA,en,Butterfly,1.063615,2/5/82,0,107,Released,Butterfly,5,12,0,0,0,0,1,0,1,0,0,0,0,0,0,0,0,0,0,0,0,0
34723,6500000,NA,en,The Adventures of Huck Finn,2.163683,4/2/93,0,108,Released,The Adventures of Huck Finn,6.2,42,1,1,0,0,0,0,1,1,0,0,0,0,0,0,0,0,0,0,0,0
34769,3500000,NA,en,Defendor,8.45342,9/12/09,44462,101,Released,Defendor,6.5,195,1,0,0,1,1,0,1,0,0,0,0,0,0,0,0,0,0,0,0,0
34806,35000000,http://www.theback-upplan.com/,en,The Back-Up Plan,18.38292,4/23/10,77477008,106,Released,The Back-Up Plan,5.7,458,0,0,0,1,0,0,0,0,0,0,0,0,0,0,1,0,0,0,0,0
34813,25000000,http://www.the-losers.com/,en,The Losers,24.903418,4/23/10,2358e4,97,Released,The Losers,6.2,515,1,1,0,0,1,0,0,0,0,0,0,0,0,1,0,0,1,0,0,0
34851,40000000,NA,en,Predators,47.649554,7/3/10,126248813,107,Released,Predators,6,1206,1,1,0,0,0,0,0,0,0,0,0,0,0,0,0,1,1,0,0,0
34941,0,NA,en,The Last Time I Committed Suicide,0.596889,6/20/97,0,92,Released,The Last Time I Committed Suicide,6.7,7,0,0,0,0,0,0,1,0,0,0,0,0,0,0,0,0,0,0,0,0
35019,35000000,http://www.nannymcphee.co.uk/,en,Nanny McPhee and the Big Bang,23.835055,3/26/10,93246388,109,Released,Nanny McPhee and the Big Bang,6,436,0,0,0,1,0,0,0,0,1,0,0,0,0,0,0,0,0,0,0,0
35032,3700000,NA,en,The Pirate,0.90522,6/11/48,2956e3,102,Released,The Pirate,6.6,17,0,0,0,0,0,0,0,0,0,0,0,0,1,0,1,0,0,0,0,0
35056,55000000,http://www.datenight-movie.com/,en,Date Night,38.06168,4/8/10,152263880,97,Released,Date Night,5.9,1122,0,0,0,1,0,0,0,0,0,0,0,0,0,0,0,0,0,0,0,0
35073,210000,NA,en,"The Beast from 20,000 Fathoms",2.043661,6/13/53,5e6,80,Released,"The Beast from 20,000 Fathoms",6.7,41,0,1,0,0,0,0,0,0,0,0,0,1,0,0,0,1,0,0,0,0
35169,35000000,http://www.furryvengeance-movie.com/,en,Furry Vengeance,13.668633,4/2/10,39340177,92,Released,Furry Vengeance,4.6,149,0,0,0,1,0,0,0,0,0,0,0,0,0,0,0,0,0,0,0,0
35199,0,NA,en,Wordplay,0.906096,6/26/06,0,94,Released,Wordplay,7.3,10,0,0,0,0,0,1,0,0,0,0,0,0,0,0,0,0,0,0,0,0
35219,0,NA,en,The Missing Person,1.161034,1/16/09,0,NA,Released,The Missing Person,6.4,9,0,0,0,1,0,0,1,0,0,0,0,0,0,1,0,0,1,0,0,0
35688,20000000,http://www.whydidigetmarriedtoomovie.com/,en,Why Did I Get Married Too?,2.986286,4/2/10,60072596,121,Released,Why Did I Get Married Too?,6.1,29,0,0,0,1,0,0,0,0,0,0,0,0,0,0,1,0,0,0,0,0
35689,0,NA,en,Don McKay,1.496454,4/24/09,0,87,Released,Don McKay,5.4,21,0,0,0,0,1,0,0,0,0,0,0,0,0,1,0,0,1,0,0,0
35690,0,NA,en,The Last Song,23.139971,3/31/10,0,107,Released,The Last Song,6.9,923,0,0,0,0,0,0,1,1,0,0,0,0,0,0,1,0,0,0,0,0
35691,0,http://www.letterstogodthemovie.com,en,Letters to God,3.644872,4/9/10,0,110,Released,Letters to God,6.5,37,1,0,0,0,0,0,1,1,0,0,0,0,0,0,0,0,1,0,0,0
35696,15600000,http://www.juwannamann.com/,en,Juwanna Mann,2.244947,6/21/02,0,91,Released,Juwanna Mann,4.2,20,0,0,0,1,0,0,1,0,0,0,0,0,0,0,0,0,0,0,0,0
35791,60000000,http://www.sonypictures.com/movies/residentevilafterlife/site/,en,Resident Evil: Afterlife,2.143764,9/9/10,300228084,97,Released,Resident Evil: Afterlife,5.8,1363,1,1,0,0,0,0,0,0,0,0,0,1,0,0,0,1,0,0,0,0
35944,0,NA,en,Lucky Break,0.669169,8/24/01,0,107,Released,Lucky Break,6.5,11,1,0,0,1,0,0,0,0,0,0,0,0,0,0,0,0,0,0,0,0
36046,7500000,http://www.workandtheglory.com/,en,The Work and the Glory,0.571663,11/24/04,3347647,110,Released,The Work and the Glory,6.1,7,0,0,0,0,0,0,1,0,0,0,0,0,0,0,1,0,0,0,0,0
36047,15000000,http://in-crowd.warnerbros.com/,en,The In Crowd,0.249245,7/19/00,5217498,105,Released,The In Crowd,4.7,15,0,0,0,0,0,0,0,0,0,0,0,0,0,0,0,0,1,0,0,0
36095,20000,NA,ja,キュア,0.212443,11/6/97,99e3,111,Released,Cure,7.4,63,0,0,0,0,1,0,0,0,0,0,0,1,0,1,0,0,1,0,0,0
36334,0,NA,en,Deadline - U.S.A.,0.225627,3/14/52,0,87,Released,Deadline - U.S.A.,6.9,17,0,0,0,0,1,0,1,0,0,0,0,0,0,0,0,0,0,0,0,0
36351,5000000,NA,en,Light Sleeper,6.063868,8/21/92,0,103,Released,Light Sleeper,5.7,15,0,0,0,0,1,0,1,0,0,0,0,0,0,0,0,0,0,0,0,0
36355,25530000,NA,en,Flipper,4.475007,5/17/96,20080020,95,Released,Flipper,5.3,84,0,1,0,0,0,0,0,1,0,0,0,0,0,0,0,0,0,0,0,0
36419,4500000,http://www.afterlifethefilm.com/,en,After.Life,14.570359,4/9/10,3606395,104,Released,After.Life,5.4,251,0,0,0,0,0,0,1,0,0,0,0,1,0,1,0,0,1,0,0,0
36549,0,http://www.heliconarts.com/yesterday/,en,Yesterday Was a Lie,0.145014,1/1/08,0,89,Released,Yesterday Was a Lie,6,4,0,0,0,0,0,0,1,0,0,0,0,0,0,1,0,1,1,0,0,0
36557,150000000,http://www.mgm.com/#/our-titles/233/Casino-Royale-(2006),en,Casino Royale,88.935165,11/14/06,599045960,144,Released,Casino Royale,7.3,3855,1,1,0,0,0,0,0,0,0,0,0,0,0,0,0,0,1,0,0,0
36584,500000,NA,en,Interview with the Assassin,0.471264,5/9/02,0,88,Released,Interview with the Assassin,5.6,5,0,0,0,0,0,0,1,0,0,0,0,0,0,0,0,0,1,0,0,0
36586,54000000,http://www.warnerbros.com/blade-ii,en,Blade II,67.169587,3/22/02,155010032,117,Released,Blade II,6.2,1528,1,0,0,0,0,0,0,0,1,0,0,1,0,0,0,0,1,0,0,0
36593,30000000,NA,en,The Naked Gun 33⅓: The Final Insult,28.624038,3/18/94,51132598,83,Released,The Naked Gun 33⅓: The Final Insult,6.3,521,0,0,0,1,1,0,0,0,0,0,0,0,0,0,0,0,0,0,0,0
36597,0,http://www.pbs.org/wgbh/masterpiece/wutheringheights/index.html,en,Wuthering Heights,4.409263,1/18/09,0,142,Released,Wuthering Heights,6.9,37,0,0,0,0,0,0,1,0,0,0,0,0,0,0,0,0,0,0,0,0
36643,135000000,http://www.mgm.com/view/movie/231/The-World-Is-Not-Enough/,en,The World Is Not Enough,39.604363,11/8/99,361832400,128,Released,The World Is Not Enough,6,862,1,1,0,0,0,0,0,0,0,0,0,0,0,0,0,0,1,0,0,0
36647,45000000,http://www.warnerbros.com/blade,en,Blade,43.815492,8/21/98,131183530,120,Released,Blade,6.5,1905,1,0,0,0,0,0,0,0,0,0,0,1,0,0,0,0,0,0,0,0
36648,65000000,http://www.warnerbros.com/blade-trinity,en,Blade: Trinity,49.660055,12/8/04,128905366,123,Released,Blade: Trinity,5.7,1252,1,1,0,0,0,0,0,0,1,0,0,1,0,0,0,1,1,0,0,0
36657,75000000,NA,en,X-Men,4.66891,7/13/00,296339527,104,Released,X-Men,6.8,4097,1,1,0,0,0,0,0,0,0,0,0,0,0,0,0,1,0,0,0,0
36658,110000000,NA,en,X2,2.871739,4/24/03,407711549,133,Released,X2,6.8,3506,1,1,0,0,0,0,0,0,0,0,0,0,0,0,0,1,1,0,0,0
36668,210000000,NA,en,X-Men: The Last Stand,3.857526,5/24/06,459359555,104,Released,X-Men: The Last Stand,6.3,3525,1,1,0,0,0,0,0,0,0,0,0,0,0,0,0,1,1,0,0,0
36669,140000000,http://www.mgm.com/view/movie/232/Die-Another-Day/,en,Die Another Day,54.159392,11/17/02,431971116,133,Released,Die Another Day,5.8,1092,1,1,0,0,0,0,0,0,0,0,0,0,0,0,0,0,1,0,0,0
36670,36000000,http://www.mgm.com/view/movie/1345/Never-Say-Never-Again/,en,Never Say Never Again,23.380757,10/7/83,16e7,134,Released,Never Say Never Again,5.8,338,1,1,0,0,0,0,0,0,0,0,0,0,0,0,0,0,1,0,0,0
36691,15000000,http://www.solitarymanmovie.com/,en,Solitary Man,7.497306,9/7/09,5024782,90,Released,Solitary Man,5.8,84,0,0,0,1,0,0,1,0,0,0,0,0,0,0,1,0,0,0,0,0
36696,25000000,NA,ru,Белка и Стрелка. Звёздные собаки,5.753564,3/18/10,65e5,85,Released,Space Dogs,6.3,10,0,0,1,0,0,0,0,1,0,0,0,0,0,0,0,0,0,0,0,0
36739,0,NA,en,School Daze,3.159574,2/12/88,0,121,Released,School Daze,6.2,26,0,0,0,1,0,0,1,0,0,0,0,0,0,0,0,0,0,0,0,0
36811,0,http://www.sonyclassics.com/thelaststation/,en,The Last Station,3.659292,9/4/09,0,112,Released,The Last Station,6.7,55,0,0,0,0,0,0,1,0,0,0,0,0,0,0,1,0,0,0,0,0
36819,5000000,NA,en,Time Bandits,14.779537,7/13/81,42365581,116,Released,Time Bandits,6.6,249,0,1,0,1,0,0,0,1,1,0,0,0,0,0,0,1,0,0,0,0
36825,0,http://www.halestormentertainment.com/p_movies_details.asp?mID=jnlppmp8,en,The R.M.,0.082978,1/31/03,0,101,Released,The R.M.,4.8,4,0,0,0,1,1,0,0,1,0,0,0,0,0,0,0,0,0,0,0,0
36955,115000000,NA,en,True Lies,38.729418,7/14/94,378882411,141,Released,True Lies,6.8,1116,1,0,0,0,0,0,0,0,0,0,0,0,0,0,0,0,1,0,0,0
36970,0,http://oceans-lefilm.com/,en,Oceans,10.706613,10/17/09,19406406,84,Released,Oceans,7.3,111,0,0,0,0,0,1,0,1,0,0,0,0,0,0,0,0,0,0,0,0
37003,15000000,http://www.u23dmovie.com/,en,U2 3D,0.335195,5/19/07,22730842,85,Released,U2 3D,6.7,10,0,0,0,0,0,1,0,0,0,0,0,0,1,0,0,0,0,0,0,0
37028,0,http://www.magicflutefilm.com/,en,The Magic Flute,0.548435,9/7/06,0,133,Released,The Magic Flute,6.9,6,0,0,0,1,0,0,1,0,0,0,0,0,1,0,0,0,0,0,0,0
37056,30000000,http://www.letterstojuliet-movie.com/,en,Letters to Juliet,16.52083,5/14/10,0,105,Released,Letters to Juliet,6.6,796,0,0,0,1,0,0,1,0,0,0,0,0,0,0,1,0,0,0,0,0
37080,7000000,NA,en,Mother and Child,5.517597,11/7/09,0,125,Released,Mother and Child,6.7,46,0,0,0,0,0,0,1,0,0,0,0,0,0,0,1,0,0,0,0,0
37137,23000000,NA,en,The Naked Gun 2½: The Smell of Fear,27.33256,6/28/91,86930411,85,Released,The Naked Gun 2½: The Smell of Fear,6.6,546,0,0,0,1,1,0,0,0,0,0,0,0,0,0,0,0,0,0,0,0
37165,60000000,NA,en,The Truman Show,56.488027,6/4/98,264118201,103,Released,The Truman Show,7.8,4537,0,0,0,1,0,0,1,0,0,0,0,0,0,0,0,0,0,0,0,0
37206,6000000,NA,en,A Shine of Rainbows,12.099486,10/1/09,0,101,Released,A Shine of Rainbows,6.3,14,0,0,0,0,0,0,1,1,0,0,0,0,0,0,0,0,0,0,0,0
37232,0,http://www.travellersandmagicians.com/,en,Travellers and Magicians,0.749699,9/9/03,0,108,Released,Travellers and Magicians,6.8,9,0,1,0,0,0,0,1,0,0,1,0,0,0,0,0,0,0,0,0,0
37233,42000000,NA,en,The Firm,23.736535,6/30/93,270248367,154,Released,The Firm,6.6,501,0,0,0,0,0,0,1,0,0,0,0,0,0,1,0,0,1,0,0,0
37414,13000000,http://www.killerinsideme.com/,en,The Killer Inside Me,11.892615,2/19/10,0,109,Released,The Killer Inside Me,6,173,0,0,0,0,1,0,1,0,0,0,0,0,0,0,0,0,1,0,0,0
37495,967686,http://www.four-lions.co.uk/,en,Four Lions,20.544999,5/7/10,427e4,101,Released,Four Lions,7,423,0,0,0,1,1,0,1,0,0,0,0,0,0,0,0,0,0,0,0,0
37498,33000000,NA,en,Knock Off,2.706207,9/4/98,0,91,Released,Knock Off,4.7,64,1,1,0,0,0,0,0,0,0,0,0,0,0,0,0,0,1,0,0,0
37532,1,NA,en,Slam,0.29245,10/7/98,0,100,Released,Slam,6.7,7,0,0,0,0,0,0,1,0,0,0,0,0,0,0,0,0,0,0,0,0
37686,50000000,http://www.super8-movie.com/,en,Super 8,37.069253,6/8/11,260095987,112,Released,Super 8,6.6,2435,0,0,0,0,0,0,0,0,0,0,0,0,0,1,0,1,1,0,0,0
37694,0,http://www.proudthemovie.com/,en,Proud,0.023681,7/2/04,0,87,Released,Proud,5.5,3,0,0,0,0,0,0,1,0,0,0,0,0,0,0,0,0,0,0,0,0
37707,26000000,http://www.splicethefilm.com/,en,Splice,23.227877,10/6/09,0,104,Released,Splice,5.5,671,0,0,0,0,0,0,0,0,0,0,0,1,0,0,0,1,1,0,0,0
37710,100000000,http://thetourist-movie.com/,en,The Tourist,41.426678,12/8/10,278731369,103,Released,The Tourist,6,1699,1,0,0,0,0,0,0,0,0,0,0,0,0,0,1,0,1,0,0,0
37718,0,NA,en,The Muse,2.857936,8/27/99,0,97,Released,The Muse,5.3,31,0,0,0,1,0,0,0,0,1,0,0,0,0,0,0,0,0,0,0,0
37724,200000000,http://www.skyfall-movie.com,en,Skyfall,93.004993,10/25/12,1108561013,143,Released,Skyfall,6.9,7604,1,1,0,0,0,0,0,0,0,0,0,0,0,0,0,0,1,0,0,0
37735,8000000,http://letsnotandsaywedid.com/,en,Easy A,45.395839,9/10/10,74952305,92,Released,Easy A,6.7,2210,0,0,0,1,0,0,0,0,0,0,0,0,0,0,0,0,0,0,0,0
37737,0,http://www.kites-thefilm.com/,en,Kites,4.807549,5/21/10,0,131,Released,Kites,6,40,1,0,0,0,0,0,1,0,0,0,0,0,0,0,1,0,0,0,0,0
37786,100000000,http://www.sexandthecitymovie.com/,en,Sex and the City 2,18.325897,5/26/10,288347692,146,Released,Sex and the City 2,5.4,426,0,0,0,1,0,0,1,0,0,0,0,0,0,0,1,0,0,0,0,0
37799,40000000,http://www.thesocialnetwork-movie.com/,en,The Social Network,69.27822,9/30/10,224920315,120,Released,The Social Network,7.1,3391,0,0,0,0,0,0,1,0,0,0,0,0,0,0,0,0,0,0,0,0
37821,75000000,http://killersfilm.com/,en,Killers,23.004607,6/4/10,98159963,100,Released,Killers,5.7,772,1,0,0,1,0,0,0,0,0,0,0,0,0,0,1,0,1,0,0,0
37834,117000000,http://www.knightanddaymovie.com,en,Knight and Day,44.906918,6/15/10,261930431,109,Released,Knight and Day,5.9,1547,1,0,0,1,0,0,0,0,0,0,0,0,0,0,0,0,0,0,0,0
37842,0,http://www.sonyclassics.com/wildgrass/,fr,Les herbes folles,1.866443,5/20/09,0,104,Released,Wild Grass,5.8,22,0,0,0,0,0,0,1,0,0,0,0,0,0,0,1,0,0,0,0,0
37903,15238800,http://www.sonyclassics.com/thewhiteribbon/,de,Das weisse Band,17.94739,5/21/09,0,144,Released,The White Ribbon,7.2,255,0,0,0,0,1,0,1,0,0,0,0,0,0,1,0,0,0,0,0,0
37931,10000000,http://iamrogue.com/macgruber/,en,MacGruber,14.038512,5/21/10,611e4,90,Released,MacGruber,5.1,179,1,1,0,1,0,0,0,0,0,0,0,0,0,0,0,0,0,0,0,0
37950,44000000,NA,en,Charlie St. Cloud,21.75433,5/1/10,48190704,99,Released,Charlie St. Cloud,6.8,566,0,0,0,0,0,0,1,0,0,0,0,0,0,0,0,0,0,0,0,0
37958,75000000,http://www.immortalsmovie.com/splash/,en,Immortals,37.917002,11/10/11,226904017,110,Released,Immortals,5.7,880,1,0,0,0,0,0,1,0,1,0,0,0,0,0,0,0,0,0,0,0
37964,8000000,NA,en,Brown Sugar,3.501158,10/5/02,27362712,109,Released,Brown Sugar,7,31,0,0,0,1,0,0,0,0,0,0,0,0,0,0,1,0,0,0,0,0
37985,0,NA,en,The Trials Of Darryl Hunt,0.15066,6/15/07,0,106,Released,The Trials Of Darryl Hunt,6.8,4,0,0,0,0,0,1,0,0,0,0,0,0,0,0,0,0,0,0,0,0
38007,0,NA,en,Ira & Abby,0.595136,1/1/06,0,104,Released,Ira & Abby,5.8,9,0,0,0,1,0,0,0,0,0,0,0,0,0,0,1,0,0,0,0,0
38031,22000000,NA,en,You Will Meet a Tall Dark Stranger,12.4654,5/23/10,0,98,Released,You Will Meet a Tall Dark Stranger,5.8,251,0,0,0,1,0,0,1,0,0,0,0,0,0,0,1,0,0,0,0,0
38033,0,NA,en,Chain Letter,2.504156,10/1/10,0,96,Released,Chain Letter,3.9,37,0,0,0,0,0,0,0,0,0,0,0,1,0,0,0,0,1,0,0,0
38050,50200000,http://www.theadjustmentbureau.com/,en,The Adjustment Bureau,26.60772,3/3/11,127869379,106,Released,The Adjustment Bureau,6.5,1652,0,0,0,0,0,0,0,0,0,0,0,0,0,0,1,1,1,0,0,0
38055,130000000,http://www.megamind.com,en,Megamind,68.757242,10/28/10,321887208,95,Released,Megamind,6.7,1918,1,0,1,1,0,0,0,1,0,0,0,0,0,0,0,1,0,0,0,0
38073,32000000,http://going-the-distance.warnerbros.com/,en,Going the Distance,13.611544,9/1/10,42045846,102,Released,Going the Distance,6,262,0,0,0,1,0,0,1,0,0,0,0,0,0,0,1,0,0,0,0,0
38093,0,NA,en,Just Wright,10.409253,5/14/10,21520719,100,Released,Just Wright,6.1,99,0,0,0,1,0,0,1,0,0,0,0,0,0,0,1,0,0,0,0,0
38117,17000000,http://www.beastlythemovie.com/,en,Beastly,24.054062,1/21/11,43165571,86,Released,Beastly,6,849,0,0,0,0,0,0,1,0,1,0,0,0,0,0,1,0,0,0,0,0
38153,45000000,NA,en,Shadow Conspiracy,3.848893,1/31/97,2154540,103,Released,Shadow Conspiracy,4,11,1,0,0,0,0,0,0,0,0,0,0,0,0,0,0,0,1,0,0,0
38167,60000000,http://www.sonypictures.com/movies/eatpraylove/,en,Eat Pray Love,28.800112,8/12/10,204594016,133,Released,Eat Pray Love,5.8,636,0,0,0,0,0,0,1,0,0,0,0,0,0,0,0,0,0,0,0,0
38223,12000000,NA,en,Harriet the Spy,4.63093,7/10/96,0,100,Released,Harriet the Spy,5.7,46,0,0,0,1,0,0,1,1,0,0,0,0,0,0,0,0,0,0,0,0
38303,20000000,NA,en,You Again,19.962713,9/24/10,32005248,105,Released,You Again,6,368,0,0,0,1,0,0,0,0,0,0,0,0,0,0,1,0,0,0,0,0
38317,80000000,http://www.zookeeper-movie.com/,en,Zookeeper,27.46264,7/6/11,169852759,102,Released,Zookeeper,5.3,498,0,0,0,1,0,0,0,1,0,0,0,0,0,0,1,0,0,0,0,0
38319,49900000,http://www.yourhighnessmovie.net/,en,Your Highness,21.408222,4/8/11,26121638,102,Released,Your Highness,5.2,501,0,0,0,1,0,0,0,0,0,0,0,0,0,0,0,0,0,0,0,0
38321,60000000,http://www.priest-themovie.com/,en,Priest,28.350927,5/5/11,78309131,87,Released,Priest,5.4,692,1,0,0,0,0,0,0,0,1,0,0,1,0,0,0,1,1,0,0,0
38322,32000000,http://www.bigmommaslikefatherlikeson.com/,en,"Big Mommas: Like Father, Like Son",15.901137,2/16/11,83615414,107,Released,"Big Mommas: Like Father, Like Son",5.3,313,1,0,0,1,1,0,0,0,0,0,0,0,0,0,0,0,0,0,0,0
38356,195000000,http://www.transformersmovie.com/,en,Transformers: Dark of the Moon,28.529607,6/28/11,1123746996,154,Released,Transformers: Dark of the Moon,6.1,3299,1,1,0,0,0,0,0,0,0,0,0,0,0,0,0,1,0,0,0,0
38357,40000000,http://www.morningglorymovie.com/,en,Morning Glory,22.491388,1/12/10,58785180,102,Released,Morning Glory,6.1,412,0,0,0,1,0,0,1,0,0,0,0,0,0,0,1,0,0,0,0,0
38358,1800000,http://thelastexorcism.com/,en,The Last Exorcism,14.838986,8/27/10,67738090,87,Released,The Last Exorcism,5.6,328,0,0,0,0,0,0,1,0,0,0,0,1,0,0,0,0,1,0,0,0
38363,22000000,http://www.fairgame-movie.com/,en,Fair Game,12.54949,5/20/10,24188922,108,Released,Fair Game,6.5,235,0,0,0,0,0,0,1,0,0,0,0,0,0,0,0,0,1,0,0,0
38365,80000000,http://www.grownups-movie.com/,en,Grown Ups,38.864027,6/24/10,271430189,102,Released,Grown Ups,6,1705,0,0,0,1,0,0,0,0,0,0,0,0,0,0,0,0,0,0,0,0
38415,7,NA,en,Bran Nue Dae,0.050456,8/9/09,7,82,Released,Bran Nue Dae,5.2,6,0,0,0,1,0,0,1,0,0,1,0,0,0,0,1,0,0,0,0,0
38428,0,http://gandhimyfather.erosentertainment.com/,hi,"Gandhi, My Father",0.080704,8/3/07,0,136,Released,"Gandhi, My Father",6,2,0,0,0,0,0,0,1,0,0,1,1,0,0,0,0,0,0,0,0,0
38448,12000000,http://www.ondinefilm.com,en,Ondine,5.841285,9/14/09,1644755,111,Released,Ondine,6.5,84,0,0,0,0,0,0,1,0,0,0,0,0,0,0,1,0,0,0,0,0
38541,3000000,NA,en,The Divide,11.882563,3/13/11,22e3,112,Released,The Divide,5.7,197,0,0,0,0,0,0,0,0,0,0,0,0,0,0,0,1,0,0,0,0
38543,25000000,NA,en,Ironclad,12.31708,3/3/11,0,121,Released,Ironclad,6.2,227,1,1,0,0,0,0,0,0,0,0,1,0,0,0,1,0,0,0,0,0
38570,0,NA,en,The 41–Year–Old Virgin Who Knocked Up Sarah Marshall and Felt Superbad About It,5.628399,6/8/10,0,82,Released,The 41–Year–Old Virgin Who Knocked Up Sarah Marshall and Felt Superbad About It,3.2,34,0,0,0,1,0,0,0,0,0,0,0,0,0,0,0,0,0,0,0,0
38579,50000000,http://www.themarmadukemovie.com/,en,Marmaduke,12.25622,6/4/10,83761844,87,Released,Marmaduke,5,149,0,0,0,1,0,0,0,1,0,0,0,0,0,0,0,0,0,0,0,0
38665,18000000,NA,en,The Legend of the Lone Ranger,11.725805,8/20/81,2945600,98,Released,The Legend of the Lone Ranger,3.7,14,1,1,0,0,0,0,0,0,0,0,0,0,0,0,1,0,0,0,0,1
38717,0,NA,en,Madison,0.212108,1/23/01,0,99,Released,Madison,5.3,3,1,1,0,0,0,0,1,0,0,0,0,0,0,0,0,0,0,0,0,0
38745,112000000,NA,en,Gulliver's Travels,22.845143,12/25/10,237382724,85,Released,Gulliver's Travels,4.9,621,0,0,0,1,0,0,0,0,0,0,0,0,0,0,0,0,0,0,0,0
38757,260000000,http://disney.go.com/disneypictures/tangled/,en,Tangled,48.681969,11/24/10,591794936,100,Released,Tangled,7.4,3330,0,0,1,0,0,0,0,1,0,0,0,0,0,0,0,0,0,0,0,0
38778,69000000,http://www.dinnerforschmucks.com/,en,Dinner for Schmucks,11.023691,7/30/10,86387857,114,Released,Dinner for Schmucks,5.5,531,0,0,0,1,0,0,0,0,0,0,0,0,0,0,0,0,0,0,0,0
38780,0,NA,en,Rampage,7.101197,8/14/09,0,85,Released,Rampage,6,131,1,0,0,0,1,0,1,0,0,0,0,0,0,0,0,0,1,0,0,0
38810,0,http://www.dogtooth.gr/,el,Κυνόδοντας,28.858238,6/1/09,110197,94,Released,Dogtooth,6.9,332,0,0,0,0,0,0,1,0,0,0,0,0,0,0,0,0,0,0,0,0
38843,0,http://www.ramonaandbeezus.com/,en,Ramona and Beezus,9.681147,7/23/10,0,103,Released,Ramona and Beezus,6.1,245,0,0,0,1,0,0,0,1,0,0,0,0,0,0,0,0,0,0,0,0
38940,0,NA,en,Men of War,1.734764,9/4/94,0,103,Released,Men of War,5.4,29,1,0,0,0,0,0,0,0,0,0,0,0,0,0,0,0,1,0,0,0
38970,0,NA,it,Ricordati di me,4.240495,2/11/03,0,125,Released,"Remember Me, My Love",5.8,44,0,0,0,1,0,0,1,0,0,0,0,0,0,0,1,0,0,0,0,0
38985,22000000,NA,en,Sorcerer,9.088209,6/24/77,12e6,121,Released,Sorcerer,7.4,98,1,1,0,0,0,0,0,0,0,0,0,0,0,0,0,0,1,0,0,0
39013,2000000,http://www.wintersbonemovie.com/,en,Winter's Bone,20.834883,6/11/10,13831503,100,Released,Winter's Bone,6.8,565,0,0,0,0,0,0,1,0,0,0,0,0,0,0,0,0,0,0,0,0
39037,3200000,NA,en,The Good Guy,2.631688,4/25/09,0,90,Released,The Good Guy,5.4,59,0,0,0,1,0,0,0,0,0,0,0,0,0,0,1,0,0,0,0,0
39053,7000000,http://www.foxsearchlight.com/cyrus/,en,Cyrus,15.212569,6/18/10,0,91,Released,Cyrus,6.1,133,0,0,0,1,0,0,1,0,0,0,0,0,0,0,1,0,0,0,0,0
39055,0,http://www.freestylemovie.com/,en,Free Style,0.122874,12/24/08,140987,94,Released,Free Style,5.8,4,0,0,0,0,0,0,1,1,0,0,0,0,0,0,0,0,0,0,0,0
39141,150000,NA,en,Tadpole,8.570328,11/1/02,2891288,78,Released,Tadpole,5.5,19,0,0,0,1,0,0,1,0,0,0,0,0,0,0,1,0,0,0,0,0
39180,0,NA,en,See Spot Run,6.579017,3/2/01,0,94,Released,See Spot Run,4.8,44,1,0,0,1,0,0,0,1,0,0,0,0,0,0,0,0,0,0,0,0
39183,1000000,NA,en,Once in a Lifetime: The Extraordinary Story of the New York Cosmos,0.436148,1/1/06,0,97,Released,Once in a Lifetime: The Extraordinary Story of the New York Cosmos,4.7,3,0,0,0,0,0,1,0,0,0,0,0,0,0,0,0,0,0,0,0,0
39209,1455000,NA,en,Shalako,3.598457,11/6/68,262e4,113,Released,Shalako,5.4,12,0,0,0,0,0,0,0,0,0,0,0,0,0,0,0,0,0,0,0,1
39210,8000000,http://www.scsomewhere.com/,en,Somewhere,9.590373,9/3/10,0,98,Released,Somewhere,6,208,0,0,0,1,0,0,1,0,0,0,0,0,0,0,0,0,0,0,0,0
39254,110000000,http://www.steelgetsreal.com/,en,Real Steel,37.195046,9/28/11,299268508,127,Released,Real Steel,6.6,2692,1,0,0,0,0,0,1,0,0,0,0,0,0,0,0,1,0,0,0,0
39269,0,NA,en,Out of the Blue,0.679351,5/1/80,0,94,Released,Out of the Blue,6.5,17,0,0,0,0,0,0,1,0,0,0,0,0,0,0,0,0,0,0,0,0
39303,3500000,NA,en,2:13,1.271621,4/25/09,0,96,Released,2:13,4.6,10,0,0,0,0,0,0,0,0,0,0,0,1,0,1,0,0,1,0,0,0
39349,0,http://en.wikipedia.org/wiki/Sugar_Hill_(1994_film),en,Sugar Hill,2.580808,2/25/94,0,123,Released,Sugar Hill,5.2,13,1,0,0,0,0,0,1,0,0,0,0,0,0,0,0,0,1,0,0,0
39437,0,NA,en,Beloved,1.453765,10/16/98,0,172,Released,Beloved,5.9,26,0,0,0,0,0,0,1,0,0,0,0,0,0,0,0,0,1,0,0,0
39451,100000000,http://www.littlefockers.net/,en,Little Fockers,32.389353,12/21/10,310650585,98,Released,Little Fockers,5.4,1060,0,0,0,1,0,0,0,0,0,0,0,0,0,0,1,0,0,0,0,0
39486,35000000,http://disney.go.com/disneypictures/secretariat/,en,Secretariat,9.525037,8/20/10,60251371,123,Released,Secretariat,6.8,103,0,0,0,0,0,0,1,0,0,0,0,0,0,0,0,0,0,0,0,0
39513,40000000,http://paulthemovie.co.uk/,en,Paul,43.151268,2/14/11,97552050,104,Released,Paul,6.5,1789,0,1,0,1,0,0,0,0,0,0,0,0,0,0,0,1,0,0,0,0
39514,58000000,NA,en,RED,41.430245,10/13/10,71664962,111,Released,RED,6.6,2808,1,1,0,1,1,0,0,0,0,0,0,0,0,0,0,0,1,0,0,0
39538,60000000,http://contagionmovie.warnerbros.com/,en,Contagion,38.820858,9/8/11,137551594,106,Released,Contagion,6.2,1325,0,0,0,0,0,0,1,0,0,0,0,0,0,0,0,1,1,0,0,0
39541,0,NA,en,Stolen Summer,0.87066,3/22/02,0,91,Released,Stolen Summer,6.4,9,0,0,0,1,0,0,1,1,0,0,0,0,0,0,0,0,0,0,0,0
39563,0,http://www.theeclipsefilm.com/,en,The Eclipse,9.342465,4/24/09,0,88,Released,The Eclipse,6.1,15,0,0,0,0,0,0,1,0,0,0,0,1,0,0,1,0,0,0,0,0
39691,85000000,http://catsanddogsmovie.warnerbros.com/,en,Cats & Dogs 2 : The Revenge of Kitty Galore,11.77398,7/30/10,112483764,82,Released,Cats & Dogs 2 : The Revenge of Kitty Galore,4.9,119,0,0,0,1,0,0,0,1,0,0,0,0,0,0,0,0,0,0,0,0
39780,0,NA,en,Oscar and Lucinda,0.139384,12/31/97,0,132,Released,Oscar and Lucinda,6.2,25,0,0,0,0,0,0,1,0,0,0,0,0,0,0,1,0,0,0,0,0
39781,3500000,http://filminfocus.com/focusfeatures/film/the_kids_are_all_right/,en,The Kids Are All Right,15.338211,7/9/10,34705850,106,Released,The Kids Are All Right,6.5,506,0,0,0,1,0,0,1,0,0,0,0,0,0,0,0,0,0,0,0,0
39800,4500000,http://www.ifcfilms.com/films/life-during-wartime-2,en,Life During Wartime,3.108881,10/10/09,744816,97,Released,Life During Wartime,6.3,30,0,0,0,1,0,0,1,0,0,0,0,0,0,0,0,0,0,0,0,0
39806,9000000,http://www.princesskaiulanimovie.com/,en,Princess Kaiulani,0.717811,5/14/10,771499,130,Released,Princess Kaiulani,4.8,14,0,0,0,0,0,0,1,0,0,0,0,0,0,0,0,0,0,0,0,0
39833,1000000,NA,en,Love Me Tender,1.444258,11/15/56,9e6,89,Released,Love Me Tender,5.5,21,1,0,0,0,0,0,1,0,0,0,0,0,1,0,1,0,0,0,0,1
39845,0,NA,en,Love Ranch,5.000126,6/30/10,0,117,Released,Love Ranch,6,21,0,0,0,0,0,0,1,0,0,0,0,0,0,0,0,0,0,0,0,0
39851,0,NA,en,Clean,1.464566,9/1/04,0,111,Released,Clean,6.7,17,0,0,0,0,0,0,1,0,0,0,0,0,0,0,0,0,0,0,0,0
39895,1100000,NA,en,From a Whisper to a Scream,1.220072,9/25/87,14e5,99,Released,From a Whisper to a Scream,6.8,15,0,0,0,1,0,0,0,0,0,0,0,1,0,0,0,0,0,0,0,0
39939,3000000,http://www.brokenlizard.com/,en,Super Troopers,16.312803,1/18/01,18492362,100,Released,Super Troopers,6.6,362,0,0,0,1,1,0,0,0,0,0,0,0,0,1,0,0,0,0,0,0
40001,25000000,NA,en,Mrs. Winterbourne,7.946769,4/19/96,1007e4,105,Released,Mrs. Winterbourne,5.3,25,0,0,0,1,0,0,1,0,0,0,0,0,0,0,1,0,0,0,0,0
40160,0,NA,en,Meteor,2.637355,10/19/79,0,107,Released,Meteor,5.1,36,1,0,0,0,0,0,0,0,0,0,0,0,0,0,0,1,1,0,0,0
40185,0,NA,fr,Camping Sauvage,0.20323,10/13/05,0,80,Released,Camping Sauvage,4.8,4,0,0,0,0,0,0,1,0,0,0,0,0,0,0,1,0,0,0,0,0
40247,3000000,http://www.sonyclassics.com/pleasegive/,en,Please Give,5.325156,1/22/10,0,90,Released,Please Give,6,57,0,0,0,1,0,0,1,0,0,0,0,0,0,0,0,0,0,0,0,0
40264,20000000,http://www.dancingwerewolves.com/,en,Vampires Suck,17.165039,8/18/10,80547866,82,Released,Vampires Suck,4.2,315,0,0,0,1,0,0,0,0,0,0,0,1,0,0,0,0,0,0,0,0
40428,0,NA,en,8: The Mormon Proposition,0.424957,1/1/10,0,80,Released,8: The Mormon Proposition,5.5,6,0,0,0,0,0,1,0,0,0,0,0,0,0,0,0,0,0,0,0,0
40494,4000000,NA,en,Trapeze,1.379354,5/30/56,144e5,105,Released,Trapeze,6.4,22,0,0,0,0,0,0,1,0,0,0,0,0,0,0,0,0,0,0,0,0
40505,0,NA,en,I Got the Hook Up,0.593068,5/27/98,0,93,Released,I Got the Hook Up,5.4,8,1,0,0,1,0,0,0,0,0,0,0,0,0,0,0,0,0,0,0,0
40652,120000,NA,fr,Une femme mariée: Suite de fragments d'un film tourné en 1964,1.112792,12/4/64,0,95,Released,The Married Woman,7.1,20,0,0,0,0,0,0,1,0,0,0,0,0,0,0,1,0,0,0,0,0
40658,0,http://www.starsuckersmovie.com,en,Starsuckers,0.429083,9/30/09,0,103,Released,Starsuckers,6.2,5,0,0,0,0,0,1,0,0,0,1,0,0,0,0,0,0,0,0,0,0
40688,24000000,NA,en,Meet the Deedles,2.353441,3/27/98,4562146,93,Released,Meet the Deedles,4.1,19,0,0,1,1,0,0,0,1,0,0,0,0,0,0,0,0,0,0,0,0
40769,500000,NA,en,Mutual Appreciation,0.123068,3/1/05,0,109,Released,Mutual Appreciation,6.1,8,0,0,0,1,0,0,1,0,0,0,0,0,0,0,0,0,0,0,0,0
40794,7000000,http://www.minevaganti.net/,it,Mine vaganti,7.720692,2/12/10,8220215,110,Released,Loose Cannons,7,118,0,0,0,1,0,0,1,0,0,0,0,0,0,0,1,0,0,0,0,0
40805,120000000,http://www.sonypictures.com/movies/thegreenhornet/,en,The Green Hornet,31.703608,1/12/11,227817248,119,Released,The Green Hornet,5.5,1251,1,0,0,1,1,0,0,0,0,0,0,0,0,0,0,0,0,0,0,0
40807,8000000,http://www.50-50themovie.com/,en,50/50,33.372828,9/30/11,39187783,100,Released,50/50,7,1261,0,0,0,1,0,0,1,0,0,0,0,0,0,0,0,0,0,0,0,0
40862,0,http://iraqforsale.org/,en,Iraq for Sale: The War Profiteers,1.517771,1/1/06,0,75,Released,Iraq for Sale: The War Profiteers,8,6,0,0,0,0,0,1,0,0,0,0,0,0,0,0,0,0,0,0,0,0
40880,0,NA,en,Pandaemonium,0.165367,6/29/01,0,NA,Released,Pandaemonium,4.5,2,0,0,0,0,0,0,1,0,0,1,0,0,0,0,0,0,0,0,0,0
40914,0,NA,en,Royal Kill,1.088501,4/10/09,0,90,Released,Royal Kill,2.8,6,1,0,0,0,0,0,0,0,0,0,0,0,0,0,0,0,1,0,0,0
40920,200000,NA,en,The Business of Fancydancing,0.06104,1/14/02,0,103,Released,The Business of Fancydancing,8,2,0,0,0,0,0,0,1,0,0,0,0,0,1,0,0,0,0,0,0,0
40932,0,NA,en,Can't Stop the Music,6.574285,6/20/80,0,124,Released,Can't Stop the Music,4.9,9,0,0,0,1,0,0,0,0,0,0,0,0,1,0,0,0,0,0,0,0
40963,0,NA,en,Little Big Top,0.0921,1/1/06,0,0,Rumored,Little Big Top,10,1,0,0,0,1,0,0,0,0,0,0,0,0,0,0,0,0,0,0,0,0
41009,0,http://www.perriersbounty.ie/,en,Perrier’s Bounty,3.810943,9/11/09,0,88,Released,Perrier’s Bounty,5.1,24,1,0,0,1,1,0,1,0,0,0,0,0,0,0,0,0,0,0,0,0
41110,0,http://www.iamlovemovie.com/,it,Io sono l'amore,5.355763,9/5/09,0,120,Released,I Am Love,6.9,73,0,0,0,0,0,0,1,0,0,0,0,0,0,0,1,0,0,0,0,0
41144,0,http://tosavealifemovie.com/,en,To Save A Life,0.05021,11/5/09,0,120,Released,To Save A Life,6.2,21,0,0,0,0,0,0,1,0,0,0,0,0,0,0,0,0,0,0,0,0
41154,225000000,http://www.sonypictures.com/movies/meninblack3/,en,Men in Black 3,52.035179,5/23/12,624026776,106,Released,Men in Black 3,6.2,4160,1,0,0,1,0,0,0,0,0,0,0,0,0,0,0,1,0,0,0,0
41210,19000000,http://theswitch-movie.com/,en,The Switch,27.494037,5/11/10,49830607,101,Released,The Switch,5.9,583,0,0,0,1,0,0,1,0,0,0,0,0,0,0,1,0,0,0,0,0
41216,80000000,http://legendoftheguardians.warnerbros.com/,en,Legend of the Guardians: The Owls of Ga'Hoole,37.321848,7/10/10,140073390,97,Released,Legend of the Guardians: The Owls of Ga'Hoole,6.5,703,0,1,1,0,0,0,0,1,1,0,0,0,0,0,0,0,0,0,0,0
41233,30000000,http://stepupmovie.com/,en,Step Up 3D,25.060342,8/4/10,159291809,107,Released,Step Up 3D,6.6,582,0,0,0,0,0,0,1,0,0,0,0,0,0,0,1,0,0,0,0,0
41248,0,NA,fr,La Fille du RER,2.351706,3/18/09,0,105,Released,The Girl on the Train,5.6,10,0,0,0,0,0,0,1,0,0,0,0,0,0,0,1,0,0,0,0,0
41283,24000000,http://www.fasterthemovie.com/,en,Faster,26.324874,11/23/10,23081726,98,Released,Faster,6.1,568,1,0,0,0,1,0,1,0,0,0,0,0,0,0,0,0,1,0,0,0
41317,0,NA,en,Caravans,0.633004,11/2/78,0,127,Released,Caravans,5.8,1,1,1,0,0,0,0,1,0,0,0,0,0,0,0,1,0,0,0,0,0
41382,0,NA,en,Lottery Ticket,9.054803,8/20/10,0,99,Released,Lottery Ticket,5.6,54,0,0,0,1,0,0,0,0,0,0,0,0,0,0,0,0,0,0,0,0
41402,20000000,http://www.letmein-movie.com,en,Let Me In,19.705311,10/1/10,24145613,116,Released,Let Me In,6.7,641,0,0,0,0,0,0,1,0,0,0,0,1,0,1,0,0,0,0,0,0
41436,3000000,http://www.paranormalmovie.com/trailer/,en,Paranormal Activity 2,22.789649,10/20/10,177512032,91,Released,Paranormal Activity 2,5.7,722,0,0,0,0,0,0,0,0,0,0,0,1,0,0,0,0,1,0,0,0
41439,20000000,http://www.saw3dmovie.com,en,Saw 3D,36.133536,10/21/10,136150434,90,Released,Saw: The Final Chapter,5.8,730,0,0,0,0,1,0,0,0,0,0,0,1,0,0,0,0,0,0,0,0
41446,40000000,http://www.scream-4.com/,en,Scream 4,35.21926,4/11/11,97138686,111,Released,Scream 4,6.1,902,0,0,0,0,0,0,0,0,0,0,0,1,0,1,0,0,0,0,0,0
41469,0,NA,en,Next Stop Wonderland,1.334481,8/21/98,0,96,Released,Next Stop Wonderland,6,20,0,0,0,1,0,0,1,0,0,0,0,0,0,0,1,0,0,0,0,0
41479,10000000,http://www.thejonesesmovie.com/,en,The Joneses,14.979375,9/13/09,7022728,96,Released,The Joneses,6.1,210,0,0,0,1,0,0,1,0,0,0,0,0,0,0,0,0,0,0,0,0
41488,0,NA,en,The Statement,2.653988,12/12/03,0,120,Released,The Statement,5.9,23,0,0,0,0,0,0,1,0,0,0,0,0,0,0,0,0,1,0,0,0
41508,0,NA,hu,Sorstalanság,1.906807,2/10/05,0,140,Released,Fateless,6.5,28,0,0,0,0,0,0,1,0,0,0,0,0,0,0,0,0,0,0,1,0
41513,110000000,http://www.smurfhappens.com/,en,The Smurfs,36.65422,7/29/11,563749323,103,Released,The Smurfs,5.5,1179,0,1,1,1,0,0,0,1,1,0,0,0,0,0,0,0,0,0,0,0
41515,80000000,http://www.yogibear.com/,en,Yogi Bear,11.187696,12/11/10,201584141,80,Released,Yogi Bear,5.2,220,0,1,1,1,0,0,0,1,0,0,0,0,0,0,0,0,0,0,0,0
41630,25000000,http://www.nostringsattachedmovie.com/,en,No Strings Attached,38.688822,1/21/11,147780440,107,Released,No Strings Attached,6.1,1331,0,0,0,1,0,0,0,0,0,0,0,0,0,0,1,0,0,0,0,0
41730,0,NA,en,Desert Blue,1.116206,6/6/99,0,90,Released,Desert Blue,5.5,9,0,0,0,1,0,0,1,0,0,0,0,0,0,0,0,0,0,0,0,0
41733,65000000,http://duedatemovie.warnerbros.com/,en,Due Date,43.865294,11/4/10,211780824,95,Released,Due Date,6.2,1685,0,0,0,1,0,0,1,0,0,0,0,0,0,0,0,0,0,0,0,0
41823,10000000,NA,en,Mo' Better Blues,3.079862,8/3/90,16153593,129,Released,Mo' Better Blues,6.3,47,0,0,0,0,0,0,1,0,0,0,0,0,0,0,1,0,0,0,0,0
41830,0,NA,en,The Party's Over,0.118324,4/22/65,0,94,Released,The Party's Over,6.1,6,0,0,0,0,0,0,1,0,0,0,0,0,0,0,0,0,0,0,0,0
41894,0,NA,en,Blood Done Sign My Name,0.397341,2/1/10,0,0,Released,Blood Done Sign My Name,6,5,0,0,0,0,1,0,1,0,0,0,0,0,0,0,0,0,0,0,0,0
42033,0,NA,en,Def-Con 4,0.319792,3/15/85,0,88,Released,Def-Con 4,2.8,10,0,0,0,0,0,0,0,0,0,0,0,0,0,0,0,1,0,0,0,0
42057,0,http://www.itsawonderfulafterlife.com/,en,Hai Marjawaan!,1.259968,5/7/10,0,99,Released,It's a Wonderful Afterlife,4.3,9,0,0,0,1,0,0,0,0,0,0,0,0,0,0,1,0,0,0,0,0
42109,0,NA,pt,"Gabriela, Cravo e Canela",0.557602,3/24/83,0,99,Released,Gabriela,6,2,0,0,0,0,0,0,1,0,0,0,0,0,0,0,1,0,0,0,0,0
42151,31192,http://downterrace.blogspot.com/,en,Down Terrace,1.330379,9/1/09,1e4,89,Released,Down Terrace,6.3,26,1,0,0,1,0,0,1,0,0,0,0,0,0,0,0,0,0,0,0,0
42188,15000000,http://www.foxsearchlight.com/neverletmego/,en,Never Let Me Go,30.983397,9/15/10,9455232,104,Released,Never Let Me Go,6.8,737,0,0,0,0,0,0,1,0,0,0,0,0,0,0,1,1,0,0,0,0
42222,0,NA,en,Julia,6.077735,10/2/77,0,117,Released,Julia,6.3,30,0,0,0,0,0,0,1,0,0,0,0,0,0,0,0,0,0,0,0,0
42297,55000000,http://www.burlesquethemovie.com/,en,Burlesque,22.863516,11/23/10,89519773,119,Released,Burlesque,6.9,573,0,0,0,0,0,0,1,0,0,0,0,0,0,0,1,0,0,0,0,0
42345,11000000,NA,en,The Molly Maguires,1.396985,1/27/70,22e5,124,Released,The Molly Maguires,5.9,16,0,0,0,0,0,0,1,0,0,0,1,0,0,0,0,0,0,0,0,0
42497,27000,NA,en,Pink Narcissus,0.027811,1/1/71,0,64,Released,Pink Narcissus,6,9,0,0,0,0,0,0,1,0,0,0,0,0,0,0,1,0,0,0,0,0
42586,0,NA,en,Darling Lili,0.816883,1/1/70,0,107,Released,Darling Lili,4.9,8,0,0,0,1,0,0,1,0,0,0,0,0,1,0,1,0,1,0,0,0
42618,8000000,NA,en,Sweet Charity,0.709143,1/1/69,2e7,149,Released,Sweet Charity,6.5,15,0,0,0,1,0,0,1,0,0,0,0,0,1,0,1,0,0,0,0,0
42684,10000000,NA,en,Skyline,26.268209,11/11/10,66821036,100,Released,Skyline,4.7,507,0,0,0,0,0,0,0,0,0,0,0,0,0,0,0,1,0,0,0,0
42807,27000000,NA,en,The Newton Boys,3.123583,3/26/98,76e6,113,Released,The Newton Boys,5.9,44,1,0,0,0,1,0,1,0,0,0,0,0,0,0,0,0,0,0,0,0
42819,0,NA,en,The City of Your Final Destination,1.353971,3/21/09,0,114,Released,The City of Your Final Destination,5.7,9,0,0,0,0,0,0,1,0,0,0,0,0,0,0,0,0,0,0,0,0
42888,120000000,http://www.howdoyouknow-movie.com/,en,How Do You Know,11.137655,12/17/10,48668907,121,Released,How Do You Know,4.9,223,0,0,0,1,0,0,1,0,0,0,0,0,0,0,1,0,0,0,0,0
42889,2000000,http://www.thevirginityhit.com/,en,The Virginity Hit,3.125382,9/10/10,563706,120,Released,The Virginity Hit,4.6,19,0,0,0,1,0,0,0,0,0,0,0,0,0,0,0,0,0,0,0,0
43074,144000000,http://www.ghostbusters.com/,en,Ghostbusters,66.21806,7/14/16,229147509,116,Released,Ghostbusters,5.3,2142,1,0,0,1,0,0,0,0,1,0,0,0,0,0,0,0,0,0,0,0
43090,10000000,http://gunless.ca/,en,Gunless,3.753703,4/30/10,0,89,Released,Gunless,6.7,27,1,0,0,1,0,0,1,0,0,0,0,0,0,0,0,0,0,0,0,1
43213,3200000,NA,en,Chicago Overcoat,1.034844,10/10/09,0,95,Released,Chicago Overcoat,6.1,5,1,0,0,0,1,0,0,0,0,0,0,0,0,0,0,0,1,0,0,0
43266,1250000,NA,en,How Green Was My Valley,7.70019,10/28/41,6e6,118,Released,How Green Was My Valley,6.8,72,0,0,0,0,0,0,1,0,0,0,0,0,0,0,0,0,0,0,0,0
43306,2627000,NA,en,A Guy Named Joe,0.531444,3/1/44,5363e3,120,Released,A Guy Named Joe,6,8,0,0,0,0,0,0,1,0,0,0,0,0,0,0,1,0,0,0,1,0
43347,30000000,http://www.loveandotherdrugsthemovie.com/,en,Love & Other Drugs,20.236951,11/22/10,102820008,112,Released,Love & Other Drugs,6.6,1233,0,0,0,1,0,0,1,0,0,0,0,0,0,0,1,0,0,0,0,0
43418,7347125,http://www.beneathhill60.com.au/index.htm,en,Beneath Hill 60,3.949796,4/15/10,0,122,Released,Beneath Hill 60,7.3,40,0,0,0,0,0,0,1,0,0,0,1,0,0,0,0,0,0,0,1,0
43434,18000000,NA,en,Carlos,1.138383,5/19/10,871279,338,Released,Carlos,6.7,50,0,0,0,0,1,0,1,0,0,0,1,0,0,0,0,0,1,0,0,0
43539,30000000,http://www.thenextthreedaysmovie.com/index.html,en,The Next Three Days,34.421696,11/18/10,51148651,133,Released,The Next Three Days,6.9,905,0,0,0,0,1,0,1,0,0,0,0,0,0,0,1,0,1,0,0,0
43546,2361000,NA,en,Bathing Beauty,0.628051,7/1/44,6892e3,101,Released,Bathing Beauty,7,4,0,0,0,1,0,0,0,0,0,0,0,0,1,0,0,0,0,0,0,0
43593,24000000,http://www.piranha-3d.com,en,Piranha 3D,23.343839,8/20/10,83188165,88,Released,Piranha 3D,5.3,581,0,0,0,1,0,0,0,0,0,0,0,1,0,0,0,0,0,0,0,0
43595,200000,NA,en,She Done Him Wrong,0.622752,2/9/33,22e5,66,Released,She Done Him Wrong,5.1,27,0,0,0,1,0,0,0,0,0,0,0,0,0,0,0,0,0,0,0,0
43610,2160000,NA,en,The Valley of Decision,0.1813,6/1/45,9132e3,119,Released,The Valley of Decision,5.8,4,0,0,0,0,0,0,1,0,0,0,0,0,0,0,0,0,0,0,0,0
43630,0,NA,en,The Helix... Loaded,0.0206,1/1/05,0,97,Rumored,The Helix... Loaded,4.8,2,1,0,0,1,0,0,0,0,0,0,0,0,0,0,0,1,0,0,0,0
43653,0,NA,en,The Living Wake,0.383442,1/1/07,0,91,Released,The Living Wake,5,1,0,0,0,1,0,0,0,0,0,0,0,0,0,0,0,0,0,0,0,0
43743,0,NA,en,Fabled,0.003352,1/1/02,0,84,Released,Fabled,0,0,0,0,0,0,0,0,1,0,0,0,0,0,0,1,0,0,1,0,0,0
43839,2000000,NA,en,Alexander's Ragtime Band,0.483974,5/24/38,4e6,106,Released,Alexander's Ragtime Band,4.8,6,0,0,0,0,0,0,1,0,0,0,0,0,1,0,1,0,0,0,0,0
43867,0,NA,en,The Prisoner of Zenda,4.021389,9/3/37,0,101,Released,The Prisoner of Zenda,8.4,11,0,1,0,0,0,0,1,0,0,0,0,0,0,0,1,0,0,0,0,0
43884,1200000,NA,en,The Charge of the Light Brigade,2.968235,10/20/36,2736e3,115,Released,The Charge of the Light Brigade,6.8,18,1,1,0,0,0,0,1,0,0,0,0,0,0,0,0,0,0,0,1,0
43923,8000000,http://focusfeatures.com/its_kind_of_a_funny_story,en,It's Kind of a Funny Story,13.143045,7/6/10,6491240,101,Released,It's Kind of a Funny Story,6.9,672,0,0,0,1,0,0,1,0,0,0,0,0,0,0,0,0,0,0,0,0
43931,25000000,NA,en,My Soul to Take,7.001176,10/8/10,19829957,107,Released,My Soul to Take,5.2,147,0,0,0,0,0,0,1,0,0,0,0,1,0,1,0,0,1,0,0,0
43933,500000,http://www.monstersfilm.com/,en,Monsters,26.406001,6/18/10,4242978,94,Released,Monsters,6.2,587,0,0,0,0,0,0,1,0,0,0,0,0,0,0,0,1,1,0,0,0
43935,20000000,http://dylandogdeadofnight.com/,en,Dylan Dog: Dead of Night,10.617236,3/16/11,4634062,107,Released,Dylan Dog: Dead of Night,4.5,139,1,0,0,1,0,0,0,0,0,0,0,1,0,1,0,1,1,0,0,0
43942,3000000,http://www.magpictures.com/freakonomics/,en,Freakonomics,1.781462,10/1/10,103735,93,Released,Freakonomics,6.6,36,0,0,0,0,0,1,0,0,0,0,0,0,0,0,0,0,0,0,0,0
43947,2000000,NA,en,I Spit on Your Grave,26.281839,6/17/10,572809,108,Released,I Spit on Your Grave,6.3,519,0,0,0,0,1,0,0,0,0,0,0,1,0,0,0,0,1,0,0,0
43949,14000000,http://www.warnerbros.com/flipped,en,Flipped,24.210698,8/6/10,1755212,89,Released,Flipped,7.4,418,0,0,0,0,0,0,1,0,0,0,0,0,0,0,1,0,0,0,0,0
43959,18000000,http://www.soulsurferthemovie.com/,en,Soul Surfer,19.234672,4/8/11,47088990,106,Released,Soul Surfer,6.9,342,1,0,0,0,0,0,1,0,0,0,0,0,0,0,0,0,0,0,0,0
44009,8000000,http://www.anotheryear-movie.com/,en,Another Year,7.235794,11/5/10,18124262,129,Released,Another Year,7,97,0,0,0,1,0,0,1,0,0,0,0,0,0,0,0,0,0,0,0,0
44040,10000000,http://www.thenightchronicles.com/devil/,en,Devil,30.934688,1/13/10,33583175,80,Released,Devil,5.8,816,0,0,0,0,0,0,0,0,0,0,0,1,0,1,0,0,1,0,0,0
44048,100000000,NA,en,Unstoppable,37.698465,11/4/10,167805466,98,Released,Unstoppable,6.3,1165,1,0,0,0,0,0,0,0,0,0,0,0,0,0,0,0,1,0,0,0
44092,12000000,http://jianyu.ent.sina.com.cn/,zh,剑雨,4.930129,9/1/10,0,117,Released,Reign of Assassins,6.7,57,1,0,0,0,0,0,0,0,0,0,1,0,0,0,0,0,0,0,0,0
44113,22000000,http://www.stonemovie.com/stone.html,en,Stone,12.445176,10/7/10,9479718,105,Released,Stone,5.2,192,0,0,0,0,0,0,1,0,0,0,0,0,0,0,0,0,0,0,0,0
44115,18000000,NA,en,127 Hours,52.464877,11/5/10,35692920,94,Released,127 Hours,7,2606,0,1,0,0,0,0,1,0,0,0,0,0,0,0,0,0,1,0,0,0
44147,8000000,http://www.wildtargetmovie.com/,en,Wild Target,10.791954,6/17/10,3453043,98,Released,Wild Target,6.4,215,1,0,0,1,0,0,0,0,0,0,0,0,0,0,0,0,0,0,0,0
44214,13000000,http://www.foxsearchlight.com/blackswan/,en,Black Swan,91.285683,12/2/10,327803731,108,Released,Black Swan,7.3,4430,0,0,0,0,0,0,1,0,0,0,0,0,0,0,0,0,1,0,0,0
44260,0,NA,en,Lake of Fire,0.475748,9/9/06,25,152,Released,Lake of Fire,8,10,0,0,0,0,0,1,0,0,0,0,0,0,0,0,0,0,0,0,0,0
44264,38000000,http://www.truegritmovie.com/,en,True Grit,49.292384,12/22/10,252276927,110,Released,True Grit,7.2,1668,0,1,0,0,0,0,1,0,0,0,0,0,0,0,0,0,0,0,0,1
44413,1400000,NA,es,La niña santa,0.684881,5/6/04,0,106,Released,The Holy Girl,6.8,10,0,0,0,0,0,0,1,0,0,1,0,0,0,0,0,0,0,0,0,0
44490,0,NA,en,Chuck & Buck,0.812855,1/21/00,0,96,Released,Chuck & Buck,5.7,16,0,0,0,1,0,0,1,0,0,0,0,0,0,0,0,0,0,0,0,0
44555,0,NA,zh,三枪拍案惊奇,1.416796,12/11/09,0,95,Released,"A Woman, a Gun and a Noodle Shop",4.8,13,0,0,0,1,0,0,1,0,0,0,0,0,0,0,0,0,1,0,0,0
44562,0,NA,en,Ed and His Dead Mother,0.023436,6/4/93,0,93,Released,Ed and His Dead Mother,5.5,12,0,0,0,1,0,0,0,0,0,0,0,0,0,0,0,0,0,0,0,0
44564,70000000,http://www.thedilemmamovie.com,en,The Dilemma,14.780634,1/13/11,67112664,111,Released,The Dilemma,5.2,304,0,0,0,1,0,0,1,0,0,0,0,0,0,0,0,0,0,0,0,0
44594,0,NA,en,Barry Munday,1.975941,3/13/10,0,95,Released,Barry Munday,6.3,22,0,0,0,1,0,0,1,0,0,0,0,0,0,0,1,0,0,0,0,0
44603,50000000,http://hereafter.warnerbros.com/,en,Hereafter,13.365715,10/15/10,105197635,129,Released,Hereafter,5.8,510,0,0,0,0,0,0,1,0,1,0,0,0,0,0,0,0,0,0,0,0
44634,3000000,NA,en,Woman Thou Art Loosed,0.019984,9/30/04,6804016,94,Released,Woman Thou Art Loosed,5,3,0,0,0,0,0,0,1,0,0,0,0,0,0,0,0,0,0,0,0,0
44638,20000000,http://www.tempest-themovie.com/,en,The Tempest,3.620537,12/10/10,346594,110,Released,The Tempest,6,31,0,0,0,0,0,0,1,0,1,0,0,0,0,0,0,0,0,0,0,0
44639,2000000,http://www.sonyclassics.com/insidejob/,en,Inside Job,16.930914,10/8/10,7871522,109,Released,Inside Job,7.7,286,0,0,0,0,0,1,0,0,0,0,0,0,0,0,0,0,0,0,0,0
44718,7500000,NA,en,Get Low,6.557643,1/22/10,0,103,Released,Get Low,6.5,100,0,0,0,1,0,0,1,0,0,0,0,0,0,1,0,0,0,0,0,0
44754,14000000,http://www.foxsearchlight.com/margaret/,en,Margaret,4.898424,9/30/11,46495,149,Released,Margaret,6.1,86,0,0,0,0,0,0,1,0,0,0,0,0,0,0,0,0,0,0,0,0
44770,0,NA,en,The Exploding Girl,0.611081,4/22/09,0,80,Released,The Exploding Girl,6.4,15,0,0,0,0,0,0,1,0,0,0,0,0,0,0,1,0,0,0,0,0
44826,170000000,http://www.hugomovie.com/,en,Hugo,32.319043,11/22/11,185770160,126,Released,Hugo,7,2141,0,1,0,0,0,0,1,1,0,0,0,0,0,0,0,0,0,0,0,0
44833,209000000,NA,en,Battleship,64.928382,4/11/12,303025485,131,Released,Battleship,5.5,2114,1,1,0,0,0,0,0,0,0,0,0,0,0,0,0,1,1,0,0,0
44835,7000000,http://www.hesherthemovie.com/,en,Hesher,13.635828,1/22/10,382946,106,Released,Hesher,6.7,212,0,0,0,0,0,0,1,0,0,0,0,0,0,0,0,0,0,0,0,0
44853,0,NA,en,The Claim,2.996284,12/29/00,0,120,Released,The Claim,5.6,17,0,0,0,0,0,0,1,0,0,0,0,0,0,0,1,0,0,0,0,1
44857,0,NA,en,Molly,2.636193,10/22/99,0,102,Released,Molly,5.5,14,0,0,0,1,0,0,1,0,0,0,0,0,0,0,1,0,0,0,0,0
44865,3860000,NA,zh,一代宗師,19.947265,1/8/13,64076736,130,Released,The Grandmaster,6.3,273,1,0,0,0,0,0,1,0,0,0,1,0,0,0,0,0,0,0,0,0
44896,135000000,http://www.rangomovie.com/,en,Rango,29.91353,3/2/11,245724603,107,Released,Rango,6.6,2051,0,1,1,1,0,0,0,1,0,0,0,0,0,0,0,0,0,0,0,1
44912,200000000,http://greenlanternmovie.warnerbros.com/,en,Green Lantern,51.872839,6/16/11,219851172,114,Released,Green Lantern,5.1,2487,1,1,0,0,0,0,0,0,0,0,0,0,0,0,0,1,1,0,0,0
44943,70000000,http://www.battlela.com,en,Battle: Los Angeles,49.199234,3/8/11,202466756,116,Released,Battle: Los Angeles,5.5,1448,1,0,0,0,0,0,0,0,0,0,0,0,0,0,0,1,0,0,0,0
44944,0,http://www.forcoloredgirlsmovie.com/,en,For Colored Girls,1.934524,11/5/10,37e6,134,Released,For Colored Girls,7,22,0,0,0,0,0,0,1,0,0,0,0,0,0,0,0,0,0,0,0,0
44945,9500000,http://www.trustmovie2011.com/,en,Trust,21.230737,9/10/10,12e4,104,Released,Trust,6.6,307,0,0,0,0,1,0,1,0,0,0,0,0,0,0,0,0,1,0,0,0
44990,0,NA,en,Breaking Upwards,0.67457,3/14/09,0,88,Released,Breaking Upwards,5.6,12,0,0,0,1,0,0,0,0,0,0,0,0,0,0,1,0,0,0,0,0
45054,0,http://therebedragonsmovie.com/,en,There Be Dragons,6.668679,3/25/11,0,112,Released,There Be Dragons,5.9,27,0,0,0,0,0,0,1,0,0,0,0,0,0,0,0,0,0,0,0,0
45132,2500000,http://www.thecrimsonbolt.com/,en,Super,12.204569,9/9/10,324138,96,Released,Super,6.6,441,1,0,0,1,0,0,1,0,0,0,0,0,0,0,0,0,0,0,0,0
45138,0,NA,it,Gli intoccabili,0.700127,4/1/69,0,116,Released,Machine Gun McCain,7.3,6,1,0,0,0,1,0,1,0,0,1,0,0,0,0,0,0,1,0,0,0
45145,500000,NA,en,Johnny Suede,1.354816,8/18/91,0,97,Released,Johnny Suede,4.7,13,0,0,0,1,0,0,0,0,0,0,0,0,0,0,1,0,0,0,0,0
45153,0,NA,en,Eve's Bayou,1.126941,9/7/97,0,109,Released,Eve's Bayou,6.1,27,0,0,0,0,0,0,1,0,0,0,0,0,0,0,0,0,0,0,0,0
45226,0,NA,en,The Pursuit of D.B. Cooper,1.379643,11/13/81,0,100,Released,The Pursuit of D.B. Cooper,6.8,4,0,1,0,0,1,0,0,0,0,0,0,0,0,0,0,0,1,0,0,0
45243,80000000,http://hangoverpart2.warnerbros.com/,en,The Hangover Part II,58.040149,5/25/11,254455986,102,Released,The Hangover Part II,6.2,3739,0,0,0,1,0,0,0,0,0,0,0,0,0,0,0,0,0,0,0,0
45269,15000000,http://www.kingsspeech.com/,en,The King's Speech,54.053576,9/6/10,414211549,118,Released,The King's Speech,7.6,2752,0,0,0,0,0,0,1,0,0,0,1,0,0,0,0,0,0,0,0,0
45272,15000000,http://www.countrystrong-movie.com/,en,Country Strong,7.809701,12/22/10,20529194,117,Released,Country Strong,5.9,80,0,0,0,0,0,0,1,0,0,0,0,0,0,0,1,0,0,0,0,0
45317,25000000,http://www.thefightermovie.com,en,The Fighter,31.019381,12/17/10,93617009,116,Released,The Fighter,7.2,1486,0,0,0,0,0,0,1,0,0,0,0,0,0,0,0,0,0,0,0,0
45324,12500000,http://www.casinojack-movie.com/,en,Casino Jack,6.546037,9/16/10,1083683,108,Released,Casino Jack,6,94,0,0,0,1,1,0,1,0,0,0,0,0,0,0,0,0,0,0,0,0
45380,0,NA,zh,疯狂的石头,1.68502,1/1/06,0,98,Released,Crazy Stone,6.9,22,1,0,0,1,0,0,0,0,0,0,0,0,0,0,0,0,0,0,0,0
45610,30000000,http://www.machinegunpreacher.org/movie/,en,Machine Gun Preacher,13.268936,9/23/11,2527904,129,Released,Machine Gun Preacher,6.4,286,1,0,0,0,1,0,0,0,0,0,0,0,0,0,0,0,1,0,0,0
45612,32000000,http://www.enterthesourcecode.com/,en,Source Code,59.19888,3/30/11,147332697,93,Released,Source Code,7.1,2699,0,0,0,0,0,0,0,0,0,0,0,0,0,1,0,1,1,0,0,0
45649,500000,http://www.rubberfilm.com/,en,Rubber,9.108949,7/9/10,98017,85,Released,Rubber,5.7,251,0,0,0,1,0,0,1,0,1,0,0,1,0,1,0,0,0,0,0,0
45650,0,http://www.theholein3d.com/,en,The Hole,9.983004,9/9/09,0,92,Released,The Hole,5.6,244,0,1,0,0,0,0,0,0,1,0,0,0,0,0,0,0,1,0,0,0
45658,5000000,http://www.everythingmustgo-themovie.com,en,Everything Must Go,9.169411,10/15/10,2614773,97,Released,Everything Must Go,6,208,0,0,0,1,0,0,1,0,0,0,0,0,0,0,1,0,0,0,0,0
45767,0,NA,en,Time Changer,0.339757,10/25/02,0,95,Released,Time Changer,5.2,9,0,0,0,1,0,0,1,1,0,0,0,0,0,0,0,1,0,0,0,0
45791,0,NA,en,And When Did You Last See Your Father?,1.939054,10/5/07,92,92,Released,When Did You Last See Your Father?,6.9,13,0,0,0,0,0,0,1,0,0,0,0,0,0,0,0,0,0,0,0,0
45881,0,http://www.thebridgeofsanluisreymovie.com/,en,The Bridge of San Luis Rey,0.515677,1/1/04,0,120,Released,The Bridge of San Luis Rey,5.4,15,0,0,0,0,0,0,1,0,0,0,0,0,0,0,1,0,0,0,0,0
45958,0,NA,es,Biutiful,13.930763,10/20/10,25147786,148,Released,Biutiful,7,291,0,0,0,0,0,0,1,0,0,0,0,0,0,0,0,0,0,0,0,0
46138,7200000,NA,en,Made in Dagenham,6.138802,9/11/10,0,113,Released,Made in Dagenham,6.6,94,0,0,0,1,0,0,1,0,0,0,1,0,0,0,0,0,0,0,0,0
46146,3500000,http://trolljegeren.no/,nb,Trolljegeren,12.982319,10/29/10,4159678,103,Released,Troll Hunter,6.7,583,0,0,0,0,0,0,0,0,1,0,0,1,0,0,0,0,0,0,0,0
46195,90000000,http://www.riomovies.com/,en,Rio,46.200042,4/3/11,484635760,96,Released,Rio,6.5,2166,0,1,1,1,0,0,0,1,0,0,0,0,0,0,0,0,0,0,0,0
46252,0,NA,en,Rust,0.399491,10/7/10,0,94,Released,Rust,0,0,0,0,0,0,0,0,1,0,0,0,0,0,0,0,0,0,0,0,0,0
46256,15000000,http://www.lionofjudahthemovie.com/,en,The Lion of Judah,0.165909,6/3/11,0,87,Released,The Lion of Judah,5.8,2,0,1,1,1,0,0,0,1,0,0,0,0,0,0,0,0,0,0,0,0
46261,25000000,http://www.dontbeafraidofthedark.com/,en,Don't Be Afraid of the Dark,14.562197,11/6/10,36993168,99,Released,Don't Be Afraid of the Dark,5.4,341,0,0,0,0,0,0,0,0,1,0,0,1,0,0,0,0,1,0,0,0
46332,4000000,http://www.sonyclassics.com/ofgodsandmen/,fr,Des hommes et des dieux,4.992475,5/18/10,41424067,120,Released,Of Gods and Men,6.5,91,0,0,0,0,0,0,1,0,0,0,1,0,0,0,0,0,0,0,0,0
46415,0,NA,en,Neal 'n' Nikki,0.285131,12/9/05,0,122,Released,Neal 'n' Nikki,2.3,4,0,0,0,1,0,0,0,0,0,0,0,0,0,0,1,0,0,0,0,0
46420,0,http://www.thelovedonesmovie.com/,en,The Loved Ones,4.989985,9/13/09,0,84,Released,The Loved Ones,6.6,207,0,0,0,0,0,0,0,0,0,0,0,1,0,0,0,0,0,0,0,0
46435,0,NA,en,Topsy-Turvy,8.628519,9/3/99,0,160,Released,Topsy-Turvy,6.7,41,0,0,0,1,0,0,1,0,0,0,0,0,1,0,0,0,0,0,0,0
46503,0,NA,en,All Good Things,20.086645,12/3/10,0,101,Released,All Good Things,5.9,286,0,0,0,0,1,0,1,0,0,0,0,0,0,1,1,0,1,0,0,0
46528,42000000,http://www.iamrogue.com/thewarriorsway,en,The Warrior's Way,7.349497,12/2/10,11087569,100,Released,The Warrior's Way,6.3,136,1,1,0,0,0,0,0,0,1,0,0,0,0,0,0,0,1,0,0,1
46529,50000000,http://www.findnumberfour.com/,en,I Am Number Four,43.450266,2/18/11,144492830,109,Released,I Am Number Four,5.9,1567,1,1,0,0,0,0,0,0,0,0,0,0,0,0,0,1,1,0,0,0
46705,3500000,http://www.bluevalentinemovie.com/,en,Blue Valentine,26.881611,12/27/10,16566240,112,Released,Blue Valentine,6.9,890,0,0,0,0,0,0,1,0,0,0,0,0,0,0,1,0,0,0,0,0
46727,1000000,http://www.speedwayjunky-themovie.com/,en,Speedway Junky,0.340019,2/11/99,0,104,Released,Speedway Junky,5.2,7,0,0,0,0,1,0,1,0,0,0,0,0,0,0,1,0,0,0,0,0
46729,1,NA,en,Fetching Cody,0.077876,10/1/05,0,87,Released,Fetching Cody,6.8,6,0,0,0,1,0,0,1,0,1,0,0,0,0,0,1,1,0,0,0,0
46738,6800000,http://www.sonyclassics.com/incendies/,fr,Incendies,21.285206,9/4/10,7103838,130,Released,Incendies,7.9,479,0,0,0,0,0,0,1,0,0,0,0,0,0,1,0,0,0,0,1,0
46829,30000000,http://www.barneysversionthemovie.com/,en,Barney's Version,4.952735,10/26/10,8454301,134,Released,Barney's Version,7.2,129,0,0,0,1,0,0,1,0,0,0,0,0,0,0,0,0,0,0,0,0
46838,5000000,NA,en,Tucker and Dale vs Evil,19.940245,1/22/10,5476793,89,Released,Tucker and Dale vs Evil,7.3,847,0,0,0,1,0,0,0,0,0,0,0,1,0,0,0,0,0,0,0,0
46849,2500000,NA,en,Eye of the Dolphin,0.301884,8/24/07,71904,100,Released,Eye of the Dolphin,7.1,7,0,0,0,0,0,0,1,0,0,0,0,0,0,0,0,0,0,0,0,0
46889,12000000,NA,en,Living Out Loud,0.700792,10/30/98,12902790,100,Released,Living Out Loud,5.3,11,0,0,0,1,0,0,1,0,0,0,0,0,0,0,1,0,0,0,0,0
46989,1000000,NA,en,Blue Car,0.672695,1/11/02,464e3,92,Released,Blue Car,6.7,13,0,0,0,0,0,0,1,0,0,0,0,0,0,0,0,0,0,0,0,0
47088,7000000,http://www.theextramanmovie.com/,en,The Extra Man,2.26778,8/1/10,453079,108,Released,The Extra Man,5.9,29,0,0,0,1,0,0,0,0,0,0,0,0,0,0,0,0,0,0,0,0
47327,50000000,http://www.driveangry3d.com/,en,Drive Angry,30.387148,2/24/11,28931401,105,Released,Drive Angry,5.3,600,1,0,0,0,1,0,0,0,1,0,0,0,0,0,0,0,1,0,0,0
47452,0,NA,en,Love and Death on Long Island,0.933891,1/1/97,0,93,Released,Love and Death on Long Island,6.9,11,0,0,0,0,0,0,1,0,0,1,0,0,0,0,1,0,0,0,0,0
47502,13000000,NA,en,Faithful,1.647335,4/3/96,9789900,91,Released,Faithful,4.8,4,0,0,0,1,1,0,1,0,0,0,0,0,0,0,0,0,0,0,0,0
47534,0,NA,en,Fighting Tommy Riley,0.045429,5/6/05,0,0,Released,Fighting Tommy Riley,5.3,4,1,1,0,0,0,0,1,0,0,0,0,0,0,0,0,0,0,0,0,0
47546,0,http://www.iwantyourmoney.net/,en,I Want Your Money,0.084344,7/6/10,0,92,Released,I Want Your Money,3.8,5,0,0,0,0,0,1,0,0,0,0,0,0,0,0,0,0,0,0,0,0
47607,65000,http://tinyfurniture.com/,en,Tiny Furniture,2.380332,11/12/10,416498,99,Released,Tiny Furniture,5.6,59,0,0,0,1,0,0,1,0,0,0,0,0,0,0,1,0,0,0,0,0
47686,0,NA,en,Dream with the Fishes,0.948316,1/1/97,0,97,Released,Dream with the Fishes,7.7,10,0,0,0,1,0,0,0,0,0,0,0,0,0,0,0,0,0,0,0,0
47692,0,NA,en,Felicia's Journey,0.470645,11/24/99,0,116,Released,Felicia's Journey,6.6,23,0,0,0,0,0,0,1,0,0,0,0,0,0,0,0,0,0,0,0,0
47816,6000000,NA,en,3 Strikes,1.433692,3/1/00,9e6,82,Released,3 Strikes,5.9,15,1,0,0,1,0,0,0,0,0,0,0,0,0,0,1,0,0,0,0,0
47889,800000,NA,en,Ruby in Paradise,0.59424,10/8/93,1001437,114,Released,Ruby in Paradise,5.6,10,0,0,0,0,0,0,1,0,0,0,0,0,0,0,1,0,0,0,0,0
47890,14000000,NA,en,Sphinx,0.310513,2/11/81,439564,118,Released,Sphinx,6,2,0,1,0,0,0,0,0,0,0,0,0,0,0,1,0,0,1,0,0,0
47933,165000000,http://www.warof1996.com,en,Independence Day: Resurgence,48.775723,6/22/16,389681935,120,Released,Independence Day: Resurgence,4.9,2491,1,1,0,0,0,0,0,0,0,0,0,0,0,0,0,1,0,0,0,0
47941,20000000,NA,en,Under the Rainbow,0.173964,7/31/81,2297493,98,Released,Under the Rainbow,4.9,7,0,0,0,1,0,0,0,0,0,0,0,0,0,0,0,0,0,0,0,0
47964,92000000,http://www.diehardmovie.com/,en,A Good Day to Die Hard,65.402595,2/6/13,304654182,98,Released,A Good Day to Die Hard,5.2,3493,1,0,0,0,0,0,0,0,0,0,0,0,0,0,0,0,1,0,0,0
48034,25000000,http://www.littlewhiteliesmovie.co.uk/,fr,Les petits mouchoirs,15.279021,10/20/10,48531470,154,Released,Little White Lies,7.1,380,0,0,0,1,0,0,1,0,0,0,0,0,0,0,0,0,0,0,0,0
48035,0,NA,da,Ordet,3.225189,1/9/55,0,126,Released,Ordet,7.8,65,0,0,0,0,0,0,1,0,0,0,0,0,0,0,0,0,0,0,0,0
48138,30000000,http://unknownmovie.warnerbros.com/,en,Unknown,38.643914,2/16/11,130786397,113,Released,Unknown,6.5,1265,1,0,0,0,0,0,0,0,0,0,0,0,0,1,0,0,1,0,0,0
48171,37000000,http://whatdoyoubelieve.warnerbros.com/,en,The Rite,11.492474,1/28/11,96047633,114,Released,The Rite,5.8,556,0,0,0,0,0,0,1,0,0,0,0,1,0,0,0,0,1,0,0,0
48217,0,NA,en,La veuve de Saint-Pierre,1.780065,1/1/00,0,112,Released,The Widow of Saint-Pierre,6.7,11,0,0,0,0,0,0,1,0,0,0,0,0,0,0,1,0,0,0,0,0
48231,15000000,http://www.sonyclassics.com/adangerousmethod/,en,A Dangerous Method,27.133277,9/30/11,27462041,99,Released,A Dangerous Method,6.2,571,0,0,0,0,0,0,1,0,0,0,0,0,0,0,0,0,1,0,0,0
48289,20000000,http://www.debt-themovie.com/,en,The Debt,14.857884,4/11/10,45636368,113,Released,The Debt,6.3,257,0,0,0,0,0,0,1,0,0,0,0,0,0,0,0,0,1,0,0,0
48309,1300000,NA,en,Prison,7.605291,3/4/88,354704,102,Released,Prison,6.7,27,0,0,0,0,1,0,1,0,0,0,0,1,0,0,0,0,1,0,0,0
48340,30000000,http://www.sanctummovie.com/,en,Sanctum,20.063165,2/3/11,108609310,108,Released,Sanctum,5.8,339,1,0,0,0,0,0,0,0,0,0,0,0,0,0,0,0,1,0,0,0
48463,1,NA,en,Incident at Loch Ness,1.452152,12/17/04,0,94,Released,Incident at Loch Ness,5.9,18,0,1,0,1,0,0,0,0,0,0,0,1,0,0,0,0,0,0,0,0
48572,4000000,NA,en,Red State,12.062371,8/19/11,1104682,88,Released,Red State,5.9,316,1,0,0,0,0,0,0,0,0,0,0,1,0,0,0,0,1,0,0,0
48620,7000000,http://www.themightymacs.com/,en,The Mighty Macs,2.932784,10/21/09,0,102,Released,The Mighty Macs,5,15,1,0,0,0,0,0,1,0,0,0,0,0,0,0,0,0,0,0,0,0
48988,36000000,http://hallpassmovie.warnerbros.com/,en,Hall Pass,27.11589,2/25/11,83160734,105,Released,Hall Pass,5.4,611,0,0,0,1,0,0,0,0,0,0,0,0,0,0,0,0,0,0,0,0
49010,3000000,http://www.hobowithashotgun.com/,en,Hobo with a Shotgun,16.900433,5/6/11,748453,86,Released,Hobo with a Shotgun,5.7,211,1,0,0,1,0,0,0,0,0,0,0,0,0,0,0,0,1,0,0,0
49013,200000000,http://www.disney.go.com/cars/,en,Cars 2,49.98659,6/11/11,559852396,106,Released,Cars 2,5.8,2033,0,1,1,1,0,0,0,1,0,0,0,0,0,0,0,0,0,0,0,0
49017,70000000,NA,en,Dracula Untold,64.457947,10/1/14,215529201,92,Released,Dracula Untold,6.2,2389,1,0,0,0,0,0,1,0,1,0,0,1,0,0,0,0,0,0,1,0
49018,1500000,http://www.insidious-movie.com/,en,Insidious,58.594852,9/13/10,97009150,103,Released,Insidious,6.8,1737,0,0,0,0,0,0,0,0,0,0,0,1,0,0,0,0,1,0,0,0
49020,0,http://warpfilms.com/feature/submarine/,en,Submarine,8.518866,3/18/11,864659,97,Released,Submarine,7.4,443,0,0,0,1,0,0,1,0,0,0,0,0,0,0,1,0,0,0,0,0
49021,66000000,NA,en,Killer Elite,29.501489,9/23/11,57777106,116,Released,Killer Elite,6.1,695,1,1,0,0,0,0,0,0,0,0,0,0,0,0,0,0,1,0,0,0
49022,35000000,http://somethingborrowedmovie.warnerbros.com/,en,Something Borrowed,14.029012,5/5/11,59901913,112,Released,Something Borrowed,5.9,296,0,0,0,1,0,0,1,0,0,0,0,0,0,0,1,0,0,0,0,0
49026,250000000,http://www.thedarkknightrises.com/,en,The Dark Knight Rises,112.31295,7/16/12,1084939099,165,Released,The Dark Knight Rises,7.6,9106,1,0,0,0,1,0,1,0,0,0,0,0,0,0,0,0,1,0,0,0
49040,130000000,http://www.thebournelegacy.com/,en,The Bourne Legacy,90.33681,8/8/12,276572938,120,Released,The Bourne Legacy,6,2651,1,0,0,0,0,0,0,0,0,0,0,0,0,0,0,0,1,0,0,0
49047,105000000,http://gravitymovie.warnerbros.com/,en,Gravity,110.153618,9/27/13,716392705,91,Released,Gravity,7.3,5751,0,0,0,0,0,0,1,0,0,0,0,0,0,0,0,1,1,0,0,0
49049,50000000,http://dreddthemovie.com/,en,Dredd,57.673932,9/7/12,41037742,95,Released,Dredd,6.6,1940,1,0,0,0,0,0,0,0,0,0,0,0,0,0,0,1,0,0,0,0
49051,250000000,http://www.thehobbit.com/,en,The Hobbit: An Unexpected Journey,108.849621,11/26/12,1021103568,169,Released,The Hobbit: An Unexpected Journey,7,8297,1,1,0,0,0,0,0,0,1,0,0,0,0,0,0,0,0,0,0,0
49081,8000000,http://www.northernstars.ca/titles/2005/maurice_richard.html,fr,Maurice Richard,0.983484,10/25/05,2019009,124,Released,The Rocket: The Legend of Rocket Richard,6.1,17,0,0,0,0,0,0,1,0,0,0,0,0,0,0,0,0,0,0,0,0
49365,0,NA,en,Lady in White,1.435742,4/22/88,0,112,Released,Lady in White,6.3,25,0,0,0,0,0,0,0,0,0,0,0,1,0,0,0,0,1,0,0,0
49444,150000000,http://www.kungfupanda.com/,en,Kung Fu Panda 2,51.247321,5/25/11,665692281,91,Released,Kung Fu Panda 2,6.7,1880,0,0,1,0,0,0,0,1,0,0,0,0,0,0,0,0,0,0,0,0
49471,2400000,NA,en,Get on the Bus,4.623059,10/16/96,5731103,120,Released,Get on the Bus,7,11,0,0,0,0,0,0,1,0,0,0,0,0,0,0,0,0,0,0,0,0
49478,0,NA,en,Warriors of Virtue,0.912395,5/2/97,0,103,Released,Warriors of Virtue,4.7,9,1,0,0,0,0,0,0,1,1,0,0,0,0,0,0,0,0,0,0,0
49517,30000000,http://www.tinker-tailor-soldier-spy.com/,en,Tinker Tailor Soldier Spy,33.649652,9/16/11,0,127,Released,Tinker Tailor Soldier Spy,6.6,840,0,0,0,0,0,0,1,0,0,0,0,0,0,1,0,0,1,0,0,0
49519,135000000,http://www.thecroodsmovie.com/,en,The Croods,64.183321,3/20/13,585178928,98,Released,The Croods,6.8,2399,0,1,1,1,0,0,0,1,1,0,0,0,0,0,0,0,0,0,0,0
49520,52000000,http://www.thechangeupmovie.com/,en,The Change-Up,32.015477,8/5/11,75450437,112,Released,The Change-Up,5.9,736,0,0,0,1,0,0,0,0,0,0,0,0,0,0,0,0,0,0,0,0
49521,225000000,http://www.manofsteel.com/,en,Man of Steel,99.398009,6/12/13,662845518,143,Released,Man of Steel,6.5,6359,1,1,0,0,0,0,0,0,1,0,0,0,0,0,0,1,0,0,0,0
49524,130000000,http://www.ripd.com/,en,R.I.P.D.,39.448066,7/18/13,61648500,96,Released,R.I.P.D.,5.4,1260,1,0,0,1,1,0,0,0,1,0,0,0,0,0,0,0,0,0,0,0
49526,35000000,http://www.premiumrush.com/,en,Premium Rush,17.709888,8/24/12,31083599,91,Released,Premium Rush,6.2,832,1,0,0,0,1,0,0,0,0,0,0,0,0,0,0,0,1,0,0,0
49527,42000000,http://www.manonaledge.com/,en,Man on a Ledge,34.041407,1/13/12,46221189,102,Released,Man on a Ledge,6.2,925,1,0,0,0,1,0,0,0,0,0,0,0,0,0,0,0,1,0,0,0
49529,260000000,http://movies.disney.com/john-carter,en,John Carter,43.926995,3/7/12,284139100,132,Released,John Carter,6.1,2124,1,1,0,0,0,0,0,0,0,0,0,0,0,0,0,1,0,0,0,0
49530,40000000,http://www.intimemovie.com/,en,In Time,60.231382,10/27/11,173930596,109,Released,In Time,6.7,3417,1,0,0,0,0,0,0,0,0,0,0,0,0,0,0,1,1,0,0,0
49538,160000000,http://www.x-menfirstclassmovie.com/,en,X-Men: First Class,3.195174,5/24/11,353624124,132,Released,X-Men: First Class,7.1,5181,1,1,0,0,0,0,0,0,0,0,0,0,0,0,0,1,0,0,0,0
49730,42000000,http://www.redridinghoodmovie.com/,en,Red Riding Hood,45.151657,3/11/11,89162162,100,Released,Red Riding Hood,5.6,922,0,0,0,0,0,0,0,0,1,0,0,1,0,0,0,0,1,0,0,0
49787,0,http://reefmovie.com/,en,The Reef,7.245108,5/15/10,0,94,Released,The Reef,5.4,130,0,0,0,0,0,0,1,0,0,0,0,1,0,0,0,0,1,0,0,0
49852,90000000,http://www.nutcrackerin3d.com/,en,The Nutcracker: The Untold Story,3.593349,11/24/10,16178959,110,Released,The Nutcracker: The Untold Story,5.4,50,1,0,0,0,0,0,0,1,1,0,0,0,0,0,0,0,0,0,0,0
49948,80000000,http://movies.disney.com/fantasia-2000,en,Fantasia 2000,14.530946,12/17/99,90874570,74,Released,Fantasia 2000,7,292,0,0,1,0,0,0,0,1,0,0,0,0,1,0,0,0,0,0,0,0
49950,16000000,http://www.theroommate-movie.com/,en,The Roommate,11.807269,2/4/11,40492759,91,Released,The Roommate,5.3,224,0,0,0,0,0,0,1,0,0,0,0,1,0,0,0,0,1,0,0,0
49951,1200000,http://www.certifiablyjonathan.com/,en,Certifiably Jonathan,0.047781,3/1/07,0,85,Released,Certifiably Jonathan,0,0,0,0,0,1,0,0,0,0,0,0,0,0,0,0,0,0,0,0,0,0
49953,0,NA,en,Sammy's avonturen: De geheime doorgang,15.805449,8/3/10,0,88,Released,A Turtle's Tale: Sammy's Adventures,5.6,151,0,0,1,0,0,0,0,1,0,0,0,0,0,0,0,0,0,0,0,0
49963,0,NA,en,Walking and Talking,0.367312,7/17/96,0,86,Released,Walking and Talking,6.6,7,0,0,0,1,0,0,1,0,0,0,0,0,0,0,1,0,0,0,0,0
50014,25000000,http://thehelpmovie.com/#/splash,en,The Help,42.191509,8/9/11,124272124,146,Released,The Help,7.8,1910,0,0,0,0,0,0,1,0,0,0,0,0,0,0,0,0,0,0,0,0
50035,250000,NA,en,Lovely & Amazing,1.45917,8/31/01,4186931,91,Released,Lovely & Amazing,6.3,23,0,0,0,1,0,0,1,0,0,0,0,0,0,0,1,0,0,0,0,0
50037,1100000,NA,en,Beyond the Black Rainbow,7.717237,12/3/10,0,110,Released,Beyond the Black Rainbow,5.7,77,0,0,0,0,0,0,0,0,1,0,0,1,0,0,0,1,0,0,0,0
50135,0,http://www.kdt.film.de/,de,Konferenz der Tiere,8.0100460000000009,10/7/10,0,93,Released,Animals United,5.5,90,0,0,1,1,0,0,0,1,0,0,0,0,0,0,0,0,0,0,0,0
50321,150000000,http://disney.go.com/disneypictures/marsneedsmoms/#home,en,Mars Needs Moms,12.362599,3/9/11,38992758,88,Released,Mars Needs Moms,5.5,199,0,1,1,0,0,0,0,1,0,0,0,0,0,0,0,0,0,0,0,0
50348,40000000,http://www.thelincolnlawyermovie.com/,en,The Lincoln Lawyer,26.072228,3/17/11,85412898,119,Released,The Lincoln Lawyer,7,902,0,0,0,0,1,0,1,0,0,0,0,0,0,0,0,0,1,0,0,0
50357,5000000,http://apollo18movie.net/,en,Apollo 18,17.028252,7/20/11,25562924,86,Released,Apollo 18,5,356,0,0,0,0,0,0,0,0,0,0,0,1,0,0,0,1,1,0,0,0
50359,63000000,http://www.iwantcandy.com/,en,Hop,16.791058,3/30/11,183953723,95,Released,Hop,5.5,331,0,0,1,1,0,0,0,1,0,0,0,0,0,0,0,0,0,0,0,0
50456,30000000,http://hannathemovie.com/,en,Hanna,31.191975,4/7/11,63782078,111,Released,Hanna,6.5,1263,1,1,0,0,0,0,0,0,0,0,0,0,0,0,0,0,1,0,0,0
50497,0,NA,en,When the Lights Went Out,2.805351,1/31/12,0,86,Released,When the Lights Went Out,5.8,49,0,0,0,0,0,0,1,0,0,0,0,1,0,0,0,0,1,0,0,0
50538,0,NA,fr,Sur le seuil,0.205034,10/3/03,0,100,Released,Evil Words,6.9,8,0,0,0,0,0,0,0,0,0,0,0,1,0,1,0,0,1,0,0,0
50544,35000000,http://www.fwb-movie.com/,en,Friends with Benefits,40.526587,7/21/11,150483765,109,Released,Friends with Benefits,6.5,2237,0,0,0,1,0,0,0,0,0,0,0,0,0,0,1,0,0,0,0,0
50546,80000000,http://www.justgowithit-movie.com,en,Just Go with It,37.02665,2/10/11,214918407,117,Released,Just Go with It,6.3,1543,0,0,0,1,0,0,0,0,0,0,0,0,0,0,1,0,0,0,0,0
50601,20000000,NA,en,5 Days of War,5.727602,4/14/11,17479,113,Released,5 Days of War,5.8,62,0,0,0,0,0,0,1,0,0,0,0,0,0,0,0,0,0,0,1,0
50620,120000000,NA,en,The Twilight Saga: Breaking Dawn - Part 2,99.687084,11/13/12,829e6,115,Released,The Twilight Saga: Breaking Dawn - Part 2,6.1,2553,0,1,0,0,0,0,1,0,1,0,0,0,0,0,1,0,0,0,0,0
50646,50000000,http://crazystupidlove.warnerbros.com/index.html,en,"Crazy, Stupid, Love.",37.990705,7/29/11,142851197,118,Released,"Crazy, Stupid, Love.",7,2443,0,0,0,1,0,0,1,0,0,0,0,0,0,0,1,0,0,0,0,0
50647,35000000,http://www.wanderlust-movie.com/Wanderlust/home.html,en,Wanderlust,20.908494,2/23/12,24159934,98,Released,Wanderlust,5.3,394,0,0,0,1,0,0,0,0,0,0,0,0,0,0,0,0,0,0,0,0
50698,1000000,http://www.grave-encounters.tv/,en,Grave Encounters,13.222268,9/9/11,0,NA,Released,Grave Encounters,6.1,381,0,0,0,0,0,0,0,0,0,0,0,1,0,0,0,0,1,0,0,0
50725,19000000,http://www.iamrogue.com/takemehometonight/fullsite/,en,Take Me Home Tonight,11.766564,3/4/11,6928068,97,Released,Take Me Home Tonight,6.2,208,0,0,0,1,0,0,1,0,0,0,0,0,0,0,1,0,0,0,0,0
50780,21000000,http://www.thebeaver-movie.com/,en,The Beaver,13.847872,2/11/11,970816,91,Released,The Beaver,6.3,276,0,0,0,0,0,0,1,0,0,0,0,0,0,0,0,0,0,0,0,0
50837,0,http://www.foxsearchlight.com/marthamarcymaymarlene/,en,Martha Marcy May Marlene,17.806082,10/21/11,3538446,101,Released,Martha Marcy May Marlene,6.7,277,0,0,0,0,0,0,1,0,0,0,0,0,0,0,0,0,1,0,0,0
50839,3500000,http://www.margincallmovie.com/,en,Margin Call,26.259389,9/28/11,19504039,107,Released,Margin Call,6.7,524,0,0,0,0,0,0,1,0,0,0,0,0,0,0,0,0,1,0,0,0
50848,4600000,http://www.namesoflovemovie.com/,fr,Le Nom des gens,6.368933,11/24/10,0,100,Released,The Names of Love,7.3,93,0,0,0,1,0,0,1,0,0,0,0,0,0,0,1,0,0,0,0,0
50875,2000000,http://www.sonyclassics.com/higherground/,en,Higher Ground,1.699101,8/26/11,841733,109,Post Production,Higher Ground,5.3,14,0,0,0,0,0,0,1,0,0,0,0,0,0,0,0,0,1,0,0,0
50942,0,NA,en,Creature,2.857848,5/17/98,0,176,Released,Creature,4,21,0,0,0,0,0,0,0,0,0,0,0,1,0,0,0,1,1,0,0,0
51052,0,http://www.arthurchristmas.com/,en,Arthur Christmas,19.83683,2/22/11,0,97,Released,Arthur Christmas,6.7,333,0,0,1,1,0,0,1,1,0,0,0,0,0,0,0,0,0,0,0,0
51130,0,NA,en,Open Secret,0.186401,2/14/48,0,68,Released,Open Secret,7,2,0,0,0,0,1,0,0,0,0,0,0,0,0,1,0,0,1,0,0,0
51162,30000000,http://disney.go.com/pooh/home/,en,Winnie the Pooh,19.143721,4/13/11,1446e4,63,Released,Winnie the Pooh,6.8,258,0,0,1,0,0,0,0,1,0,0,0,0,0,0,0,0,0,0,0,0
51384,0,NA,en,"Lovely, Still",1.286991,1/1/08,0,92,Released,"Lovely, Still",6.2,13,0,0,0,0,0,0,1,0,0,0,0,0,0,0,1,0,0,0,0,0
51497,125000000,http://www.watchvideoseries.com/movies/fast-five-2011-2/,en,Fast Five,7.255718,4/20/11,626137675,130,Released,Fast Five,7.1,2438,1,0,0,0,1,0,0,0,0,0,0,0,0,0,0,0,1,0,0,0
51540,35000000,http://horriblebossesmovie.warnerbros.com/index.html,en,Horrible Bosses,50.309843,7/8/11,117e6,98,Released,Horrible Bosses,6.5,2277,0,0,0,1,1,0,0,0,0,0,0,0,0,0,0,0,0,0,0,0
51588,8000000,http://disney.go.com/disneypictures/prom/index.html#home,en,Prom,11.837067,4/29/11,1013e4,104,Released,Prom,5.7,134,0,0,0,1,0,0,0,0,0,0,0,0,0,0,0,0,0,0,0,0
51820,1500000,NA,en,The Salon,2.02817,1/13/05,0,0,Released,The Salon,3.5,1,0,0,0,1,0,0,0,0,0,0,0,0,0,0,0,0,0,0,0,0
51828,15000000,http://www.focusfeatures.com/one_day,en,One Day,16.629173,3/2/11,59389433,107,Released,One Day,7,978,0,0,0,0,0,0,1,0,0,0,0,0,0,0,1,0,0,0,0,0
51942,250,NA,en,I Married a Strange Person!,0.293649,8/28/98,203,72,Released,I Married a Strange Person!,7.5,12,0,0,1,1,0,0,1,0,0,0,0,0,0,0,0,0,0,0,0,0
51955,0,NA,en,Hav Plenty,0.003142,9/11/97,0,92,Released,Hav Plenty,0,0,1,0,0,1,0,0,0,0,0,0,0,0,0,0,1,1,1,0,0,0
51995,8000000,http://www.ifcfilms.com/uncategorized/salvation-boulevard,en,Salvation Boulevard,3.653305,7/15/11,0,96,Released,Salvation Boulevard,5.6,28,1,0,0,1,0,0,1,0,0,0,0,0,0,0,0,0,1,0,0,0
52010,0,http://ultramarinesthemovie.com/,en,"Ultramarines: A Warhammer 40,000 Movie",3.891186,12/10/10,0,76,Released,"Ultramarines: A Warhammer 40,000 Movie",5.2,27,0,0,1,0,0,0,0,0,0,0,0,0,0,0,0,1,0,0,0,0
52015,650000,http://www.stakelandthefilm.com/,en,Stake Land,12.496261,9/30/10,33245,98,Released,Stake Land,6.2,285,1,0,0,0,0,0,1,0,0,0,0,1,0,0,0,1,1,0,0,0
52032,0,NA,en,My Dog Tulip,1.170257,1/1/09,246574,83,Released,My Dog Tulip,7.6,9,0,0,1,1,0,0,1,0,0,0,0,0,0,0,0,0,0,0,0,0
52067,0,http://www.foxsearchlight.com/cedarrapids/,en,Cedar Rapids,10.254807,2/11/11,6861102,87,Released,Cedar Rapids,5.9,135,0,0,0,1,0,0,0,0,0,0,0,0,0,0,0,0,0,0,0,0
52449,20000000,http://www.areyouabadteacher.com/,en,Bad Teacher,28.497242,5/16/11,216197492,92,Released,Bad Teacher,5.4,1584,0,0,0,1,0,0,0,0,0,0,0,0,0,0,0,0,0,0,0,0
52451,75000000,http://www.threemusketeers-movie.com/,en,The Three Musketeers,36.605246,8/31/11,132274484,110,Released,The Three Musketeers,5.6,924,1,1,0,0,0,0,0,0,0,0,0,0,0,0,0,0,1,0,0,0
52462,0,NA,en,The Pet,1.284741,5/17/06,0,94,Released,The Pet,5.3,3,0,0,0,0,0,0,1,0,0,0,0,0,0,0,0,0,1,0,0,0
52520,70000000,http://www.entertheunderworld.com/,en,Underworld: Awakening,58.401204,1/19/12,160112671,88,Released,Underworld: Awakening,6.1,1862,1,0,0,0,0,0,0,0,1,0,0,1,0,0,0,0,0,0,0,0
52790,0,NA,en,The Basket,0.430758,5/5/00,619042,105,Released,The Basket,6.5,6,0,0,0,0,0,0,1,0,0,0,0,0,0,0,0,0,0,0,0,0
53113,0,NA,en,One True Thing,2.644427,9/18/98,0,127,Released,One True Thing,6.2,27,0,0,0,0,0,0,1,0,0,0,0,0,0,0,1,0,0,0,0,0
53182,110000000,http://www.300themovie.com/,en,300: Rise of an Empire,71.510596,3/5/14,337580051,102,Released,300: Rise of an Empire,6.1,2397,1,0,0,0,0,0,0,0,0,0,0,0,0,0,0,0,0,0,1,0
53256,0,NA,de,Drei,5.937602,12/23/10,2611555,119,Released,Three,6.3,31,0,0,0,1,0,0,1,0,0,0,0,0,0,0,1,0,0,0,0,0
53457,10000000,http://www.sarahskey.com.au/,fr,Elle s'appelait Sarah,10.072199,9/16/10,17511906,NA,Released,Sarah's Key,7.2,196,0,0,0,0,0,0,1,0,0,0,0,0,0,0,0,0,0,0,1,0
53502,0,NA,en,The Dead Undead,0.249457,5/13/10,0,90,Released,The Dead Undead,3.1,6,1,0,0,0,0,0,0,0,0,0,0,1,0,0,0,1,0,0,0,0
53862,0,NA,en,Trippin',0.185373,5/12/99,9016377,94,Released,Trippin',4.5,4,0,0,0,1,0,0,0,0,0,0,0,0,0,0,1,0,0,0,0,0
53953,0,NA,de,The Tooth Fairy,0.716764,8/8/06,0,0,Released,The Tooth Fairy,4.3,13,0,0,0,0,0,0,0,0,0,0,0,1,0,0,0,0,0,0,0,0
54054,40000000,http://www.oneforthemoneyfilm.com/index2.html,en,One for the Money,19.438503,1/26/12,36893721,91,Released,One for the Money,5.3,388,1,0,0,1,1,0,0,0,0,0,0,0,0,0,0,0,0,0,0,0
54138,190000000,NA,en,Star Trek Into Darkness,78.291018,5/5/13,467365246,132,Released,Star Trek Into Darkness,7.4,4418,1,1,0,0,0,0,0,0,0,0,0,0,0,0,0,1,0,0,0,0
54518,13000000,http://www.justinbieberneversaynever.com/,en,Justin Bieber: Never Say Never,6.735922,2/11/11,98441954,105,Released,Justin Bieber: Never Say Never,4.8,154,0,0,0,0,0,1,0,1,0,0,0,0,1,0,0,0,0,0,0,0
54580,4000000,NA,es,Los lunes al sol,3.663108,9/27/02,146402,113,Released,Mondays in the Sun,7.1,36,0,0,0,0,0,0,1,0,0,0,0,0,0,0,0,0,0,0,0,0
54702,450000,http://www.malevolencemovie.com/,en,Malevolence,1.077321,9/10/04,0,90,Released,Malevolence,4.9,14,0,0,0,0,1,0,0,0,0,0,0,1,0,0,0,0,1,0,0,0
54897,200000,http://www.thegracecardmovie.com/,en,The Grace Card,0.616283,2/25/11,2295733,101,Released,The Grace Card,6.5,10,0,0,0,0,0,0,1,0,0,0,0,0,0,0,0,0,0,0,0,0
55123,312000,NA,en,Tumbleweeds,1.505703,11/28/99,1281176,102,Released,Tumbleweeds,6.2,11,0,0,0,1,0,0,1,0,0,0,0,0,0,0,0,0,0,0,0,0
55180,0,NA,en,The Last Big Thing,0.678475,9/23/98,0,98,Released,The Last Big Thing,6,3,0,0,0,1,0,0,1,0,0,0,0,0,0,0,0,0,0,0,0,0
55301,75000000,http://www.munkyourself.com/,en,Alvin and the Chipmunks: Chipwrecked,23.473004,12/14/11,342695435,87,Released,Alvin and the Chipmunks: Chipwrecked,5.4,484,0,0,1,1,0,0,0,1,1,0,0,0,1,0,0,0,0,0,0,0
55306,0,NA,en,Ulee's Gold,0.93392,6/13/97,0,112,Released,Ulee's Gold,6.5,19,0,0,0,0,0,0,1,0,0,0,0,0,0,0,0,0,0,0,0,0
55347,3200000,http://focusfeatures.com/beginners,en,Beginners,11.933449,9/11/10,5332926,105,Released,Beginners,6.8,347,0,0,0,1,0,0,1,0,0,0,0,0,0,0,1,0,0,0,0,0
55420,100000,http://www.anotherearth.com/,en,Another Earth,25.402697,7/22/11,1776935,92,Released,Another Earth,6.8,527,0,0,0,0,0,0,1,0,0,0,0,0,0,0,0,1,0,0,0,0
55465,19000000,http://haroldandkumar.warnerbros.com,en,A Very Harold & Kumar Christmas,17.971883,11/4/11,35387212,108,Released,A Very Harold & Kumar Christmas,6,328,0,0,0,1,0,0,0,0,0,0,0,0,0,0,0,0,0,0,0,0
55561,0,NA,en,Clockwatchers,1.196943,1/1/97,0,96,Released,Clockwatchers,5.6,13,0,0,0,1,0,0,1,0,0,0,0,0,0,0,0,0,0,0,0,0
55567,0,http://standingovationmovie.com,en,Standing Ovation,0.305922,7/16/10,531826,105,Released,Standing Ovation,3.9,6,0,0,0,1,0,0,0,1,0,0,0,0,1,0,0,0,0,0,0,0
55604,2000000,NA,en,Boom Town,1.867004,8/30/40,9172e3,119,Released,Boom Town,6.5,8,0,1,0,0,0,0,1,0,0,0,0,0,0,0,1,0,0,0,0,0
55616,1596010,NA,en,Dracula: Pages from a Virgin's Diary,0.552361,2/28/02,0,75,Released,Dracula: Pages from a Virgin's Diary,6.9,8,0,0,0,0,0,0,0,0,0,0,0,1,0,0,0,0,0,0,0,0
55720,10000000,NA,en,A Better Life,4.123533,6/24/11,1759252,98,Released,A Better Life,7,54,0,0,0,0,0,0,1,0,0,0,0,0,0,0,0,0,0,0,0,0
55721,32500000,http://www.bridesmaidsmovie.com/,en,Bridesmaids,17.107065,4/28/11,288383523,125,Released,Bridesmaids,6.5,1661,0,0,0,1,0,0,0,0,0,0,0,0,0,0,1,0,0,0,0,0
55779,47000000,http://finaldestinationmovie.warnerbros.com/index.html,en,Final Destination 5,38.555482,8/12/11,157887643,92,Released,Final Destination 5,5.9,866,0,0,0,0,0,0,0,0,0,0,0,1,0,1,0,0,0,0,0,0
55787,38000000,http://waterforelephantsfilm.com/,en,Water for Elephants,16.801218,3/15/11,114156230,120,Released,Water for Elephants,6.7,850,0,0,0,0,0,0,1,0,0,0,0,0,0,0,1,0,0,0,0,0
55831,0,NA,en,Boynton Beach Club,0.18887,8/5/05,0,105,Released,Boynton Beach Club,6.8,3,0,0,0,1,0,0,1,0,0,0,0,0,0,0,1,0,0,0,0,0
55903,0,NA,fr,Betty Fisher et autres histoires,0.024186,9/1/01,0,103,Released,Betty Fisher and Other Stories,7,3,0,0,0,0,1,0,1,0,0,1,0,0,0,0,0,0,1,0,0,0
56288,27000000,http://spykidsmovie.net/,en,Spy Kids: All the Time in the World,14.788073,8/18/11,85564310,89,Released,Spy Kids: All the Time in the World,4.4,222,1,0,0,1,0,0,0,1,0,0,0,0,0,0,0,0,0,0,0,0
56292,145000000,http://www.missionimpossible.com/,en,Mission: Impossible - Ghost Protocol,77.77477,12/7/11,694713380,133,Released,Mission: Impossible - Ghost Protocol,6.8,3972,1,1,0,0,0,0,0,0,0,0,0,0,0,0,0,0,1,0,0,0
56491,0,NA,en,In Her Line of Fire,0.429587,4/21/06,0,88,Released,In Her Line of Fire,3.3,9,1,0,0,0,0,0,1,0,0,0,0,0,0,0,0,0,1,0,0,0
56601,12500000,http://www.theperfectgamemovie.com,en,The Perfect Game,0.903529,4/1/10,3878993,118,Released,The Perfect Game,6.3,30,0,0,0,0,0,0,1,1,0,0,0,0,0,0,0,0,0,0,0,0
56666,1000000,NA,hi,Fiza,0.043023,9/8/00,623791,170,Released,Fiza,6.1,7,0,0,0,0,0,0,1,0,0,1,0,0,0,0,1,0,0,0,0,0
56715,0,NA,en,Just Visiting,10.844882,4/6/01,0,88,Released,Just Visiting,4.8,171,0,0,0,1,0,0,0,0,1,0,0,0,0,0,0,1,0,0,0,0
56930,0,NA,en,Tycoon,0.042442,12/27/47,0,128,Released,Tycoon,6.6,4,1,0,0,0,0,0,1,0,0,0,0,0,0,0,1,0,0,0,0,0
57022,0,NA,en,Sunshine State,4.245123,6/21/02,0,141,Released,Sunshine State,6,10,0,0,0,0,0,0,1,0,0,0,0,0,0,0,0,0,0,0,0,0
57089,30000000,http://www.hoodwinkedtoomovie.com/,en,Hoodwinked Too! Hood VS. Evil,10.694417,4/29/11,13521829,86,Released,Hoodwinked Too! Hood VS. Evil,4.8,131,0,0,1,1,0,0,0,1,0,0,0,0,0,0,0,0,0,0,0,0
57119,6600000,http://www.jumpingthebroom-movie.com/,en,Jumping the Broom,4.492455,5/6/11,37710610,112,Released,Jumping the Broom,6,56,0,0,0,1,0,0,0,0,0,0,0,0,0,0,0,0,0,0,0,0
57120,0,http://meekscutoff.com/,en,Meek's Cutoff,4.749885,9/5/10,876302,104,Released,Meek's Cutoff,6.5,77,0,0,0,0,0,0,1,0,0,0,0,0,0,0,0,0,0,0,0,1
57157,12000000,http://www.youngadultmovie.com/,en,Young Adult,16.183746,12/16/11,22939027,94,Released,Young Adult,5.6,364,0,0,0,1,0,0,1,0,0,0,0,0,0,0,0,0,0,0,0,0
57158,250000000,http://www.thehobbit.com/,en,The Hobbit: The Desolation of Smaug,94.370564,12/11/13,9584e5,161,Released,The Hobbit: The Desolation of Smaug,7.6,4524,0,1,0,0,0,0,0,0,1,0,0,0,0,0,0,0,0,0,0,0
57165,150000000,http://www.wrathofthetitansmovie.org,en,Wrath of the Titans,44.927635,3/27/12,301e6,99,Released,Wrath of the Titans,5.5,1431,0,1,0,0,0,0,0,0,0,0,0,0,0,0,0,0,0,0,0,0
57201,255000000,http://disney.go.com/the-lone-ranger/,en,The Lone Ranger,49.046956,7/3/13,89289910,149,Released,The Lone Ranger,5.9,2311,1,1,0,0,0,0,0,0,0,0,0,0,0,0,0,0,0,0,0,1
57212,66000000,http://www.warhorsemovie.com/,en,War Horse,29.505574,12/25/11,177584879,146,Released,War Horse,7,992,0,0,0,0,0,0,1,0,0,0,0,0,0,0,0,0,0,0,1,0
57214,12000000,NA,en,Project X,49.070321,3/1/12,1e8,88,Released,Project X,6.5,1564,0,0,0,1,1,0,0,0,0,0,0,0,0,0,0,0,0,0,0,0
57294,0,NA,en,Crying with Laughter,0.108135,6/1/09,0,93,Rumored,Crying with Laughter,7,1,0,0,0,1,0,0,1,0,0,0,0,0,0,0,0,0,1,0,0,0
57431,25000000,NA,en,The Sitter,19.428994,12/9/11,34942188,81,Released,The Sitter,5.4,325,0,0,0,1,0,0,0,0,0,0,0,0,0,0,0,0,0,0,0,0
57612,6000000,NA,en,Dolphins and Whales: Tribes of the Ocean,0.041651,2/15/08,7518876,42,Released,Dolphins and Whales: Tribes of the Ocean,8,3,0,0,0,0,0,1,0,0,0,0,0,0,0,0,0,0,0,0,0,0
57800,95000000,http://www.iceagemovies.com/films/ice-age-continental-drift,en,Ice Age: Continental Drift,65.229868,6/26/12,877244782,88,Released,Ice Age: Continental Drift,6.2,2672,0,1,1,1,0,0,0,1,0,0,0,0,0,0,0,0,0,0,0,0
57825,7000000,NA,en,Bride & Prejudice,12.150871,2/11/04,0,111,Released,Bride & Prejudice,6.5,110,0,0,0,1,0,0,1,0,0,0,0,0,1,0,1,0,0,0,0,0
57876,5000000,NA,en,Area 51,7.794,5/15/15,0,91,Released,Area 51,4.2,151,0,0,0,0,0,0,0,0,0,0,0,1,0,0,0,1,1,0,0,0
57943,0,NA,en,The Love Letter,0.116873,2/1/98,0,98,Released,The Love Letter,4.7,3,0,0,0,1,0,0,1,0,1,0,0,0,0,0,1,0,0,0,0,0
58048,17000000,NA,en,Shanghai Surprise,0.138564,8/29/86,0,97,Released,Shanghai Surprise,2.9,15,0,1,0,0,0,0,0,0,0,0,0,0,0,0,0,0,0,0,0,0
58051,0,http://housefull.erosentertainment.com/,hi,Housefull,0.12082,4/30/10,0,135,Released,Housefull,5.2,29,0,0,0,1,0,0,1,0,0,1,0,0,0,0,1,0,0,0,0,0
58151,17000000,http://www.welcometofrightnight.com,en,Fright Night,18.27083,8/18/11,24922237,106,Released,Fright Night,6,603,0,0,0,1,0,0,0,0,0,0,0,1,0,0,0,0,0,0,0,0
58224,55000000,http://www.popperspenguins.com/main.html,en,Mr. Popper's Penguins,32.835777,6/17/11,187361754,94,Released,Mr. Popper's Penguins,5.7,751,0,0,0,1,0,0,0,1,0,0,0,0,0,0,0,0,0,0,0,0
58233,45000000,http://www.johnnyenglishreborn.com/,en,Johnny English Reborn,35.6585,9/15/11,160078586,101,Released,Johnny English Reborn,6,1007,1,1,0,1,1,0,0,0,0,0,0,0,0,0,0,0,1,0,0,0
58428,750000,http://www.magnetreleasing.com/theinnkeepers/,en,The Innkeepers,14.386807,12/1/11,78396,102,Released,The Innkeepers,5.4,219,0,0,0,0,0,0,0,0,0,0,0,1,0,0,0,0,1,0,0,0
58431,28000000,https://www.facebook.com/PPZMovie,en,Pride and Prejudice and Zombies,28.397048,2/4/16,16374328,108,Released,Pride and Prejudice and Zombies,5.5,640,0,0,0,1,0,0,0,0,0,0,0,1,0,0,1,0,1,0,0,0
58492,0,http://www.thegreatestmovieeversold.com/,en,The Greatest Movie Ever Sold,0.692497,4/22/11,621951,87,Released,The Greatest Movie Ever Sold,6.4,88,0,0,0,1,0,1,0,0,0,0,0,0,0,0,0,0,0,0,0,0
58574,125000000,http://sherlockholmes2.warnerbros.com/index.html,en,Sherlock Holmes: A Game of Shadows,81.499621,11/22/11,334615e3,129,Released,Sherlock Holmes: A Game of Shadows,7,3886,1,1,0,0,1,0,0,0,0,0,0,0,0,1,0,0,0,0,0,0
58595,170000000,http://www.snowwhiteandthehuntsman.com/,en,Snow White and the Huntsman,77.178973,5/30/12,3966e5,127,Released,Snow White and the Huntsman,5.8,3118,0,1,0,0,0,0,1,0,1,0,0,0,0,0,0,0,0,0,0,0
58626,6000000,NA,en,The Hit List,4.957014,4/2/11,0,90,Released,The Hit List,5.2,73,1,0,0,0,0,0,0,0,0,0,0,0,0,0,0,0,1,0,0,0
58680,13000000,NA,en,Woo,1.750054,5/8/98,8026971,84,Released,Woo,5.5,10,0,0,0,1,0,0,0,0,0,0,0,0,0,0,1,0,0,0,0,0
58882,134005,http://www.foxsearchlight.com/snowflowerandthesecretfan/,en,Snow Flower and the Secret Fan,2.260315,7/15/11,1332231,104,Released,Snow Flower and the Secret Fan,5.3,22,0,0,0,0,0,0,1,0,0,0,1,0,0,0,0,0,0,0,0,0
59108,75000000,http://www.towerheist.com/index.php,en,Tower Heist,36.743324,11/2/11,152930623,104,Released,Tower Heist,5.8,932,1,0,0,1,0,0,0,0,0,0,0,0,0,0,0,0,0,0,0,0
59436,30000000,http://www.sonyclassics.com/midnightinparis,en,Midnight in Paris,43.753585,5/11/11,151119219,94,Released,Midnight in Paris,7.4,1990,0,0,0,1,0,0,0,0,1,0,0,0,0,0,1,0,0,0,0,0
59440,25000000,http://www.warriorfilm.com/index2.html,en,Warrior,51.915025,9/9/11,23057115,140,Released,Warrior,7.7,1272,1,0,0,0,0,0,1,0,0,0,0,0,0,0,0,0,0,0,0,0
59457,3100000,NA,en,Womb,7.453347,7/15/10,0,111,Released,Womb,5.9,92,0,0,0,0,0,0,0,0,0,0,0,0,0,0,1,1,0,0,0,0
59678,14350531,http://attacktheblock.com/,en,Attack the Block,30.952377,5/12/11,3964682,88,Released,Attack the Block,6.3,733,1,0,0,1,0,0,0,0,0,0,0,0,0,0,0,1,0,0,0,0
59728,6000000,http://the5thquartermovie.com/,en,The 5th Quarter,0.215464,3/25/11,399611,97,Released,The 5th Quarter,4.7,12,0,0,0,0,0,0,1,0,0,0,0,0,0,0,0,0,0,0,0,0
59859,28000000,NA,en,Kick-Ass 2,40.28635,7/17/13,607e5,103,Released,Kick-Ass 2,6.3,2224,1,1,0,0,1,0,0,0,0,0,0,0,0,0,0,0,0,0,0,0
59860,20000000,NA,en,Monte Carlo,17.237143,7/1/11,17425e3,109,Released,Monte Carlo,6,593,0,1,0,1,0,0,0,0,0,0,0,0,0,0,1,0,0,0,0,0
59861,30000000,http://www.larrycrowne.com/,en,Larry Crowne,20.355458,6/30/11,36160375,98,Released,Larry Crowne,5.7,359,0,0,0,1,0,0,1,0,0,0,0,0,0,0,1,0,0,0,0,0
59917,1200000,NA,en,Cotton Comes to Harlem,1.079125,5/27/70,0,97,Released,Cotton Comes to Harlem,6.7,13,1,1,0,0,0,0,0,0,0,0,0,0,0,0,0,0,0,0,0,0
59930,0,NA,en,The Inkwell,0.269661,4/22/94,8880705,110,Released,The Inkwell,3.9,5,0,0,0,1,0,0,1,0,0,0,0,0,0,0,1,0,0,0,0,0
59961,85000000,http://www.nooneissafe.com,en,Safe House,34.773106,2/9/12,208076205,115,Released,Safe House,6.3,1345,1,0,0,0,0,0,0,0,0,0,0,0,0,0,0,0,1,0,0,0
59962,65000000,http://www.thismeanswarmovie.com/,en,This Means War,38.994297,2/14/12,156974557,103,Released,This Means War,5.9,1389,1,0,0,1,0,0,0,0,0,0,0,0,0,0,1,0,0,0,0,0
59965,35000000,http://www.abductionthefilm.com/,en,Abduction,19.893646,9/22/11,82087155,106,Released,Abduction,5.6,961,1,0,0,0,0,0,0,0,0,0,0,0,0,1,0,0,1,0,0,0
59967,30000000,http://loopermovie.com/,en,Looper,46.377628,9/26/12,47042e3,118,Released,Looper,6.6,4697,1,0,0,0,0,0,0,0,0,0,0,0,0,0,0,1,1,0,0,0
59968,10000000,http://www.ouridiotbrother.com/,en,Our Idiot Brother,15.688439,8/26/11,17273593,90,Released,Our Idiot Brother,5.9,365,0,0,0,1,0,0,1,0,0,0,0,0,0,0,0,0,0,0,0,0
59981,70000000,http://www.dorothyofozthemovie.com/,en,Legends of Oz: Dorothy's Return,6.682006,6/13/13,18662027,88,Released,Legends of Oz: Dorothy's Return,5.9,43,0,0,1,0,0,0,0,1,0,0,0,0,1,0,0,0,0,0,0,0
60243,800000,NA,fa,جدایی نادر از سیمین,12.049373,3/15/11,0,123,Released,A Separation,7.7,469,0,0,0,0,0,0,1,0,0,0,0,0,0,0,0,0,0,0,0,0
60304,50000000,http://www.hanselandgretelmovie.com/,en,Hansel & Gretel: Witch Hunters,53.02787,1/17/13,224803475,88,Released,Hansel & Gretel: Witch Hunters,5.7,3239,1,0,0,0,0,0,0,0,1,0,0,1,0,0,0,0,0,0,0,0
60307,21000000,http://www.diaryofawimpykidmovie.com/,en,Diary of a Wimpy Kid: Rodrick Rules,14.329891,3/25/11,72417394,99,Released,Diary of a Wimpy Kid: Rodrick Rules,6.3,238,0,0,0,1,0,0,0,1,0,0,0,0,0,0,0,0,0,0,0,0
60308,50000000,http://www.moneyball-movie.com/,en,Moneyball,46.180421,9/22/11,110206216,133,Released,Moneyball,7,1381,0,0,0,0,0,0,1,0,0,0,0,0,0,0,0,0,0,0,0,0
60309,25000000,http://www.conspiratorthemovie.com/,en,The Conspirator,9.169271,9/10/10,15478800,122,Released,The Conspirator,6.2,137,0,0,0,0,1,0,1,0,0,0,1,0,0,0,0,0,0,0,0,0
60400,0,NA,en,The Blue Bird,1.280733,1/19/40,0,88,Released,The Blue Bird,6.4,8,0,0,0,0,0,0,1,1,1,0,0,0,0,0,0,0,0,0,0,0
60420,250000,http://www.likecrazy.com/,en,Like Crazy,21.825564,10/28/11,3542353,90,Released,Like Crazy,6.4,381,0,0,0,0,0,0,1,0,0,0,0,0,0,0,1,0,0,0,0,0
60421,0,http://www.takepart.com/circumstance,fa,Circumstance,2.34239,8/26/11,0,107,Released,Circumstance,7.4,23,0,0,0,0,0,0,1,0,0,0,0,0,0,0,0,0,0,0,0,0
60422,4000000,NA,en,Another Happy Day,3.238466,11/18/11,355688,119,Released,Another Happy Day,6.2,37,0,0,0,1,0,0,1,0,0,0,0,0,0,0,0,0,0,0,0,0
60463,0,http://www.theasylum.cc/product.php?id=148,en,Sunday School Musical,0.46049,10/21/08,0,93,Released,Sunday School Musical,5.5,4,0,0,0,0,0,0,0,0,0,0,0,0,1,0,0,0,0,0,0,0
60599,12000000,NA,en,Arbitrage,16.40512,9/14/12,35485056,100,Released,Arbitrage,6.1,294,0,0,0,0,0,0,1,0,0,0,0,0,0,0,0,0,1,0,0,0
61012,20000000,NA,en,Silent Hill: Revelation 3D,23.292761,10/10/12,52302796,94,Released,Silent Hill: Revelation 3D,5,432,0,0,0,0,0,0,0,0,0,0,0,1,0,1,0,0,1,0,0,0
61038,2450000,http://www.goforitmovie.com/,en,Go for It!,0.500753,5/13/11,0,105,Released,Go for It!,4.6,5,0,0,0,0,0,0,1,1,0,0,0,0,0,0,0,0,0,0,0,0
61337,0,NA,en,Critical Care,2.678715,10/31/97,0,107,Released,Critical Care,6.1,9,0,0,0,1,0,0,1,0,0,0,0,0,0,0,0,0,0,0,0,0
61752,12000000,NA,en,Girl 6,2.993939,3/22/96,4939939,108,Released,Girl 6,5.7,16,0,0,0,1,0,0,0,0,0,0,0,0,0,0,0,0,0,0,0,0
61791,93000000,http://www.apeswillrise.com/,en,Rise of the Planet of the Apes,138.433168,8/3/11,482860185,105,Released,Rise of the Planet of the Apes,7,4347,1,0,0,0,0,0,1,0,0,0,0,0,0,0,0,1,1,0,0,0
61891,30000000,http://www.anonymous-movie.com/,en,Anonymous,16.698316,10/21/11,15395087,130,Released,Anonymous,6.3,288,0,0,0,0,0,0,1,0,0,0,1,0,0,0,0,0,1,0,0,0
61984,12000000,NA,ja,Space Battleship Yamato,5.158067,12/1/10,11212294,131,Released,Space Battleship Yamato,6.3,59,0,0,0,0,0,0,0,0,0,0,0,0,0,0,0,1,0,0,0,0
62008,0,http://www.gooddeedsmovie.com/index.html,en,Good Deeds,4.448494,2/23/12,0,NA,Released,Good Deeds,6.2,45,0,0,0,1,0,0,1,0,0,0,0,0,0,0,1,0,0,0,0,0
62116,0,NA,fr,"Nannerl, la soeur de Mozart",0.774442,6/9/10,0,120,Released,Mozart's Sister,6.2,13,0,0,0,0,0,0,1,0,0,0,0,0,0,0,0,0,0,0,0,0
62177,185000000,http://disney.go.com/brave/#/home,en,Brave,125.114374,6/21/12,538983207,93,Released,Brave,6.7,4641,1,1,1,1,0,0,0,1,1,0,0,0,0,0,0,0,0,0,0,0
62204,12000000,NA,xx,La Guerre du feu,6.537986,12/15/81,55260558,100,Released,Quest for Fire,7.1,109,0,1,0,0,0,0,1,0,0,0,0,0,0,0,0,0,0,0,0,0
62206,28000000,http://30minutesorless.com/,en,30 Minutes or Less,25.039383,8/11/11,40547440,83,Released,30 Minutes or Less,5.6,531,1,1,0,1,0,0,0,0,0,0,0,0,0,0,0,0,0,0,0,0
62211,200000000,NA,en,Monsters University,89.186492,6/20/13,743559607,104,Released,Monsters University,7,3528,0,0,1,0,0,0,0,1,0,0,0,0,0,0,0,0,0,0,0,0
62213,150000000,http://darkshadowsmovie.warnerbros.com,en,Dark Shadows,50.306728,5/8/12,245527149,113,Released,Dark Shadows,5.7,2320,0,0,0,1,0,0,0,0,1,0,0,0,0,0,0,0,0,0,0,0
62214,39000000,http://movies.disney.com/frankenweenie-2012,en,Frankenweenie,27.908783,10/4/12,35287788,87,Released,Frankenweenie,6.6,932,0,0,1,1,0,0,0,1,0,0,0,0,0,0,0,0,0,0,0,0
62215,7400000,NA,da,Melancholia,36.173598,5/26/11,21817298,136,Released,Melancholia,7,885,0,0,0,0,0,0,1,0,0,0,0,0,0,0,0,1,0,0,0,0
62255,6500000,http://www.trackerthemovie.com/,en,Tracker,2.0742950000000002,5/20/10,0,102,Released,Tracker,6,16,1,1,0,0,0,0,1,0,0,0,0,0,0,0,0,0,1,0,0,0
62402,0,NA,en,Guiana 1838,0.030253,9/24/04,0,120,Released,Guiana 1838,2.8,3,0,0,0,0,0,0,1,0,0,0,0,0,0,0,0,0,0,0,0,0
62630,19100000,NA,en,The Devil's Double,10.559414,2/11/11,5728213,109,Released,The Devil's Double,6.5,208,1,0,0,0,1,0,1,0,0,0,0,0,0,0,0,0,1,0,1,0
62676,8000000,NA,en,Limbo,0.034259,6/4/99,1997807,126,Released,Limbo,7,17,0,1,0,0,0,0,1,0,0,0,0,0,0,0,0,0,1,0,0,0
62677,0,NA,en,Songcatcher,3.363321,3/1/01,0,109,Released,Songcatcher,5.6,9,0,0,0,0,0,0,1,0,0,0,0,0,1,0,0,0,0,0,0,0
62728,0,http://brightonrockmovie.com/,en,Brighton Rock,3.122152,9/13/10,0,111,Released,Brighton Rock,5.6,35,0,0,0,0,1,0,1,0,0,0,0,0,0,0,0,0,1,0,0,0
62764,85000000,NA,en,Mirror Mirror,48.126297,3/15/12,183018522,106,Released,Mirror Mirror,5.5,1114,0,1,0,1,0,0,1,1,1,0,0,0,0,0,0,1,0,0,0,0
62835,40000000,http://www.colombiana-movie.com/,en,Colombiana,33.785969,7/27/11,60965854,108,Released,Colombiana,6.5,824,1,0,0,0,1,0,1,0,0,0,0,0,0,0,0,0,1,0,0,0
62837,37000000,http://dolphintalemovie.warnerbros.com/index.html,en,Dolphin Tale,6.63839,9/23/11,95404397,113,Released,Dolphin Tale,6.7,163,0,0,0,0,0,0,1,1,0,0,0,0,0,0,0,0,0,0,0,0
62838,56000000,NA,en,New Year's Eve,21.219292,12/8/11,142044638,118,Released,New Year's Eve,5.7,718,0,0,0,1,0,0,0,0,0,0,0,0,0,0,1,0,0,0,0,0
63006,0,http://www.dummaarodum.com/,hi,Dum Maaro Dum,0.075817,4/22/11,0,130,Released,Dum Maaro Dum,5.4,7,1,0,0,0,1,0,1,0,0,1,0,0,0,0,0,0,0,0,0,0
63020,11000000,NA,en,The Perez Family,1.187671,5/12/95,2832826,113,Released,The Perez Family,6.6,9,0,0,0,1,0,0,1,0,0,0,0,0,0,0,1,0,0,0,0,0
63287,0,NA,en,The Poker House,2.948576,6/20/08,0,93,Released,The Poker House,6.1,47,0,0,0,0,0,0,1,0,0,0,0,0,0,0,0,0,0,0,0,0
63492,20000000,http://www.whatsyournumbermovie.com/,en,What's Your Number?,19.220789,9/30/11,30426096,106,Released,What's Your Number?,6.2,671,0,0,0,1,0,0,0,0,0,0,0,0,0,0,1,0,0,0,0,0
63574,0,http://www.joyfulnoisethemovie.com,en,Joyful Noise,5.753705,1/13/12,0,117,Released,Joyful Noise,6.7,33,0,0,0,1,0,0,0,0,0,0,0,0,1,0,0,0,0,0,0,0
64328,45000000,http://disney.go.com/muppets/,en,The Muppets,17.047276,11/22/11,165184237,103,Released,The Muppets,6.5,501,0,0,0,1,0,0,0,1,0,0,0,0,1,0,0,0,0,0,0,0
64499,0,NA,it,Quinceañera,0.034135,6/5/06,0,90,Released,Quinceañera,7,7,0,0,0,0,0,0,1,0,0,0,0,0,0,0,0,0,0,0,0,0
64559,0,NA,fr,Rien ne va plus,0.627964,10/15/97,0,105,Released,The Swindle,6.4,5,0,0,0,1,1,0,0,0,0,0,0,0,0,0,0,0,1,0,0,0
64639,25000000,http://www.strawdogsmovie.com/,en,Straw Dogs,7.473455,9/16/11,10324441,110,Released,Straw Dogs,5.5,144,0,0,0,0,0,0,1,0,0,0,0,0,0,0,0,0,1,0,0,0
64678,0,http://www.foxsearchlight.com/theartofgettingby/,en,The Art of Getting By,12.690224,6/17/11,1406224,83,Released,The Art of Getting By,6.5,415,0,0,0,0,0,0,1,0,0,0,0,0,0,0,1,0,0,0,0,0
64682,105000000,NA,en,The Great Gatsby,61.196071,5/10/13,351040419,143,Released,The Great Gatsby,7.3,3769,0,0,0,0,0,0,1,0,0,0,0,0,0,0,1,0,0,0,0,0
64685,40000000,http://extremelyloudandincrediblyclose.warnerbros.com/,en,Extremely Loud & Incredibly Close,31.066874,12/24/11,55247881,129,Released,Extremely Loud & Incredibly Close,6.9,708,0,0,0,0,0,0,1,0,0,0,0,0,0,0,0,0,0,0,0,0
64686,175000000,NA,en,47 Ronin,41.796339,12/6/13,150962475,119,Released,47 Ronin,5.9,1326,1,1,0,0,0,0,1,0,1,0,0,0,0,0,0,0,0,0,0,0
64688,42000000,http://www.21jumpstreet-movie.com/,en,21 Jump Street,62.714026,3/12/12,201585328,109,Released,21 Jump Street,6.7,4074,1,0,0,1,1,0,0,0,0,0,0,0,0,0,0,0,0,0,0,0
64689,15000000,http://killingthemsoftlymovie.com/,en,Killing Them Softly,24.612603,9/20/12,37930465,97,Released,Killing Them Softly,5.8,742,0,0,0,0,1,0,0,0,0,0,0,0,0,0,0,0,1,0,0,0
64690,15000000,http://www.sonypictures.com/movies/drive/,en,Drive,49.294864,8/6/11,78054825,100,Released,Drive,7.4,3725,1,0,0,0,1,0,1,0,0,0,0,0,0,0,0,0,1,0,0,0
64720,5000000,http://www.sonyclassics.com/takeshelter/,en,Take Shelter,19.807295,11/25/11,3099314,120,Released,Take Shelter,7.1,471,0,0,0,0,0,0,1,0,0,0,0,0,0,0,0,0,1,0,0,0
64807,40000000,NA,en,Grudge Match,21.362949,12/25/13,44907260,113,Released,Grudge Match,6,433,0,0,0,1,0,0,0,0,0,0,0,0,0,0,0,0,0,0,0,0
64973,0,NA,en,"Peace, Propaganda & the Promised Land",0.020168,1/28/05,0,80,Released,"Peace, Propaganda & the Promised Land",6.4,4,0,0,0,0,0,1,0,0,0,0,0,0,0,0,0,0,0,0,0,0
65055,28000000,http://www.iamrogue.com/sharknight3d/fullsite/index.html,en,Shark Night,8.363702,9/2/11,10126458,91,Released,Shark Night,4.9,132,0,0,0,0,0,0,0,0,0,0,0,1,0,0,0,0,1,0,0,0
65057,20000000,http://www.foxsearchlight.com/thedescendants/,en,The Descendants,40.903931,9/9/11,177243185,115,Released,The Descendants,6.7,934,0,0,0,1,0,0,1,0,0,0,0,0,0,0,0,0,0,0,0,0
65086,17000000,http://womaninblack.com/,en,The Woman in Black,43.675191,2/1/12,127730736,95,Released,The Woman in Black,6.1,1206,0,0,0,0,0,0,1,0,0,0,0,1,0,0,0,0,1,0,0,0
65203,379000,NA,en,The Broadway Melody,0.968865,2/8/29,4358e3,100,Released,The Broadway Melody,5,19,0,0,0,0,0,0,1,0,0,0,0,0,1,0,1,0,0,0,0,0
65448,0,NA,en,Penitentiary,0.001117,12/1/79,0,99,Released,Penitentiary,4.9,8,1,0,0,0,0,0,1,0,0,0,0,0,0,0,0,0,0,0,0,0
65749,0,NA,es,"Tango, no me dejes nunca",0.425551,2/12/98,0,115,Released,Tango,6.8,6,0,0,0,0,0,0,1,0,0,1,0,0,0,0,1,0,0,0,0,0
65754,90000000,http://dragontattoo.com/,en,The Girl with the Dragon Tattoo,47.651083,12/14/11,232617430,158,Released,The Girl with the Dragon Tattoo,7.2,2434,0,0,0,0,1,0,1,0,0,0,0,0,0,1,0,0,1,0,0,0
65759,130000000,http://happyfeettwo.warnerbros.com/index.html,en,Happy Feet Two,17.7735,11/17/11,150406466,100,Released,Happy Feet Two,5.8,373,0,0,1,1,0,0,0,1,0,0,0,0,0,0,0,0,0,0,0,0
66025,0,http://moozlumthemovie.com,en,Mooz-lum,0.414754,2/11/11,330048,95,Released,Mooz-lum,4.5,3,0,0,0,0,0,0,1,0,0,0,0,0,0,0,0,0,0,0,0,0
66125,0,http://www.reddogmovie.com/,en,Red Dog,5.499412,8/4/11,0,92,Released,Red Dog,7.1,83,0,0,0,1,0,0,1,1,0,0,0,0,0,0,0,0,0,0,0,0
66195,0,http://theperfecthostmovie.com/,en,The Perfect Host,6.507094,7/1/10,14870,93,Released,The Perfect Host,6.2,135,0,0,0,1,1,0,0,0,0,0,0,0,0,0,0,0,1,0,0,0
66468,0,http://www.imdb.com/title/tt1289419/,en,N-Secure,0.13456,10/15/10,2592808,0,Released,N-Secure,4.3,4,0,0,0,0,1,0,1,0,0,0,0,0,0,0,0,0,1,0,0,0
66607,0,http://www.privateperez.com/,en,Salvando al Soldado Perez,0.177356,3/18/11,0,105,Released,Saving Private Perez,6.1,18,1,0,0,1,0,0,0,0,0,1,0,0,0,0,0,0,0,0,0,0
66767,10000000,NA,en,Beat the World,2.873796,6/10/11,0,91,Released,Beat the World,4.3,16,0,0,0,0,0,0,1,0,0,0,0,0,1,0,0,0,0,0,0,0
66942,2902660,NA,en,Griff the Invisible,1.35088,8/19/11,0,93,Released,Griff the Invisible,6.1,34,0,0,0,1,0,0,1,0,0,0,0,0,0,0,1,0,0,0,0,0
67238,0,NA,en,Cavite,0.022172999999999998,3/12/05,0,80,Released,Cavite,7.5,2,0,0,0,0,0,0,0,0,0,1,0,0,0,0,0,0,1,0,0,0
67373,0,NA,en,This Thing of Ours,0.046868,1/1/05,0,NA,Released,This Thing of Ours,5,1,1,0,0,0,0,0,1,0,0,0,0,0,0,0,0,0,1,0,0,0
67660,12000000,http://www.sonypictures.com/movies/thinklikeaman/,en,Think Like a Man,6.035152,4/16/12,96070507,122,Released,Think Like a Man,6.9,281,0,0,0,1,0,0,0,0,0,0,0,0,0,0,1,0,0,0,0,0
67675,9000000,http://movies2.foxjapan.com/glee/,en,Glee: The Concert Movie,9.933926,8/11/11,18663238,84,Released,Glee: The Concert Movie,6.8,79,0,0,0,0,0,1,0,1,0,0,0,0,1,0,0,0,0,0,0,0
67911,10000000,http://www.buckylarson.com/,en,Bucky Larson: Born to Be a Star,3.919057,9/9/11,0,97,Released,Bucky Larson: Born to Be a Star,4.4,51,0,0,0,1,0,0,0,0,0,0,0,0,0,0,0,0,0,0,0,0
67913,6000000,http://www.sonyclassics.com/theguard,en,The Guard,19.411141,7/7/11,19560274,96,Released,The Guard,6.8,372,1,0,0,1,1,0,0,0,0,0,0,0,0,0,0,0,1,0,0,0
68179,40000000,http://www.escapeearthmovie.com/,en,Escape from Planet Earth,18.14218,2/14/13,74597643,89,Released,Escape from Planet Earth,5.7,332,0,1,1,1,0,0,0,1,0,0,0,0,0,0,0,1,0,0,0,0
68202,4,NA,en,Without Men,0.28076,6/29/11,0,83,Released,Without Men,4.6,8,0,0,0,1,0,0,0,0,0,0,0,0,0,0,1,0,0,0,0,0
68412,0,NA,en,3 Backyards,0.17817,1/1/10,0,88,Released,3 Backyards,4.8,4,0,0,0,0,0,0,1,0,0,0,0,0,0,0,0,0,0,0,0,0
68684,10000000,http://detentionmovie.com/,en,Detention,10.424596,3/16/11,0,93,Released,Detention,5.7,129,0,0,0,1,0,0,0,0,0,0,0,1,0,0,0,1,0,0,0,0
68718,100000000,http://unchainedmovie.com/,en,Django Unchained,82.121691,12/25/12,425368238,165,Released,Django Unchained,7.8,10099,0,0,0,0,0,0,1,0,0,0,0,0,0,0,0,0,0,0,0,1
68721,200000000,http://marvel.com/ironman3,en,Iron Man 3,77.68208,4/18/13,1215439994,130,Released,Iron Man 3,6.8,8806,1,1,0,0,0,0,0,0,0,0,0,0,0,0,0,1,0,0,0,0
68722,32000000,NA,en,The Master,25.682509,9/7/12,28258060,137,Released,The Master,7,701,0,0,0,0,0,0,1,0,0,0,0,0,0,0,0,0,0,0,0,0
68724,115000000,NA,en,Elysium,67.33767,8/7/13,286140700,109,Released,Elysium,6.4,3439,1,0,0,0,0,0,1,0,0,0,0,0,0,0,0,1,1,0,0,0
68726,180000000,http://www.pacificrimmovie.com/,en,Pacific Rim,56.523205,7/11/13,407602906,131,Released,Pacific Rim,6.7,4794,1,1,0,0,0,0,0,0,0,0,0,0,0,0,0,1,0,0,0,0
68727,20000000,NA,en,Trance,38.802415,3/27/13,24261569,101,Released,Trance,6.5,956,0,0,0,0,1,0,1,0,0,0,0,0,0,1,0,0,1,0,0,0
68728,200000000,http://www.ozthegreatandpowerfulmovie.com,en,Oz: The Great and Powerful,46.985445,3/7/13,491868548,130,Released,Oz: The Great and Powerful,5.7,3530,0,1,0,0,0,0,0,1,1,0,0,0,0,0,0,0,0,0,0,0
68734,44500000,http://argothemovie.warnerbros.com/,en,Argo,62.01056,10/11/12,232324128,120,Released,Argo,7.1,3423,0,0,0,0,0,0,1,0,0,0,0,0,0,0,0,0,1,0,0,0
68735,160000000,http://www.warcraft-themovie.com/,en,Warcraft,63.148529,5/25/16,433677183,123,Released,Warcraft,6.3,2268,1,1,0,0,0,0,0,0,1,0,0,0,0,0,0,0,0,0,0,0
68737,95000000,http://www.seventhsonmovie.com/,en,Seventh Son,63.628459,12/12/14,114178613,102,Released,Seventh Son,5.2,957,0,1,0,0,0,0,0,0,1,0,0,0,0,0,0,0,0,0,0,0
68812,20000000,NA,en,The Iceman,19.494703,9/1/12,1969193,105,Released,The Iceman,6.4,365,0,0,0,0,1,0,1,0,0,0,0,0,0,0,0,0,1,0,0,0
68818,0,http://www.blackthornmovie.com/,en,Blackthorn,5.223096,8/31/11,623528,98,Released,Blackthorn,6.6,73,1,1,0,0,0,0,0,0,0,0,0,0,0,0,0,0,0,0,0,1
68924,18000000,NA,en,The Ice Storm,14.916264,9/27/97,8038061,112,Released,The Ice Storm,6.9,176,0,0,0,0,0,0,1,0,0,0,0,0,0,0,0,0,0,0,0,0
69270,13000000,NA,en,Super Hybrid,4.009379,1/1/10,0,95,Released,Super Hybrid,4.6,24,0,0,0,0,0,0,0,0,0,0,0,1,0,0,0,0,0,0,0,0
69382,0,NA,en,The Legend of God's Gun,0.003582,7/8/07,0,78,Released,The Legend of God's Gun,0,0,1,0,0,0,0,0,0,0,0,0,0,0,0,0,0,0,0,0,0,1
69640,0,NA,en,Lies in Plain Sight,0.47909,10/3/10,0,88,Released,Lies in Plain Sight,4.5,4,0,0,0,0,0,0,1,0,0,0,0,0,0,1,0,0,1,0,0,0
69668,50000000,NA,en,Dream House,19.267479,9/30/11,38502340,84,Released,Dream House,5.8,391,0,0,0,0,0,0,1,0,0,0,0,0,0,1,0,0,1,0,0,0
69848,0,NA,en,One Man's Hero,0.910529,8/2/99,0,121,Released,One Man's Hero,9.3,2,1,0,0,0,0,0,1,0,0,0,1,0,0,0,0,0,0,0,0,1
70006,3000000,NA,en,Never Back Down 2: The Beatdown,9.249229,9/13/11,0,90,Released,Never Back Down 2: The Beatdown,5.8,136,1,0,0,0,0,0,1,0,0,0,0,0,0,0,0,0,0,0,0,0
70074,55000000,NA,en,Bullet to the Head,22.503935,1/31/13,9489829,92,Released,Bullet to the Head,5.2,481,1,0,0,0,1,0,0,0,0,0,0,0,0,0,0,0,1,0,0,0
70160,75000000,http://www.thehungergames.movie/,en,The Hunger Games,68.550698,3/12/12,691210692,142,Released,The Hunger Games,6.9,9455,0,1,0,0,0,0,0,0,1,0,0,0,0,0,0,1,0,0,0,0
70435,23000000,http://www.haywiremovie.com/,en,Haywire,26.257951,11/6/11,33372606,93,Released,Haywire,5.6,505,1,0,0,0,0,0,0,0,0,0,0,0,0,0,0,0,1,0,0,0
70436,26000000,NA,en,The Raven,22.520842,3/9/12,29657751,111,Released,The Raven,6.1,426,0,0,0,0,1,0,0,0,0,0,0,0,0,1,0,0,1,0,0,0
70478,100000,NA,en,The Stewardesses,1.183892,7/25/69,27e6,69,Released,The Stewardesses,4.3,5,0,0,0,1,0,0,0,0,0,0,0,0,0,0,0,0,0,0,0,0
70670,0,NA,en,Hodejegerne,20.821846,8/4/11,15699707,100,Released,Headhunters,7.1,399,0,0,0,0,1,0,0,0,0,0,0,0,0,0,0,0,1,0,0,0
70687,250000,NA,en,The Sticky Fingers of Time,0.130169,6/6/97,0,90,Released,The Sticky Fingers of Time,4.8,3,0,0,0,0,0,0,1,0,0,0,0,0,0,0,0,1,0,0,0,0
70829,13400000,http://www.lastgodfathermovie.com/,en,The Last Godfather,0.680753,12/29/10,167e5,100,Released,The Last Godfather,4.7,7,1,0,0,1,0,0,0,0,0,0,0,0,0,0,0,0,1,0,0,0
70868,24000000,http://www.weinsteinco.com/#/film/idontknowhow,en,I Don't Know How She Does It,8.630825,9/16/11,30551495,89,Released,I Don't Know How She Does It,5,141,0,0,0,1,0,0,0,0,0,0,0,0,0,0,1,0,0,0,0,0
70875,56000,http://www.facebook.com/theharvestfilm,en,The Harvest (La Cosecha),0.010909,7/29/11,0,80,Rumored,The Harvest (La Cosecha),0,0,0,0,0,0,0,1,0,0,0,0,0,0,0,0,0,0,0,0,0,0
70981,130000000,http://www.projectprometheus.com/,en,Prometheus,68.889395,5/30/12,403170142,124,Released,Prometheus,6.3,5080,0,1,0,0,0,0,0,0,0,0,0,0,0,1,0,1,0,0,0,0
71157,0,http://www.polisse-lefilm.com/,fr,Polisse,14.038703,10/6/11,20374201,127,Released,Polisse,7.9,285,0,0,0,0,0,0,1,0,0,0,0,0,0,0,0,0,0,0,0,0
71469,30000000,http://www.darkesthourmovie.com/,en,The Darkest Hour,23.328823,12/22/11,64626786,89,Released,The Darkest Hour,4.8,469,1,0,0,0,0,0,0,0,0,0,0,1,0,0,0,1,1,0,0,0
71547,0,NA,de,Fascination,0.219799,10/13/04,0,95,Released,Fascination,3.8,4,0,0,0,0,0,0,0,0,0,0,0,0,0,0,1,0,1,0,0,0
71552,50000000,http://www.americanreunionmovie.com/,en,American Reunion,39.920035,4/4/12,234989584,113,Released,American Reunion,6.1,1611,0,0,0,1,0,0,0,0,0,0,0,0,0,0,0,0,0,0,0,0
71676,57000000,http://www.thespiritofvengeance.com/,en,Ghost Rider: Spirit of Vengeance,48.622278,12/10/11,149217355,95,Released,Ghost Rider: Spirit of Vengeance,4.7,1135,1,0,0,0,0,0,0,0,1,0,0,0,0,0,0,0,1,0,0,0
71679,65000000,http://www.residentevil-movie.com/site/,en,Resident Evil: Retribution,6.227675,9/12/12,240159255,95,Released,Resident Evil: Retribution,5.6,1600,1,0,0,0,0,0,0,0,0,0,0,1,0,0,0,1,0,0,0,0
71688,13000000,http://weinsteinco.com/sites/iron-lady/,en,The Iron Lady,23.3784,12/30/11,114956699,105,Released,The Iron Lady,6.2,527,0,0,0,0,0,0,1,0,0,0,1,0,0,0,0,0,0,0,0,0
71805,0,NA,en,Håkon Håkonsen,0.702971,10/3/90,0,92,Released,Shipwrecked,6.1,14,0,1,0,0,0,0,0,1,0,0,0,0,0,0,0,0,0,0,0,0
71859,7000000,http://kevin.oscilloscope.net/,en,We Need to Talk About Kevin,21.276864,9/28/11,6038942,112,Released,We Need to Talk About Kevin,7.4,677,0,0,0,0,0,0,1,0,0,0,0,0,0,0,0,0,1,0,0,0
71864,0,http://disney.go.com/disneypictures/the-odd-life-of-timothy-green/,en,The Odd Life of Timothy Green,16.394452,8/15/12,51854875,105,Released,The Odd Life of Timothy Green,6.5,386,0,0,0,1,0,0,1,1,1,0,0,0,0,0,0,0,0,0,0,0
71866,0,http://www.tannerhallthefilm.com/,en,Tanner Hall,2.015525,9/14/09,0,96,Released,Tanner Hall,5.4,32,0,0,0,0,0,0,1,0,0,0,0,0,0,0,0,0,0,0,0,0
71880,79000000,http://www.jackandjill-movie.com/,en,Jack and Jill,22.132418,11/11/11,149673788,91,Released,Jack and Jill,4.1,604,0,0,0,1,0,0,0,0,0,0,0,0,0,0,0,0,0,0,0,0
72086,0,NA,en,The Night Visitor,0.074005,1/1/71,0,106,Released,The Night Visitor,7.3,6,0,0,0,0,1,0,0,0,0,0,0,1,0,0,0,0,0,0,0,0
72105,50000000,http://www.tedisreal.com/,en,Ted,68.87691,6/29/12,549368315,106,Released,Ted,6.3,4697,0,0,0,1,0,0,0,0,1,0,0,0,0,0,0,0,0,0,0,0
72113,25000000,http://www.sonyclassics.com/carnage/site/index.html,en,Carnage,20.011435,9/16/11,27603069,80,Released,Carnage,7,738,0,0,0,1,0,0,1,0,0,0,0,0,0,0,0,0,0,0,0,0
72190,200000000,http://www.worldwarzmovie.com,en,World War Z,81.834855,6/20/13,531865e3,116,Released,World War Z,6.7,5560,1,0,0,0,0,0,1,0,0,0,0,1,0,0,0,1,1,0,0,0
72197,60000000,NA,en,The Pirates! In an Adventure with Scientists!,23.700759,3/12/12,118338361,88,Released,The Pirates! In an Adventure with Scientists!,6.4,374,0,1,1,1,0,0,0,1,0,0,0,0,0,0,0,0,0,0,0,0
72207,30000000,http://www.thefiveyearengagementmovie.com/,en,The Five-Year Engagement,27.71063,4/27/12,53909751,124,Released,The Five-Year Engagement,5.7,457,0,0,0,1,0,0,0,0,0,0,0,0,0,0,0,0,0,0,0,0
72213,1000000,http://www.courageousthemovie.com,en,Courageous,5.961119,9/30/11,34522221,129,Released,Courageous,6.8,77,0,0,0,0,0,0,1,0,0,0,0,0,0,0,0,0,0,0,0,0
72331,69000000,NA,en,Abraham Lincoln: Vampire Hunter,38.634767,6/20/12,112265139,94,Released,Abraham Lincoln: Vampire Hunter,5.5,1269,1,0,0,0,0,0,0,0,1,0,0,1,0,0,0,0,0,0,0,0
72358,40000000,http://www.thousandwordsmovie.com/,en,A Thousand Words,13.119133,3/7/12,22044277,91,Released,A Thousand Words,6,373,0,0,0,1,0,0,1,0,0,0,0,0,0,0,0,0,0,0,0,0
72359,15,http://www.peeplesmovie.com/,en,Peeples,5.112809,5/9/13,0,95,Released,Peeples,5.6,26,0,0,0,1,0,0,0,0,0,0,0,0,0,0,0,0,0,0,0,0
72387,30000000,http://www.safethefilm.com/,en,Safe,31.92695,4/16/12,40346186,94,Released,Safe,6.3,799,1,0,0,0,1,0,0,0,0,0,0,0,0,0,0,0,1,0,0,0
72431,58000000,http://www.redtails2012.com/,en,Red Tails,12.29603,1/19/12,50365377,125,Released,Red Tails,5.9,178,1,1,0,0,0,0,1,0,0,0,1,0,0,0,0,0,0,0,1,0
72545,79000000,http://www.themysteriousisland.com/,en,Journey 2: The Mysterious Island,40.723459,1/19/12,355692760,94,Released,Journey 2: The Mysterious Island,5.8,1030,1,1,0,0,0,0,0,0,0,0,0,0,0,0,0,1,0,0,0,0
72559,130000000,http://www.gijoemovie.com,en,G.I. Joe: Retaliation,59.325589,3/26/13,371876278,110,Released,G.I. Joe: Retaliation,5.4,3025,1,1,0,0,0,0,0,0,0,0,0,0,0,0,0,1,1,0,0,0
72570,30000000,NA,en,The Vow,26.780961,2/5/12,196114570,104,Released,The Vow,7,1293,0,0,0,0,0,0,1,0,0,0,0,0,0,0,1,0,0,0,0,0
72571,5000000,http://www.paranormalmovie.com/,en,Paranormal Activity 3,29.15813,10/19/11,205703818,83,Released,Paranormal Activity 3,5.9,669,0,0,0,0,0,0,0,0,0,0,0,1,0,0,0,0,0,0,0,0
72710,44000000,NA,en,The Host,42.933027,3/22/13,63327201,125,Released,The Host,6,1817,1,1,0,0,0,0,0,0,0,0,0,0,0,0,1,1,1,0,0,0
72766,9000,NA,en,Newlyweds,0.642552,12/26/11,0,85,Released,Newlyweds,5.9,5,0,0,0,1,0,0,0,0,0,0,0,0,0,0,1,0,0,0,0,0
72913,1200000,http://www3.amigomovie.com/,en,Amigo,0.193172,7/14/10,0,128,Released,Amigo,6,2,0,0,0,0,0,0,1,0,0,0,1,0,0,0,0,0,0,0,1,0
72914,0,http://www.fatsickandnearlydead.com,en,"Fat, Sick & Nearly Dead",0.545825,4/16/10,0,97,Released,"Fat, Sick & Nearly Dead",7.1,47,0,0,0,0,0,1,0,0,0,0,0,0,0,0,0,0,0,0,0,0
72976,65000000,NA,en,Lincoln,36.307296,11/9/12,275293450,149,Released,Lincoln,6.7,1429,0,0,0,0,0,0,1,0,0,0,1,0,0,0,0,0,0,0,0,0
73191,19000000,NA,en,The Nutcracker,0.068228,11/24/93,2119994,93,Released,The Nutcracker,5.6,5,0,0,0,0,0,0,0,1,1,0,0,0,1,0,0,0,0,0,0,0
73247,10000000,NA,en,Heartbeeps,0.518056,12/18/81,2154696,79,Released,Heartbeeps,3.8,6,0,0,0,1,0,0,0,1,0,0,0,0,0,0,1,0,0,0,0,0
73511,0,NA,en,The Californians,0.218736,10/21/05,0,91,Released,The Californians,4,1,0,0,0,1,0,0,1,0,0,0,0,0,0,0,0,0,0,0,0,0
73532,3850000,http://janusfilms.com/lehavre/,fr,Le Havre,10.787322,5/17/11,0,93,Released,Le Havre,6.8,97,0,0,0,1,0,0,1,0,0,0,0,0,0,0,0,0,0,0,0,0
73567,10000000,http://killerjoethemovie.com/,en,Killer Joe,16.436178,9/10/11,3665069,102,Released,Killer Joe,6.5,425,0,0,0,0,1,0,1,0,0,0,0,0,0,0,0,0,1,0,0,0
73873,8000000,http://albertnobbs-themovie.com,en,Albert Nobbs,7.802245,12/21/11,5634828,113,Released,Albert Nobbs,6.2,132,0,0,0,0,0,0,1,0,0,0,0,0,0,0,0,0,0,0,0,0
73935,16000000,NA,en,Vamps,7.251897,8/25/12,0,93,Released,Vamps,4.8,91,0,0,0,1,0,0,0,0,0,0,0,1,0,0,1,0,0,0,0,0
73937,41000000,NA,en,The Big Year,9.419726,10/13/11,7448385,100,Released,The Big Year,5.6,248,0,0,0,1,0,0,0,0,0,0,0,0,0,0,0,0,0,0,0,0
73981,300000,NA,en,Ayurveda: Art of Being,0.055868,9/20/01,2074e3,101,Released,Ayurveda: Art of Being,5.5,3,0,0,0,0,0,1,0,0,0,0,0,0,0,0,0,0,0,0,0,0
74084,0,NA,hi,दिल जो भी कहे,0.122704,12/7/06,0,0,Released,Dil Jo Bhi Kahey...,0,0,0,0,0,0,0,0,0,0,0,0,0,0,0,0,1,0,0,0,0,0
74457,0,NA,en,Redemption Road,0.197264,8/26/11,0,91,Released,Redemption Road,4.7,6,0,0,0,0,0,0,1,0,0,0,0,0,0,0,0,0,0,0,0,0
74465,50000000,http://www.weboughtazoo.com/,en,We Bought a Zoo,38.629763,12/22/11,120081841,124,Released,We Bought a Zoo,6.5,909,0,0,0,1,0,0,1,1,0,0,0,0,0,0,0,0,0,0,0,0
74510,0,http://www.kevinhartlaughatmypain.com/,en,Kevin Hart: Laugh at My Pain,5.4988340000000004,9/9/11,0,89,Released,Kevin Hart: Laugh at My Pain,7.7,43,0,0,0,1,0,1,0,0,0,0,0,0,0,0,0,0,0,0,0,0
74534,10000000,http://www.foxsearchlight.com/thebestexoticmarigoldhotel/,en,The Best Exotic Marigold Hotel,21.258991,11/28/11,136836156,124,Released,The Best Exotic Marigold Hotel,6.9,459,0,0,0,1,0,0,1,0,0,0,0,0,0,0,0,0,0,0,0,0
74536,15000000,NA,en,The Son of No One,7.701186,11/4/11,0,NA,Released,The Son of No One,4.8,92,0,0,0,0,1,0,1,0,0,0,0,0,0,0,0,0,1,0,0,0
74643,15000000,http://www.warnerbros.fr/the-artist,en,The Artist,29.943316,5/15/11,133432856,100,Released,The Artist,7.3,1049,0,0,0,1,0,0,1,0,0,0,0,0,0,0,1,0,0,0,0,0
74725,500000,http://www.kill-list.com/,en,Kill List,12.203041,9/2/11,171760,95,Released,Kill List,6,210,0,0,0,0,1,0,0,0,0,0,0,1,0,0,0,0,1,0,0,0
74777,70000,NA,en,Absentia,6.328665,3/3/11,0,92,Released,Absentia,5.8,121,0,0,0,0,0,0,0,0,0,0,0,1,0,1,0,0,1,0,0,0
75033,15000000,http://www.dfilmscorp.ca/,en,Winnie Mandela,1.897761,9/16/11,0,NA,Released,Winnie Mandela,5.2,5,0,0,0,0,0,0,1,0,0,0,0,0,0,0,0,0,0,0,0,0
75174,25000000,http://www.thegreythemovie.com/,en,The Grey,48.552871,1/26/12,77278331,117,Released,The Grey,6.4,1451,1,0,0,0,0,0,1,0,0,0,0,0,0,0,0,0,1,0,0,0
75531,36000000,NA,de,Isn't She Great,1.068453,1/28/00,3003296,95,Released,Isn't She Great,4.6,14,0,0,0,1,0,0,1,0,0,0,0,0,0,0,0,0,0,0,0,0
75612,120000000,https://www.uphe.com/movies/oblivion,en,Oblivion,67.698004,4/10/13,286168572,124,Released,Oblivion,6.4,4800,1,1,0,0,0,0,0,0,0,0,0,0,0,1,0,1,0,0,0,0
75638,14000000,NA,en,Red Lights,22.748174,3/2/12,13551174,119,Released,Red Lights,6,376,0,0,0,0,0,0,0,0,0,0,0,0,0,0,0,0,1,0,0,0
75656,75000000,NA,en,Now You See Me,71.124686,5/29/13,117698894,115,Released,Now You See Me,7.3,5487,0,0,0,0,1,0,0,0,0,0,0,0,0,0,0,0,1,0,0,0
75674,12000000,http://www.actofvalor.com/,en,Act of Valor,21.958055,2/24/12,81272766,110,Released,Act of Valor,6.3,417,1,0,0,0,0,0,0,0,0,0,0,0,0,0,0,0,1,0,1,0
75780,60000000,http://www.jackreachermovie.com/,en,Jack Reacher,56.868399,12/20/12,218340595,130,Released,Jack Reacher,6.3,2998,0,0,0,0,1,0,1,0,0,0,0,0,0,0,0,0,1,0,0,0
75861,3400000,http://www.reneethemovie.com/,en,To Write Love on Her Arms,6.723057,3/13/15,0,118,Released,To Write Love on Her Arms,6.8,47,0,0,0,0,0,0,1,0,0,0,0,0,1,0,0,0,0,0,0,0
75900,6400000,http://myweekwithmarilynmovie.com/,en,My Week with Marilyn,21.006078,10/17/11,35057696,99,Released,My Week with Marilyn,6.6,406,0,0,0,0,0,0,1,0,0,0,0,0,0,0,0,0,0,0,0,0
75986,550000,NA,en,Love Letters,0.001586,4/1/83,0,98,Released,Love Letters,4.6,4,0,0,0,0,0,0,1,0,0,0,0,0,0,0,0,0,1,0,0,0
76025,6500000,http://www.foxsearchlight.com/shame/,en,Shame,40.688426,10/2/11,17693675,100,Released,Shame,7,875,0,0,0,0,0,0,1,0,0,0,0,0,0,0,0,0,0,0,0,0
76163,100000000,http://theexpendables2film.com/,en,The Expendables 2,53.732892,8/8/12,312573423,103,Released,The Expendables 2,6.1,2896,1,1,0,0,0,0,0,0,0,0,0,0,0,0,0,0,1,0,0,0
76170,120000000,http://www.thewolverinemovie.com,en,The Wolverine,15.953444,7/23/13,415440673,126,Released,The Wolverine,6.3,4053,1,1,0,0,0,0,0,0,1,0,0,0,0,0,0,1,0,0,0,0
76203,20000000,NA,en,12 Years a Slave,95.9229,10/18/13,187e6,134,Released,12 Years a Slave,7.9,3674,0,0,0,0,0,0,1,0,0,0,1,0,0,0,0,0,0,0,0,0
76285,90000000,http://www.percyjacksonthemovie.com/us/#!/home,en,Percy Jackson: Sea of Monsters,40.262261,8/7/13,174578751,106,Released,Percy Jackson: Sea of Monsters,5.9,1648,0,1,0,0,0,0,0,1,1,0,0,0,0,0,0,0,0,0,0,0
76338,170000000,http://marvel.com/thor,en,Thor: The Dark World,99.499595,10/29/13,644571402,112,Released,Thor: The Dark World,6.8,4755,1,1,0,0,0,0,0,0,1,0,0,0,0,0,0,0,0,0,0,0
76341,150000000,http://www.madmaxmovie.com/,en,Mad Max: Fury Road,434.278564,5/13/15,378858340,120,Released,Mad Max: Fury Road,7.2,9427,1,1,0,0,0,0,0,0,0,0,0,0,0,0,0,1,1,0,0,0
76349,30000000,http://www.1911movie.com/,zh,辛亥革命,4.065212,7/3/11,108348,125,Released,1911,5,41,1,1,0,0,0,0,1,0,0,0,1,0,0,0,0,0,0,0,1,0
76487,1000000,http://www.devilinsidemovie.com,en,The Devil Inside,13.152822,1/6/12,101758490,83,Released,The Devil Inside,4.6,262,0,0,0,0,0,0,0,0,0,0,0,1,0,0,0,0,1,0,0,0
76489,30000000,http://www.threestooges.com/movie/index.htm,en,The Three Stooges,14.585968,4/13/12,54819301,92,Released,The Three Stooges,4.9,140,0,0,0,1,0,0,0,0,0,0,0,0,0,0,0,0,0,0,0,0
76492,85000000,http://www.welcometohotelt.com,en,Hotel Transylvania,56.257411,9/20/12,358375603,91,Released,Hotel Transylvania,6.8,2566,0,0,1,1,0,0,0,1,1,0,0,0,0,0,0,0,0,0,0,0
76493,65000000,http://www.dictatorthemovie.com/,en,The Dictator,31.349143,5/15/12,179379533,83,Released,The Dictator,5.9,1743,0,0,0,1,0,0,0,0,0,0,0,0,0,0,0,0,0,0,0,0
76494,40000000,http://whattoexpectthefilm.com/,en,What to Expect When You're Expecting,27.009723,5/17/12,797e5,110,Released,What to Expect When You're Expecting,5.8,594,0,0,0,1,0,0,1,0,0,0,0,0,0,0,1,0,0,0,0,0
76617,20000000,NA,en,Texas Chainsaw 3D,26.497025,1/3/13,47241945,92,Released,Texas Chainsaw 3D,5.3,465,0,0,0,0,0,0,0,0,0,0,0,1,0,0,0,0,1,0,0,0
76640,30000000,http://www.thelaststandfilm.com,en,The Last Stand,43.882857,1/12/13,0,107,Released,The Last Stand,5.7,1266,1,0,0,0,1,0,0,0,0,0,0,0,0,0,0,0,1,0,0,0
76649,130000000,NA,en,Pompeii,50.561849,2/18/14,117831631,105,Released,Pompeii,5.2,1267,1,1,0,0,0,0,1,0,0,0,1,0,0,0,1,0,0,0,0,0
76706,0,NA,en,Christmas Mail,0.630226,12/1/10,0,89,Released,Christmas Mail,5,15,0,0,0,1,0,0,0,1,0,0,0,0,0,0,0,0,0,0,0,0
76726,15000000,NA,en,Chronicle,64.504747,2/1/12,145e6,84,Released,Chronicle,6.6,1935,0,0,0,0,0,0,1,0,0,0,0,0,0,0,0,1,1,0,0,0
76757,176000003,http://www.jupiterascending.com,en,Jupiter Ascending,85.36908,2/4/15,183987723,124,Released,Jupiter Ascending,5.2,2768,1,1,0,0,0,0,0,0,1,0,0,0,0,0,0,1,0,0,0,0
76758,94000000,http://www.theflowersofwarmovie.com/,zh,金陵十三釵,12.516546,12/15/11,95311434,145,Released,The Flowers of War,7.1,187,0,0,0,0,0,0,1,0,0,0,1,0,0,0,0,0,0,0,1,0
76996,0,NA,it,Love and Other Catastrophes,0.619348,8/1/96,0,78,Released,Love and Other Catastrophes,5.8,9,0,0,0,1,0,0,0,0,0,0,0,0,0,0,1,0,0,0,0,0
77016,7000000,NA,en,End of Watch,49.517264,9/20/12,48126384,109,Released,End of Watch,7.2,1170,0,0,0,0,1,0,1,0,0,0,0,0,0,0,0,0,1,0,0,0
77156,0,NA,en,Alien Zone,3.72e-4,11/22/78,0,90,Released,Alien Zone,4,3,1,0,0,0,0,0,0,0,0,0,0,1,0,0,0,1,1,0,0,0
77174,60000000,http://paranorman.com,en,ParaNorman,39.539045,8/3/12,107139399,90,Released,ParaNorman,6.7,789,0,1,1,1,0,0,0,1,0,0,0,0,0,0,0,0,0,0,0,0
77332,0,NA,en,Urbania,0.065155,1/24/00,0,103,Released,Urbania,5.2,10,0,0,0,0,0,0,1,0,0,0,0,0,0,0,1,0,0,0,0,0
77459,25000000,NA,fr,Un monstre à Paris,17.375562,10/12/11,0,90,Released,A Monster in Paris,6.5,313,0,1,1,1,0,0,0,1,1,0,0,0,0,0,0,0,0,0,0,0
77495,5000000,http://www.mientrasduermeslapelicula.com/,es,Mientras duermes,9.136965,10/14/11,0,107,Released,Sleep Tight,7,202,0,0,0,0,0,0,0,0,0,0,0,0,0,0,0,0,1,0,0,0
77866,25000000,http://www.contrabandmovie.net,en,Contraband,31.364901,1/12/12,631e5,109,Released,Contraband,6.1,770,1,0,0,0,1,0,1,0,0,0,0,0,0,0,0,0,1,0,0,0
77875,35000000,NA,en,Playing for Keeps,17.932561,11/29/12,0,106,Released,Playing for Keeps,5.4,240,0,0,0,1,0,0,0,0,0,0,0,0,0,0,1,0,0,0,0,0
77877,25000000,http://theluckyonemovie.warnerbros.com/,en,The Lucky One,26.811541,4/19/12,99357138,101,Released,The Lucky One,6.8,946,0,0,0,0,0,0,1,0,0,0,0,0,0,0,1,0,0,0,0,0
77883,14000000,http://www.thepossessionmovie.com/,en,The Possession,21.680424,8/30/12,85446075,92,Released,The Possession,5.8,498,0,0,0,0,0,0,0,0,0,0,0,1,0,0,0,0,1,0,0,0
77930,7000000,http://magicmikemovie.warnerbros.com,en,Magic Mike,35.897151,6/28/12,167221571,110,Released,Magic Mike,6.1,1040,0,0,0,1,0,0,1,0,0,0,0,0,0,0,0,0,0,0,0,0
77931,105000000,http://smurfhappens.com,en,The Smurfs 2,32.473628,7/30/13,347434178,105,Released,The Smurfs 2,5.5,695,0,0,1,1,0,0,0,1,1,0,0,0,0,0,0,0,0,0,0,0
77934,250000,http://www.thechristmasbunny.com/,en,The Christmas Bunny,0.065103,11/28/10,0,96,Released,The Christmas Bunny,5.7,7,0,0,0,0,0,0,1,1,0,0,0,0,0,0,0,0,0,0,0,0
77948,20000000,NA,en,The Cold Light of Day,15.131867,4/4/12,16863583,93,Released,The Cold Light of Day,4.8,271,1,0,0,0,0,0,0,0,0,0,0,0,0,0,0,0,1,0,0,0
77949,4798235,NA,en,The Awakening,25.30216,8/17/11,209696,107,Released,The Awakening,6.3,458,0,0,0,0,0,0,0,0,0,0,0,1,0,0,0,0,1,0,0,0
77950,135000000,http://www.turbomovie.com/,en,Turbo,44.765377,7/11/13,282570682,96,Released,Turbo,6.1,1074,0,0,1,0,0,0,0,1,0,0,0,0,0,0,0,0,0,0,0,0
77951,80000000,http://www.walkingwithdinosaurs.com/movie/,en,Walking With Dinosaurs,10.088006,12/18/13,126546518,87,Released,Walking With Dinosaurs,5.2,133,0,1,1,0,0,0,0,1,0,0,0,0,0,0,0,0,0,0,0,0
77953,0,NA,en,The Campaign,16.460356,8/9/12,104907746,85,Released,The Campaign,5.6,578,0,0,0,1,0,0,0,0,0,0,0,0,0,0,0,0,0,0,0,0
77987,4800000,NA,en,Only God Forgives,35.754865,5/30/13,10337387,90,Released,Only God Forgives,5.6,862,0,0,0,0,1,0,1,0,0,0,0,0,0,0,0,0,1,0,0,0
78149,10000000,NA,en,"An Alan Smithee Film: Burn, Hollywood, Burn",0.666218,2/20/98,45779,86,Released,"An Alan Smithee Film: Burn, Hollywood, Burn",3,9,0,0,0,1,0,0,0,0,0,0,0,0,0,0,0,0,0,0,0,0
78307,0,http://www.ontheouts.com/,en,On the Outs,0.493223,9/11/04,0,86,Released,On the Outs,5.9,6,0,0,0,0,0,0,1,0,0,0,0,0,0,0,0,0,0,0,0,0
78373,0,NA,en,"Dancer, Texas Pop. 81",0.376662,5/1/98,565592,97,Released,"Dancer, Texas Pop. 81",10,1,0,0,0,1,0,0,1,1,0,0,0,0,0,0,0,0,0,0,0,0
78381,7000000,http://www.twixtmovie.com/,en,Twixt,5.060656,9/10/11,0,84,Released,Twixt,5,85,0,0,0,0,0,0,0,0,0,0,0,1,0,0,0,0,1,0,0,0
78383,10,NA,en,Nurse 3-D,10.013629,9/28/13,1e7,99,Released,Nurse 3-D,4.9,119,0,0,0,0,0,0,0,0,0,0,0,1,0,0,0,0,1,0,0,0
78394,5000000,NA,en,Sea Rex 3D: Journey to a Prehistoric World,4.498368,5/14/10,4074023,41,Released,Sea Rex 3D: Journey to a Prehistoric World,5.9,11,0,0,0,0,0,1,0,0,0,0,0,0,0,0,0,0,0,0,0,0
78698,40000000,http://www.everybodyloveswhales.com/,en,Big Miracle,8.303696,2/2/12,24719215,107,Released,Big Miracle,6.6,152,0,1,0,0,0,0,1,0,0,0,0,0,0,0,1,0,0,0,0,0
78705,0,NA,en,Cama adentro,0.038706,9/21/04,0,83,Released,Live-In Maid,7.8,3,0,0,0,0,0,0,1,0,0,1,0,0,0,0,0,0,0,0,0,0
78814,0,NA,en,We Have Your Husband,0.102003,11/12/11,0,89,Released,We Have Your Husband,5,3,0,0,0,0,1,0,1,0,0,0,0,0,0,0,0,0,1,1,0,0
79120,8000,http://weekenderfilm.tumblr.com/,en,Weekend,1.041254,9/22/11,469947,96,Released,Weekend,7.4,163,0,0,0,0,0,0,1,0,0,0,0,0,0,0,1,0,0,0,0,0
79161,0,http://www.51birchstreet.com/index.php,en,51 Birch Street,0.049921,10/18/06,0,90,Released,51 Birch Street,6.8,6,0,0,0,0,0,1,0,0,0,0,0,0,0,0,0,0,0,0,0,0
79316,7000000,NA,en,Devil's Due,14.741589,1/8/14,36433975,89,Released,Devil's Due,4.4,216,0,0,0,0,0,0,0,0,0,0,0,1,0,0,0,0,0,0,0,0
79587,3,NA,en,Four Single Fathers,0.008263,1/15/09,0,100,Released,Four Single Fathers,0,0,0,0,0,1,0,0,1,0,0,0,0,0,0,0,0,0,0,0,0,0
79694,17000000,http://theapparition.warnerbros.com,en,The Apparition,6.385234,8/23/12,9627492,82,Released,The Apparition,4.5,140,0,0,0,0,0,0,0,0,0,0,0,1,0,0,0,0,1,0,0,0
79698,27000000,NA,en,The Lovers,2.418535,2/13/15,0,109,Released,The Lovers,4.8,34,1,1,0,0,0,0,0,0,0,0,0,0,0,0,1,1,0,0,0,0
79777,10000000,http://www.inthelandofbloodandhoney.com/,en,In the Land of Blood and Honey,4.267466,12/23/11,303877,127,Released,In the Land of Blood and Honey,5.8,45,0,0,0,0,0,0,1,0,0,0,0,0,0,0,1,0,0,0,1,0
79940,0,NA,en,Tim and Eric's Billion Dollar Movie,1.75311,3/2/12,0,94,Released,Tim and Eric's Billion Dollar Movie,5.2,34,0,0,0,1,0,0,0,0,0,0,0,0,0,0,0,0,0,0,0,0
80035,68000000,NA,en,The Watch,39.395881,7/26/12,68267862,98,Released,The Watch,5.3,881,0,0,0,1,0,0,0,0,0,0,0,0,0,0,0,0,0,0,0,0
80215,0,http://www.indiegamethemovie.com,en,Indie Game: The Movie,7.676677,5/18/12,0,96,Released,Indie Game: The Movie,7.4,203,0,0,0,0,0,1,0,0,0,0,0,0,0,0,0,0,0,0,0,0
80271,11000000,NA,en,LOL,31.763201,2/10/12,0,97,Released,LOL,5.9,881,0,0,0,1,0,0,1,0,0,0,0,0,0,0,1,0,0,0,0,0
80274,110000000,http://www.if-sentinel.com/,en,Ender's Game,45.94834,10/23/13,125537191,114,Released,Ender's Game,6.6,2303,1,1,0,0,0,0,0,0,0,0,0,0,0,0,0,1,0,0,0,0
80278,42000000,NA,en,Lo imposible,47.559928,9/9/12,180274123,113,Released,The Impossible,7,2025,0,0,0,0,0,0,1,0,0,0,0,0,0,0,0,0,1,0,0,0
80304,0,http://www.casademipadremovie.com/,en,Casa De Mi Padre,5.754416,3/15/12,0,84,Released,Casa De Mi Padre,5.5,103,0,0,0,1,0,0,0,0,0,0,0,0,0,0,0,0,0,0,0,1
80321,145000000,NA,en,Madagascar 3: Europe's Most Wanted,44.989192,6/6/12,746921274,93,Released,Madagascar 3: Europe's Most Wanted,6.4,1808,0,0,1,0,0,0,0,1,0,0,0,0,0,0,0,0,0,0,0,0
80468,300000,http://someguywhokillspeople.com/,en,Some Guy Who Kills People,2.733725,4/14/11,0,97,Released,Some Guy Who Kills People,5.7,45,0,0,0,1,0,0,0,0,0,0,0,1,0,0,0,0,1,0,0,0
80585,75000000,http://www.warnerbros.com/rock-ages,en,Rock of Ages,23.515938,6/13/12,59418613,123,Released,Rock of Ages,6,385,0,0,0,1,0,0,1,0,0,0,0,0,1,0,1,0,0,0,0,0
81005,195000000,http://jackthegiantkiller.warnerbros.com,en,Jack the Giant Slayer,43.349855,2/27/13,197687603,114,Released,Jack the Giant Slayer,5.5,2598,1,0,0,0,0,0,0,1,1,0,0,0,0,0,0,0,0,0,0,0
81188,145000000,http://www.riseoftheguardians.com/,en,Rise of the Guardians,61.788035,11/21/12,306941670,97,Released,Rise of the Guardians,7.1,1922,0,0,1,0,0,0,0,1,1,0,0,0,0,0,0,0,0,0,0,0
81220,500000,NA,en,Everything Put Together,0.046903,11/2/01,0,87,Released,Everything Put Together,5,2,0,0,0,0,0,0,1,0,0,0,0,0,0,0,0,0,0,0,0,0
81390,4000000,NA,en,A Lonely Place to Die,8.30723,4/9/11,25345e3,99,Released,A Lonely Place to Die,6.2,157,1,1,0,0,1,0,0,0,0,0,0,0,0,0,0,0,1,0,0,0
81796,20000000,http://www.lockoutfilm.com/,en,Lockout,35.232278,4/12/12,32204030,95,Released,Lockout,5.8,715,1,0,0,0,0,0,0,0,0,0,0,0,0,0,0,1,1,0,0,0
81836,17000000,NA,en,To Rome with Love,15.013386,4/20/12,73244881,111,Released,To Rome with Love,5.6,546,0,0,0,1,0,0,0,0,0,0,0,0,0,0,1,0,0,0,0,0
82505,6900000,NA,en,House at the End of the Street,25.613197,9/21/12,44287131,101,Released,House at the End of the Street,5.6,555,0,0,0,0,0,0,0,0,0,0,0,1,0,0,0,0,1,0,0,0
82507,3000000,NA,en,Sinister,41.045084,3/29/12,77712439,110,Released,Sinister,6.7,1573,0,0,0,0,0,0,0,0,0,0,0,1,0,1,0,0,1,0,0,0
82525,45000000,http://www.savagesfilm.com/,en,Savages,31.856589,7/6/12,82966152,131,Released,Savages,6.2,766,0,0,0,0,1,0,1,0,0,0,0,0,0,0,0,0,1,0,0,0
82532,10000000,NA,en,"Jeff, Who Lives at Home",10.409155,9/13/11,4417580,83,Released,"Jeff, Who Lives at Home",6.1,217,0,0,0,1,0,0,1,0,0,0,0,0,0,0,0,0,0,0,0,0
82533,0,http://www.sonyclassics.com/damselsindistress/,en,Damsels in Distress,3.750338,4/6/12,0,99,Released,Damsels in Distress,5.6,67,0,0,0,1,0,0,0,0,0,0,0,0,0,0,1,0,0,0,0,0
82631,0,NA,en,Won't Back Down,2.366251,9/28/12,5310554,121,Released,Won't Back Down,5.8,40,0,0,0,0,0,0,1,0,0,0,0,0,0,0,0,0,0,0,0,0
82650,22000000,NA,en,Diary of a Wimpy Kid: Dog Days,13.410919,8/2/12,77112176,94,Released,Diary of a Wimpy Kid: Dog Days,6,223,0,0,0,1,0,0,0,1,0,0,0,0,0,0,0,0,0,0,0,0
82654,35000000,NA,en,Warm Bodies,43.742241,1/31/13,116980662,97,Released,Warm Bodies,6.4,2652,0,0,0,1,0,0,0,0,0,0,0,1,0,0,1,0,0,0,0,0
82675,45000000,NA,en,Taken 2,49.353524,9/27/12,376141306,91,Released,Taken 2,6.1,2757,1,0,0,0,1,0,0,0,0,0,0,0,0,0,0,0,1,0,0,0
82679,14000000,NA,en,Fun Size,7.487843,10/25/12,11417362,87,Released,Fun Size,5.5,134,0,0,0,1,0,0,0,0,0,0,0,0,0,0,0,0,0,0,0,0
82682,60000000,http://gangstersquad.warnerbros.com/,en,Gangster Squad,29.041198,1/10/13,105200903,113,Released,Gangster Squad,6.2,1778,1,0,0,0,1,0,1,0,0,0,0,0,0,0,0,0,1,0,0,0
82684,0,NA,en,Chasing Mavericks,13.621201,10/25/12,0,117,Released,Chasing Mavericks,7,216,0,0,0,0,0,0,1,0,0,0,0,0,0,0,0,0,0,0,0,0
82687,40000000,NA,en,The Guilt Trip,15.283444,12/19/12,41863726,95,Released,The Guilt Trip,5.4,284,0,0,0,1,0,0,0,0,0,0,0,0,0,0,0,0,0,0,0,0
82690,165000000,http://disney.go.com/wreck-it-ralph,en,Wreck-It Ralph,62.341073,11/1/12,471222889,108,Released,Wreck-It Ralph,7.1,4570,0,1,1,1,0,0,0,1,0,0,0,0,0,0,0,0,0,0,0,0
82693,21000000,http://silverliningsplaybookmovie.com/,en,Silver Linings Playbook,63.599973,9/8/12,205738714,122,Released,Silver Linings Playbook,6.9,4742,0,0,0,1,0,0,1,0,0,0,0,0,0,0,1,0,0,0,0,0
82695,61000000,http://www.lesmiserablesfilm.com,en,Les Misérables,48.356214,12/18/12,441809770,157,Released,Les Misérables,7.1,1884,0,0,0,0,0,0,1,0,0,0,0,0,1,0,1,0,0,0,0,0
82696,30000000,NA,en,Hope Springs,12.967137,8/7/12,114281051,100,Released,Hope Springs,5.8,284,0,0,0,1,0,0,1,0,0,0,0,0,0,0,1,0,0,0,0,0
82700,130000000,NA,en,After Earth,42.840582,5/30/13,243843127,100,Released,After Earth,5,2532,1,1,0,0,0,0,0,0,0,0,0,0,0,0,0,1,0,0,0,0
82702,145000000,http://www.howtotrainyourdragon.com/,en,How to Train Your Dragon 2,100.21391,6/12/14,609123048,102,Released,How to Train Your Dragon 2,7.6,3106,1,1,1,1,0,0,0,1,1,0,0,0,0,0,0,0,0,0,0,0
82703,145000000,NA,en,Mr. Peabody & Sherman,38.73494,2/7/14,272912430,92,Released,Mr. Peabody & Sherman,6.7,843,0,1,1,0,0,0,0,1,0,0,0,0,0,0,0,0,0,0,0,0
82990,5000000,NA,en,Paranormal Activity 4,20.326337,10/17/12,142817992,95,Released,Paranormal Activity 4,5.2,563,0,0,0,0,0,0,0,0,0,0,0,1,0,0,0,0,0,0,0,0
83542,102000000,http://cloudatlas.warnerbros.com/,en,Cloud Atlas,73.872343,10/26/12,130482868,172,Released,Cloud Atlas,6.6,2977,0,0,0,0,0,0,1,0,0,0,0,0,0,0,0,1,0,0,0,0
83588,0,NA,en,Middle of Nowhere,2.836537,10/12/12,0,101,Released,Middle of Nowhere,6.6,7,0,0,0,0,0,0,1,0,0,0,0,0,0,0,0,0,0,0,0,0
83666,16000000,http://www.moonrisekingdom.com,en,Moonrise Kingdom,41.083914,5/16/12,68263166,94,Released,Moonrise Kingdom,7.6,1662,0,0,0,1,0,0,1,0,0,0,0,0,0,0,1,0,0,0,0,0
83686,6000000,http://www.thewordsmovie.com/,en,The Words,14.988746,9/7/12,13231461,96,Released,The Words,6.4,379,0,0,0,0,0,0,1,0,0,0,0,0,0,0,0,0,1,0,0,0
83770,25000000,http://www.ontheroad-themovie.com/?lang=en,en,On the Road,14.613152,5/22/12,8784318,137,Released,On the Road,5.5,301,0,1,0,0,0,0,1,0,0,0,0,0,0,0,0,0,0,0,0,0
83860,0,http://www.octoberbabymovie.net/,en,October Baby,1.86221,10/30/11,5355847,107,Released,October Baby,6.8,35,0,0,0,0,0,0,1,0,0,0,0,0,0,0,0,0,0,0,0,0
84174,3000000,https://www.facebook.com/bachelorettemovie/,en,Bachelorette,20.95282,8/6/12,11947954,87,Released,Bachelorette,5.3,444,0,0,0,1,0,0,0,0,0,0,0,0,0,0,1,0,0,0,0,0
84175,1800000,http://www.welcometothebathtub.com,en,Beasts of the Southern Wild,12.471239,6/29/12,21107746,93,Released,Beasts of the Southern Wild,6.8,403,0,0,0,0,0,0,1,0,1,0,0,0,0,0,0,0,0,0,0,0
84178,0,NA,en,Black Rock,7.207051,1/21/12,0,83,Released,Black Rock,4.9,78,0,0,0,0,0,0,0,0,0,0,0,1,0,0,0,0,1,0,0,0
84184,0,http://www.celesteandjesse.com,en,Celeste & Jesse Forever,9.436431,8/3/12,3094813,91,Released,Celeste & Jesse Forever,6.4,163,0,0,0,1,0,0,1,0,0,0,0,0,0,0,1,0,0,0,0,0
84188,0,http://www.magpictures.com/compliance/,en,Compliance,8.942203,8/23/12,319285,90,Released,Compliance,6.3,221,0,0,0,0,1,0,1,0,0,0,0,0,0,0,0,0,1,0,0,0
84197,0,NA,en,Filly Brown,0.106949,4/19/13,0,100,Released,Filly Brown,5.9,10,0,0,0,0,0,0,1,0,0,0,0,0,0,0,0,0,0,0,0,0
84200,850000,NA,en,"For a Good Time, Call...",14.238376,8/31/12,1243961,85,Released,"For a Good Time, Call...",5.8,110,0,0,0,1,0,0,0,0,0,0,0,0,0,0,0,0,0,0,0,0
84204,0,http://grabbers.ie/,en,Grabbers,9.451228,8/10/12,0,94,Released,Grabbers,6,140,0,0,0,1,0,0,0,0,0,0,0,1,0,0,0,1,1,0,0,0
84318,0,http://theotherdreamteam.com/,en,Kita svajonių komanda,0.388401,9/28/12,0,89,Released,The Other Dream Team,6.9,7,0,0,0,0,0,1,0,0,0,0,0,0,0,0,0,0,0,0,0,0
84329,2500000,http://robotandfrank-film.com/,en,Robot & Frank,23.419061,8/16/12,3325038,85,Released,Robot & Frank,6.8,450,0,0,0,1,1,0,1,0,0,0,0,0,0,0,0,1,0,0,0,0
84332,750000,NA,en,Safety Not Guaranteed,25.186002,6/8/12,4007792,85,Released,Safety Not Guaranteed,6.8,556,0,0,0,1,0,0,1,0,0,0,0,0,0,0,1,1,0,0,0,0
84355,125000,http://www.yoursisterssister-themovie.com/,en,Your Sister's Sister,12.833247,9/11/11,32e5,90,Released,Your Sister's Sister,6.5,137,0,0,0,1,0,0,1,0,0,0,0,0,0,0,0,0,0,0,0,0
84401,500000,http://sholemaleichemthemovie.com/,en,Sholem Aleichem: Laughing In The Darkness,0.109579,2/24/12,845188,93,Released,Sholem Aleichem: Laughing In The Darkness,7,2,0,0,0,0,0,1,0,0,0,0,0,0,0,0,0,0,0,0,0,0
84659,0,NA,en,The Naked Ape,0.077577,9/16/06,0,110,Rumored,The Naked Ape,5,1,0,0,0,1,0,0,1,1,0,0,0,0,0,0,0,0,0,0,0,0
84892,13000000,http://perks-of-being-a-wallflower.com/,en,The Perks of Being a Wallflower,43.444135,9/20/12,334e5,102,Released,The Perks of Being a Wallflower,7.7,2968,0,0,0,0,0,0,1,0,0,0,0,0,0,0,1,0,0,0,0,0
85350,4000000,NA,en,Boyhood,43.40352,6/5/14,44349e3,164,Released,Boyhood,7.5,1971,0,0,0,0,0,0,1,0,0,0,0,0,0,0,0,0,0,0,0,0
85446,33000000,NA,en,Step Up Revolution,29.775441,7/26/12,140470746,99,Released,Step Up Revolution,6.7,663,0,0,0,0,0,0,1,0,0,0,0,0,1,0,1,0,0,0,0,0
85860,0,NA,en,The FP,0.838957,3/13/11,0,82,Released,The FP,4.5,11,0,0,0,1,0,0,0,0,0,0,0,0,0,0,0,0,0,0,0,0
86304,0,NA,en,All Superheroes Must Die,3.545991,10/26/11,0,78,Released,All Superheroes Must Die,4.2,13,0,0,0,0,0,0,0,0,0,0,0,0,0,0,0,1,1,0,0,0
86331,1344000,NA,fr,Q,20.422246,9/14/11,0,103,Released,Desire,4.1,140,0,0,0,0,0,0,1,0,0,0,0,0,0,0,1,0,0,0,0,0
86549,0,http://erapfilms.com/august/,en,August,1.419431,6/9/11,0,100,Released,August,6.2,15,0,0,0,0,0,0,1,0,0,0,0,0,0,0,0,0,0,0,0,0
86812,0,NA,en,Sound of My Voice,6.192383,1/22/11,0,85,Released,Sound of My Voice,6.3,108,0,0,0,0,0,0,1,0,0,0,0,0,0,1,0,1,0,0,0,0
86825,12000000,http://www.foxsearchlight.com/stoker/,en,Stoker,27.322212,2/28/13,12077441,99,Released,Stoker,6.5,882,0,0,0,0,0,0,1,0,0,0,0,1,0,0,0,0,1,0,0,0
86829,11000000,http://www.cbsfilms.com/inside-llewyn-davis/,en,Inside Llewyn Davis,36.319205,10/6/13,32935319,105,Released,Inside Llewyn Davis,7.2,834,0,0,0,0,0,0,1,0,0,0,0,0,1,0,0,0,0,0,0,0
86834,125000000,http://www.noahmovie.com,en,Noah,46.115758,3/20/14,362637473,139,Released,Noah,5.6,2350,0,1,0,0,0,0,1,0,0,0,0,0,0,0,0,0,0,0,0,0
86837,8900000,NA,fr,Amour,17.151293,7/1/12,19839492,127,Released,Amour,7.5,400,0,0,0,0,0,0,1,0,0,0,0,0,0,0,1,0,0,0,0,0
86838,15000000,http://www.sevenpsychopaths.com/,en,Seven Psychopaths,32.306455,9/7/12,19422261,110,Released,Seven Psychopaths,6.7,1206,0,0,0,1,1,0,0,0,0,0,0,0,0,0,0,0,0,0,0,0
87093,10000000,NA,en,Big Eyes,28.570174,12/24/14,28883511,105,Released,Big Eyes,6.8,1196,0,0,0,0,0,0,1,0,0,0,0,0,0,0,0,0,0,0,0,0
87101,155000000,http://www.terminatormovie.com/,en,Terminator Genisys,202.042635,6/23/15,440603537,126,Released,Terminator Genisys,5.8,3631,1,1,0,0,0,0,0,0,0,0,0,0,0,0,0,1,1,0,0,0
87421,38000000,http://www.riddick-movie.com,en,Riddick,46.630062,9/2/13,98337295,119,Released,Riddick,6.2,2035,1,0,0,0,0,0,0,0,0,0,0,0,0,0,0,1,1,0,0,0
87428,70000000,http://www.sonypictures.com/movies/thatsmyboy/,en,That's My Boy,21.723897,6/14/12,58058367,116,Released,That's My Boy,5.5,453,0,0,0,1,0,0,0,0,0,0,0,0,0,0,0,0,0,0,0,0
87499,6500000,http://www.theeastmovie.com/,en,The East,16.574756,5/31/13,2401510,116,Released,The East,6.5,305,0,0,0,0,0,0,1,0,0,0,0,0,0,0,0,0,1,0,0,0
87502,31000000,http://www.paramount.com/flight,en,Flight,42.213765,11/2/12,161772375,138,Released,Flight,6.5,2415,0,0,0,0,0,0,1,0,0,0,0,0,0,0,0,0,0,0,0,0
87567,35000000,NA,en,The Big Wedding,18.84332,4/25/13,21819348,90,Released,The Big Wedding,5.7,414,0,0,0,1,0,0,0,0,0,0,0,0,0,0,0,0,0,0,0,0
87729,14000000,NA,en,Jefferson in Paris,0.900442,3/31/95,2474e3,139,Released,Jefferson in Paris,5.2,10,0,0,0,0,0,0,1,0,0,0,0,0,0,0,1,0,0,0,0,0
87818,6000000,NA,en,Movie 43,35.350303,1/1/13,32438988,90,Released,Movie 43,4.4,797,0,0,0,1,0,0,0,0,0,0,0,0,0,0,0,0,0,0,0,0
87825,0,http://troublewiththecurve.warnerbros.com/,en,Trouble with the Curve,18.587114,9/21/12,0,111,Released,Trouble with the Curve,6.6,366,0,0,0,0,0,0,1,0,0,0,0,0,0,0,1,0,0,0,0,0
87826,0,NA,en,Here Comes the Boom,26.799913,10/11/12,73100172,105,Released,Here Comes the Boom,6,593,0,0,0,1,0,0,0,0,0,0,0,0,0,0,0,0,0,0,0,0
87827,120000000,http://www.lifeofpimovie.com/,en,Life of Pi,51.328145,11/20/12,609016565,127,Released,Life of Pi,7.2,5797,1,1,0,0,0,0,1,0,0,0,0,0,0,0,0,0,0,0,0,0
87943,0,NA,en,Sisters in Law,0.025211,9/3/05,0,104,Released,Sisters in Law,7.3,2,0,0,0,0,0,1,0,0,0,0,0,0,0,0,0,0,0,0,0,0
88005,10000000,NA,en,Seeking a Friend for the End of the World,30.863082,6/22/12,9636289,101,Released,Seeking a Friend for the End of the World,6.3,700,0,0,0,1,0,0,1,0,0,0,0,0,0,0,1,1,0,0,0,0
88036,14000000,NA,en,Sparkle,2.698185,8/17/12,24637469,116,Released,Sparkle,5.8,36,0,0,0,0,0,0,1,0,0,0,0,0,1,0,0,0,0,0,0,0
88042,25000000,NA,en,Parental Guidance,14.604911,12/25/12,119772232,104,Released,Parental Guidance,5.7,210,0,0,0,1,0,0,0,0,0,0,0,0,0,0,0,0,0,0,0,0
88641,10500000,NA,en,There Goes My Baby,0.037073,9/2/94,123509,99,Released,There Goes My Baby,8.5,2,0,0,0,1,0,0,1,0,0,0,0,0,0,0,0,0,0,0,0,0
88751,45000000,NA,en,Journey to the Center of the Earth,53.090422,7/10/08,101702060,93,Released,Journey to the Center of the Earth,5.8,1309,1,1,0,1,0,0,0,1,0,0,0,0,0,0,0,1,0,0,0,0
88794,35000000,http://jedgarmovie.warnerbros.com/dvd/,en,J. Edgar,28.069419,11/9/11,84606030,137,Released,J. Edgar,6,741,0,0,0,0,1,0,1,0,0,0,1,0,0,0,0,0,0,0,0,0
89325,0,NA,en,Darling Companion,2.303865,4/20/12,0,103,Released,Darling Companion,5.3,22,0,0,0,0,0,0,1,0,0,0,0,0,0,0,1,0,0,0,0,0
89492,35000000,http://www.thisis40movie.com/,en,This Is 40,38.429648,12/20/12,88058786,134,Released,This Is 40,5.6,896,0,0,0,1,0,0,0,0,0,0,0,0,0,0,0,0,0,0,0,0
89540,0,NA,es,La otra conquista,0.015597,4/1/99,0,105,Released,The Other Conquest,5.4,4,0,0,0,0,0,0,1,0,0,1,0,0,0,0,0,0,0,0,0,0
89708,4000000,http://barakasamsara.com/,en,Samsara,12.781973,9/16/11,0,102,Released,Samsara,8,167,0,0,0,0,0,1,1,0,0,0,0,0,0,0,0,0,0,0,0,0
89750,900000,http://www.nfb.ca/film/pink_ribbons_inc_clip/,en,"Pink Ribbons, Inc.",0.097913,9/11/11,25e3,97,Released,"Pink Ribbons, Inc.",6.8,6,0,0,0,0,0,1,0,0,0,0,0,0,0,0,0,0,0,0,0,0
89857,0,http://highroadmovie.com/,en,High Road,1.292948,3/6/12,0,87,Released,High Road,5.8,22,0,0,0,1,0,0,0,0,0,0,0,0,0,0,0,0,0,0,0,0
89861,0,NA,en,Stiff Upper Lips,0.356495,6/12/98,0,99,Released,Stiff Upper Lips,10,1,0,0,0,1,0,0,0,0,0,0,0,0,0,0,0,0,0,0,0,0
90369,0,NA,en,Now Is Good,14.142073,5/25/12,0,103,Released,Now Is Good,7.3,371,0,0,0,0,0,0,1,0,0,0,0,0,0,0,1,0,0,0,0,0
90414,0,NA,fr,"I Love You, Don't Touch Me!",0.020839,1/21/97,0,86,Released,"I Love You, Don't Touch Me!",6,1,0,0,0,1,0,0,0,0,0,0,0,0,0,0,1,0,0,0,0,0
91070,930000,http://www.lifehappensfilm.com/,en,L!fe Happens,5.974156,6/18/11,30905,100,Released,L!fe Happens,5.3,66,0,0,0,1,0,0,0,0,0,0,0,0,0,0,0,0,0,0,0,0
91076,0,NA,en,Illuminata,0.111313,5/21/98,0,119,Released,Illuminata,6.3,7,0,0,0,0,0,0,1,0,0,0,0,0,0,0,0,0,0,0,0,0
91122,0,NA,en,16 to Life,0.108468,9/19/09,0,118,Released,16 to Life,4.4,5,0,0,0,1,0,0,0,0,0,0,0,0,0,0,1,0,0,0,0,0
91314,210000000,http://www.transformersmovie.com,en,Transformers: Age of Extinction,116.840296,6/25/14,1091405097,165,Released,Transformers: Age of Extinction,5.8,3095,1,1,0,0,0,0,0,0,0,0,0,0,0,0,0,1,0,0,0,0
91586,5000000,http://www.insidiousch2.com/,en,Insidious: Chapter 2,48.375848,9/12/13,0,106,Released,Insidious: Chapter 2,6.5,1211,0,0,0,0,0,0,0,0,0,0,0,1,0,0,0,0,1,0,0,0
91721,0,NA,en,Nothing But a Man,0.008453,1/1/64,0,95,Released,Nothing But a Man,7,2,0,0,0,0,0,0,1,0,0,0,0,0,0,0,0,0,0,0,0,0
92182,2000000,NA,en,Silent House,11.66632,1/21/11,13101672,85,Released,Silent House,5.2,125,0,0,0,0,0,0,0,0,0,0,0,1,0,1,0,0,0,0,0,0
92591,5000000,NA,en,Bernie,12.68514,4/27/12,9206470,100,Released,Bernie,6.5,320,0,0,0,1,1,0,1,0,0,0,0,0,0,0,0,0,0,0,0,0
92635,1000000,NA,en,Snow White: A Deadly Summer,0.653495,3/16/12,0,85,Released,Snow White: A Deadly Summer,4.8,11,0,0,0,0,0,0,0,0,0,0,0,1,0,0,0,0,1,0,0,0
93456,76000000,http://www.despicableme.com/,en,Despicable Me 2,136.886704,6/25/13,970761885,98,Released,Despicable Me 2,7,4637,0,0,1,1,0,0,0,1,0,0,0,0,0,0,0,0,0,0,0,0
93856,0,http://www.chernobyldiaries.com/,en,Chernobyl Diaries,20.649145,5/24/12,18112929,88,Released,Chernobyl Diaries,4.9,483,0,0,0,0,0,0,0,0,0,0,0,1,0,0,0,0,1,0,0,0
94072,0,NA,en,Straight Out of Brooklyn,0.161517,6/13/91,0,0,Released,Straight Out of Brooklyn,4.3,4,0,0,0,0,0,0,1,0,0,0,0,0,0,0,0,0,0,0,0,0
94329,1100000,http://www.sonyclassics.com/theraid/,id,Serbuan maut,40.285095,9/8/11,4105187,101,Released,The Raid,7.3,1055,1,0,0,0,1,0,0,0,0,0,0,0,0,0,0,0,1,0,0,0
94348,45000000,NA,en,Alex Cross,14.513243,10/18/12,30353232,101,Released,Alex Cross,5.1,300,1,0,0,0,1,0,0,0,0,0,0,0,0,1,0,0,1,0,0,0
94352,0,NA,en,Cirque du Soleil: Worlds Away,5.987486,11/9/12,34153101,91,Released,Cirque du Soleil: Worlds Away,6.1,58,0,0,0,0,0,0,0,1,1,0,0,0,0,0,0,0,0,0,0,0
95755,2000000,NA,en,Small Apartments,5.100741,3/10/12,0,NA,Released,Small Apartments,5.7,50,0,0,0,1,1,0,0,0,0,0,0,0,0,0,0,0,0,0,0,0
96238,0,NA,en,Never Again,0.039077,7/12/02,0,98,Released,Never Again,4,3,0,0,0,1,0,0,0,0,0,0,0,0,0,0,1,0,0,0,0,0
96399,12000000,http://www.cristiadafilm.com/,en,For Greater Glory - The True Story of Cristiada,5.759545,6/1/12,9622846,145,Released,For Greater Glory - The True Story of Cristiada,6.4,35,0,0,0,0,0,0,1,0,0,0,1,0,0,0,0,0,0,0,0,0
96534,1000000,NA,de,My Last Day Without You,0.153625,6/11/11,0,90,Released,My Last Day Without You,5.7,3,0,0,0,1,0,0,1,0,0,0,0,0,0,0,1,0,0,0,0,0
96721,38000000,NA,en,Rush,33.003828,9/2/13,90247624,123,Released,Rush,7.7,2277,1,0,0,0,0,0,1,0,0,0,0,0,0,0,0,0,0,0,0,0
96724,0,NA,en,Anna Karenina,26.38704,9/6/12,68929150,130,Released,Anna Karenina,6.5,639,0,0,0,0,0,0,1,0,0,0,0,0,0,0,1,0,0,0,0,0
97020,120000000,http://www.robocop.com,en,RoboCop,66.757869,1/30/14,242688965,102,Released,RoboCop,5.7,2342,1,0,0,0,0,0,0,0,0,0,0,0,0,0,0,1,0,0,0,0
97367,15000000,http://www.focusfeatures.com/the_place_beyond_the_pines,en,The Place Beyond the Pines,35.395129,3/20/13,35485608,140,Released,The Place Beyond the Pines,6.8,1653,0,0,0,0,1,0,1,0,0,0,0,0,0,0,0,0,0,0,0,0
97370,13300000,NA,en,Under the Skin,29.782161,3/14/14,5380251,108,Released,Under the Skin,6,1102,0,0,0,0,0,0,1,0,0,0,0,0,0,0,0,1,1,0,0,0
97430,15000000,NA,en,The Man with the Iron Fists,17.672021,11/2/12,15608545,96,Released,The Man with the Iron Fists,5.2,358,1,0,0,0,0,0,0,0,0,0,0,0,0,0,0,0,0,0,0,0
97614,12000000,http://www.magpictures.com/deadfall/,en,Deadfall,10.19041,11/8/12,66351,95,Released,Deadfall,5.6,224,0,0,0,0,1,0,1,0,0,0,0,0,0,0,0,0,1,0,0,0
97630,40000000,http://www.zerodarkthirty-movie.com/site/,en,Zero Dark Thirty,38.306954,12/19/12,132820716,157,Released,Zero Dark Thirty,6.7,1702,0,0,0,0,0,0,1,0,0,0,1,0,0,0,0,0,1,0,0,0
98357,56000000,http://www.brokencitymovie.com/,en,Broken City,29.490057,1/18/13,19701164,109,Released,Broken City,5.7,593,0,0,0,0,1,0,1,0,0,0,0,0,0,0,0,0,1,0,0,0
98369,1250000,http://www.bluelikejazzthemovie.com/,en,Blue Like Jazz,1.6116,4/13/12,0,106,Released,Blue Like Jazz,5.8,25,0,0,0,1,0,0,1,0,0,0,0,0,0,0,0,0,0,0,0,0
98549,0,NA,en,The Legend of Hell's Gate: An American Conspiracy,1.002585,3/3/11,0,NA,Released,The Legend of Hell's Gate: An American Conspiracy,3.9,8,1,1,0,0,0,0,0,0,0,0,1,0,0,0,0,0,0,0,0,1
98557,1800000,NA,en,Dysfunctional Friends,0.21544,2/3/12,0,101,Released,Dysfunctional Friends,5,4,0,0,0,1,0,0,0,0,0,0,0,0,0,0,1,0,0,0,0,0
98566,125000000,http://www.teenagemutantninjaturtlesmovie.com,en,Teenage Mutant Ninja Turtles,143.350376,8/7/14,4772e5,101,Released,Teenage Mutant Ninja Turtles,5.8,2636,1,1,0,1,0,0,0,0,1,0,0,0,0,0,0,1,0,0,0,0
98568,0,NA,en,Enter Nowhere,3.637857,10/22/11,0,90,Released,Enter Nowhere,6.5,49,0,0,0,0,0,0,0,0,0,0,0,0,0,1,0,1,1,0,0,0
99826,0,NA,en,The Jimmy Show,0.098351,1/16/02,0,96,Released,The Jimmy Show,8,1,0,0,0,1,0,0,1,0,0,0,0,0,0,0,0,0,0,0,0,0
99861,280000000,http://marvel.com/movies/movie/193/avengers_age_of_ultron,en,Avengers: Age of Ultron,134.279229,4/22/15,1405403694,141,Released,Avengers: Age of Ultron,7.3,6767,1,1,0,0,0,0,0,0,0,0,0,0,0,0,0,1,0,0,0,0
100042,40000000,NA,en,Dumb and Dumber To,67.767785,11/12/14,169837010,110,Released,Dumb and Dumber To,5.4,1127,0,0,0,1,0,0,0,0,0,0,0,0,0,0,0,0,0,0,0,0
100241,65000000,http://www.ifrankensteinfilm.com,en,"I, Frankenstein",31.324734,1/22/14,71154592,92,Released,"I, Frankenstein",5,687,0,0,0,0,0,0,0,0,0,0,0,1,0,0,0,0,1,0,0,0
100275,0,NA,en,Eddie: The Sleepwalking Cannibal,0.143784,4/22/12,1632,79,Released,Eddie: The Sleepwalking Cannibal,6.1,30,0,0,0,1,0,0,0,0,0,0,0,1,0,0,0,0,0,0,0,0
100402,170000000,http://www.captainamericathewintersoldiermovie.com,en,Captain America: The Winter Soldier,72.225265,3/20/14,714766572,136,Released,Captain America: The Winter Soldier,7.6,5764,1,1,0,0,0,0,0,0,0,0,0,0,0,0,0,1,0,0,0,0
100975,3000000,NA,en,Just Looking,0.431332,10/21/99,0,97,Released,Just Looking,5.8,5,0,0,0,1,0,0,1,0,0,0,0,0,0,0,0,0,0,0,0,0
101173,7700000,NA,en,Coriolanus,7.554799,2/14/11,1072602,123,Released,Coriolanus,5.9,131,0,0,0,0,0,0,1,0,0,0,0,0,0,0,0,0,1,0,0,0
101179,0,http://www.truthordarefilm.com/,en,Truth or Dare,6.679954,8/5/12,0,95,Released,Truth or Dare,5.7,117,0,0,0,0,0,0,0,0,0,0,0,1,0,1,0,0,1,0,0,0
101267,12000000,http://www.katyperry.com/movie/,en,Katy Perry: Part of Me,8.410688,6/28/12,32726956,93,Released,Katy Perry: Part of Me,6.5,85,0,0,0,0,0,1,0,0,0,0,0,0,1,0,0,0,0,0,0,0
101299,130000000,http://www.thehungergames.movie/,en,The Hunger Games: Catching Fire,76.310119,11/15/13,847423452,146,Released,The Hunger Games: Catching Fire,7.4,6495,1,1,0,0,0,0,0,0,0,0,0,0,0,0,0,1,0,0,0,0
102362,0,NA,en,Dead Man Down,29.647844,3/8/13,18074539,118,Released,Dead Man Down,5.9,638,1,0,0,0,1,0,1,0,0,0,0,0,0,0,0,0,1,0,0,0
102382,200000000,http://www.theamazingspiderman.com,en,The Amazing Spider-Man 2,89.270217,4/16/14,705717432,142,Released,The Amazing Spider-Man 2,6.5,4179,1,1,0,0,0,0,0,0,1,0,0,0,0,0,0,0,0,0,0,0
102651,180000000,http://movies.disney.com/maleficent,en,Maleficent,110.620647,5/28/14,758539785,97,Released,Maleficent,7,4496,1,1,0,0,0,0,0,1,1,0,0,0,0,0,1,0,0,0,0,0
102840,0,NA,en,Sex With Strangers,0.014406,2/22/02,0,0,Released,Sex With Strangers,5,1,0,0,0,0,0,1,0,0,0,0,0,0,0,0,0,0,0,0,0,0
102899,130000000,http://marvel.com/movies/movie/180/ant-man,en,Ant-Man,120.09361,7/14/15,519311965,117,Released,Ant-Man,7,5880,1,1,0,0,0,0,0,0,0,0,0,0,0,0,0,1,0,0,0,0
103328,0,NA,en,Holy Motors,9.140936,7/2/12,641100,115,Released,Holy Motors,6.9,228,0,0,0,0,0,0,1,0,1,0,0,0,0,0,0,0,0,0,0,0
103370,0,http://madeaswitnessprotectionmovie.com/,en,Madea's Witness Protection,7.050951,6/29/12,0,114,Released,Madea's Witness Protection,5.9,52,0,0,0,1,1,0,1,0,0,0,0,0,0,0,0,0,0,0,0,0
103620,6000000,NA,en,Maniac,19.331884,12/26/12,31081,89,Released,Maniac,6,316,0,0,0,0,0,0,0,0,0,0,0,1,0,0,0,0,0,0,0,0
103663,3800000,NA,da,Jagten,21.826888,8/28/12,168e5,115,Released,The Hunt,7.9,927,0,0,0,0,0,0,1,0,0,0,0,0,0,0,0,0,0,0,0,0
103731,10000000,NA,en,Mud,17.663353,5/1/13,21587700,130,Released,Mud,7,1068,0,0,0,0,0,0,1,0,0,0,0,0,0,0,0,0,0,0,0,0
103903,7500000,NA,en,Outside Bet,0.086731,4/27/12,0,101,Released,Outside Bet,5.8,2,0,0,0,1,0,0,0,0,0,0,0,0,0,0,0,0,0,0,0,0
104755,1500000,http://robzombie.com/movies/the-lords-of-salem/,en,The Lords of Salem,14.504326,9/10/12,1165882,101,Released,The Lords of Salem,5.1,242,0,0,0,0,0,0,0,0,0,0,0,1,0,0,0,0,1,0,0,0
104896,0,NA,en,A Dog Of Flanders,0.838938,8/27/99,0,96,Released,A Dog Of Flanders,6.4,6,0,0,0,0,0,0,1,1,0,0,0,0,0,0,0,0,0,0,0,0
105864,175000000,http://movies.disney.com/the-good-dinosaur,en,The Good Dinosaur,51.692953,11/14/15,331926147,93,Released,The Good Dinosaur,6.6,1736,0,1,1,0,0,0,0,1,0,0,0,0,0,0,0,0,0,0,0,0
106646,100000000,http://www.thewolfofwallstreet.com/,en,The Wolf of Wall Street,95.007934,12/25/13,392000694,180,Released,The Wolf of Wall Street,7.9,6571,0,0,0,1,1,0,1,0,0,0,0,0,0,0,0,0,0,0,0,0
106747,12000000,NA,en,Machete Kills,29.072964,9/12/13,15008161,107,Released,Machete Kills,5.3,631,1,0,0,0,1,0,0,0,0,0,0,0,0,0,0,0,1,0,0,0
106845,9500000,NA,en,Re-Kill,5.346205,10/16/15,0,87,Released,Re-Kill,4.9,34,0,0,0,0,0,0,0,0,0,0,0,1,0,0,0,1,0,0,0,0
107315,0,NA,en,Below Zero,1.36514,10/22/11,0,0,Released,Below Zero,4.4,12,0,0,0,0,0,0,0,0,0,0,0,1,0,0,0,0,1,0,0,0
107811,13000000,NA,en,21 & Over,35.522027,3/1/13,48065672,93,Released,21 & Over,5.7,737,0,0,0,1,0,0,0,0,0,0,0,0,0,0,0,0,0,0,0,0
107846,50000000,http://escapeplanmovie.com/,en,Escape Plan,44.478043,10/9/13,122915111,115,Released,Escape Plan,6.7,1659,1,0,0,0,0,0,0,0,0,0,0,0,0,0,0,0,1,0,0,0
107985,20000000,NA,en,The World's End,55.964605,7/18/13,46089287,109,Released,The World's End,6.7,1778,1,0,0,1,0,0,0,0,0,0,0,0,0,0,0,1,0,0,0,0
108346,2000000,NA,en,Dreaming of Joseph Lees,0.11615,10/29/99,7,92,Released,Dreaming of Joseph Lees,8,1,0,0,0,0,0,0,1,0,0,0,0,0,0,0,1,0,0,0,0,0
109091,25000000,NA,en,The Counselor,35.022029,10/25/13,71009334,117,Released,The Counselor,5,712,0,0,0,0,1,0,1,0,0,0,0,0,0,0,0,0,1,0,0,0
109410,40000000,NA,en,42,31.884559,4/12/13,95020213,128,Released,42,6.8,787,0,0,0,0,0,0,1,0,0,0,0,0,0,0,0,0,0,0,0,0
109414,32000000,http://www.thisistheend.com/,en,This Is the End,38.21708,6/12/13,126041322,107,Released,This Is the End,6.3,2359,1,0,0,1,0,0,0,0,0,0,0,0,0,0,0,0,0,0,0,0
109417,20000000,NA,en,Battle of the Year,8.237336,9/21/13,16549477,110,Released,Battle of the Year,5.9,88,0,0,0,0,0,0,1,0,0,0,0,0,1,0,0,0,0,0,0,0
109418,80000000,http://www.sonypictures.com/movies/grownups2,en,Grown Ups 2,45.589568,7/11/13,246984278,100,Released,Grown Ups 2,5.8,1155,0,0,0,1,0,0,0,0,0,0,0,0,0,0,0,0,0,0,0,0
109421,30000000,http://www.sideeffectsmayvary.com/,en,Side Effects,48.237797,2/7/13,63372757,106,Released,Side Effects,6.4,1323,0,0,0,0,1,0,1,0,0,0,0,0,0,0,0,0,1,0,0,0
109424,55000000,http://www.captainphillipsmovie.com,en,Captain Phillips,52.786917,10/10/13,95e6,134,Released,Captain Phillips,7.6,2454,1,0,0,0,0,0,1,0,0,0,0,0,0,0,0,0,1,0,0,0
109428,17000000,http://www.evildead-movie.com/,en,Evil Dead,33.912116,4/5/13,97542952,91,Released,Evil Dead,6.4,1723,0,0,0,0,0,0,0,0,0,0,0,1,0,0,0,0,0,0,0,0
109431,35000000,http://www.identitythiefmovie.com,en,Identity Thief,34.005726,2/7/13,173965010,111,Released,Identity Thief,5.6,1645,0,0,0,1,1,0,0,0,0,0,0,0,0,0,0,0,0,0,0,0
109443,50000000,NA,en,Anchorman 2: The Legend Continues,38.125008,12/18/13,173649015,119,Released,Anchorman 2: The Legend Continues,6,923,0,0,0,1,0,0,0,0,0,0,0,0,0,0,0,0,0,0,0,0
109445,150000000,http://movies.disney.com/frozen,en,Frozen,165.125366,11/27/13,1274219009,102,Released,Frozen,7.3,5295,0,1,1,0,0,0,0,1,0,0,0,0,0,0,0,0,0,0,0,0
109451,78000000,NA,en,Cloudy with a Chance of Meatballs 2,41.247402,9/26/13,248384621,95,Released,Cloudy with a Chance of Meatballs 2,6.4,915,0,0,1,1,0,0,0,1,0,0,0,0,0,0,0,0,0,0,0,0
109491,60000000,NA,en,Beautiful Creatures,40.721373,2/13/13,60052138,124,Released,Beautiful Creatures,5.6,984,0,0,0,0,0,0,1,0,1,0,0,0,0,0,1,0,0,0,0,0
109513,2000000,http://www.hitandrunmovie.com/,en,Hit & Run,16.668854,8/22/12,144e5,100,Released,Hit & Run,5.5,224,1,0,0,1,0,0,0,0,0,0,0,0,0,0,1,0,0,0,0,0
109729,250000,http://www.kickstarter.com/projects/1094772583/the-canyons,en,The Canyons,6.978907,7/29/13,56825,99,Released,The Canyons,4.1,75,0,0,0,0,0,0,1,0,0,0,0,0,0,0,0,0,1,0,0,0
110402,7000000,NA,ru,Трудно быть богом,3.120016,2/27/13,1310673,170,Released,Hard to Be a God,6.7,41,0,0,0,0,0,0,1,0,0,0,0,0,0,0,0,1,0,0,0,0
110415,39200000,http://snowpiercer-film.com/,ko,Snowpiercer,64.238688,8/1/13,86758912,126,Released,Snowpiercer,6.7,2854,1,0,0,0,0,0,1,0,0,0,0,0,0,0,0,1,0,0,0,0
110683,0,NA,en,The Wicked Lady,0.289433,4/21/83,0,98,Released,The Wicked Lady,4.3,4,0,1,0,0,0,0,1,0,0,0,0,0,0,0,0,0,0,0,0,0
111190,16000000,NA,en,Adore,18.790221,4/3/13,318982,100,Released,Adore,6.1,291,0,0,0,0,0,0,1,0,0,0,0,0,0,0,0,0,0,0,0,0
111794,0,NA,en,20 Dates,0.408073,1/1/98,0,87,Released,20 Dates,3.7,3,0,0,0,1,0,0,0,0,0,0,0,0,0,0,1,0,0,0,0,0
112430,0,NA,en,The Company,1.485324,8/5/07,0,276,Released,The Company,7,12,0,0,0,0,0,0,1,0,0,0,0,0,0,0,0,0,0,0,0,0
112456,1000000,http://hardflipmovie.com/,en,Hardflip,0.341461,6/1/12,0,114,Released,Hardflip,4.7,5,1,0,0,0,0,0,1,0,0,0,0,0,0,0,0,0,0,0,0,0
112937,0,NA,en,The Oogieloves in the Big Balloon Adventure,0.28576,8/29/12,0,88,Released,The Oogieloves in the Big Balloon Adventure,2.2,8,0,0,0,0,0,0,0,1,0,0,0,0,0,0,0,0,0,0,0,0
112949,28000000,NA,en,Safe Haven,37.729059,2/7/13,97594140,115,Released,Safe Haven,6.9,823,0,0,0,0,0,0,0,0,0,0,0,0,0,0,1,0,0,0,0,0
113406,0,http://www.romeothemovie.com/,en,Should've Been Romeo,0.40703,4/28/12,0,0,Released,Should've Been Romeo,0,0,0,0,0,1,0,0,1,0,0,0,0,0,0,0,0,0,0,0,0,0
113464,46000000,NA,en,Inchon,0.146783,5/4/81,52e5,140,Released,Inchon,6.5,2,0,0,0,0,0,0,1,0,0,0,1,0,0,0,0,0,0,0,1,0
113947,1000000,NA,en,The Sessions,9.115486,5/2/12,9138338,98,Released,The Sessions,6.6,179,0,0,0,1,0,0,1,0,0,0,0,0,0,0,1,0,0,0,0,0
114065,0,NA,en,Down & Out With The Dolls,0.002386,3/20/03,0,88,Released,Down & Out With The Dolls,0,0,0,0,0,1,0,0,0,0,0,0,0,0,1,0,0,0,0,0,0,0
114150,17000000,http://www.pitchperfectmovie.com/,en,Pitch Perfect,32.746486,9/28/12,115350426,112,Released,Pitch Perfect,7.3,2247,0,0,0,1,0,0,0,0,0,0,0,0,1,0,1,0,0,0,0,0
114635,4000000,http://thehelpers-movie.com/,en,The Helpers,1.390659,10/27/12,0,78,Released,The Helpers,4.1,8,0,0,0,0,0,0,0,0,0,0,0,1,0,0,0,0,0,0,0,0
115210,100000,NA,en,Stitches,7.447714,5/19/12,95e3,NA,Released,Stitches,5.5,92,0,0,0,0,0,0,0,0,0,0,0,1,0,0,0,0,0,0,0,0
115872,0,NA,en,La femme de chambre du Titanic,1.031142,10/10/97,0,100,Released,The Chambermaid on the Titanic,5.3,3,0,0,0,0,0,0,1,0,0,0,0,0,0,0,0,0,0,0,0,0
116149,55000000,http://www.paddington.com/,en,Paddington,39.882276,11/27/14,259207227,95,Released,Paddington,7,883,0,0,0,1,0,0,0,1,0,0,0,0,0,0,0,0,0,0,0,0
116584,0,NA,en,Valley of the Heart's Delight,0.142255,4/24/06,0,100,Released,Valley of the Heart's Delight,7,1,0,0,0,0,0,0,1,0,0,0,0,0,0,0,0,0,0,0,0,0
116613,3730500,NA,en,The Sweeney,6.938854,9/11/12,6294161,112,Released,The Sweeney,5.7,109,1,0,0,0,1,0,1,0,0,0,0,0,0,0,0,0,0,0,0,0
116711,100000000,NA,en,Epic,36.711378,5/15/13,268426634,102,Released,Epic,6.4,1121,0,1,1,0,0,0,0,1,1,0,0,0,0,0,0,0,0,0,0,0
116741,58000000,http://www.theinternshipmovie.com/,en,The Internship,1.551497,6/7/13,44e6,119,Released,The Internship,6.1,1658,0,0,0,1,0,0,0,0,0,0,0,0,0,0,0,0,0,0,0,0
116745,90000000,NA,en,The Secret Life of Walter Mitty,43.348022,12/18/13,188133322,114,Released,The Secret Life of Walter Mitty,7,3144,0,1,0,1,0,0,1,0,1,0,0,0,0,0,0,0,0,0,0,0
116977,65000000,http://www.thresholdanimationstudios.com/video.php?id=foodfight,en,Foodfight!,5.258726,6/15/12,73706,87,Released,Foodfight!,2.3,28,1,0,1,1,0,0,0,1,0,0,0,0,0,0,0,0,0,0,0,0
117251,150000000,NA,en,White House Down,39.004588,6/27/13,205366737,131,Released,White House Down,6.4,1891,1,0,0,0,0,0,1,0,0,0,0,0,0,0,0,0,1,0,0,0
117263,70000000,NA,en,Olympus Has Fallen,59.428223,3/20/13,161025640,120,Released,Olympus Has Fallen,6.2,2981,1,0,0,0,0,0,0,0,0,0,0,0,0,0,0,0,1,0,0,0
117942,500000,http://girlsgonedeadmovie.com/,en,Girls Gone Dead,1.600171,3/28/12,0,104,Released,Girls Gone Dead,3.5,14,0,0,0,1,0,0,0,0,0,0,0,1,0,0,0,0,0,0,0,0
118340,170000000,http://marvel.com/guardians,en,Guardians of the Galaxy,481.098624,7/30/14,773328629,121,Released,Guardians of the Galaxy,7.9,9742,1,1,0,0,0,0,0,0,0,0,0,0,0,0,0,1,0,0,0,0
118452,300000,NA,en,"First Love, Last Rites",0.374291,8/7/98,40542,94,Released,"First Love, Last Rites",3,1,0,0,0,0,0,0,1,0,0,0,0,0,0,0,0,0,0,0,0,0
118612,0,NA,en,After,4.596157,8/27/12,0,90,Released,After,5.6,63,0,0,0,0,0,0,0,0,0,0,0,0,0,1,0,0,1,0,0,0
118957,30000000,NA,en,Bait,9.780588,9/5/12,0,93,Released,Bait,5.3,191,1,0,0,0,0,0,0,0,0,0,0,1,0,0,0,0,1,0,0,0
119283,35000000,NA,en,Parker,28.670477,1/23/13,46216641,118,Released,Parker,5.7,1455,1,0,0,0,1,0,0,0,0,0,0,0,0,0,0,0,0,0,0,0
119450,170000000,http://www.dawnofapes.com/,en,Dawn of the Planet of the Apes,243.791743,6/26/14,710644566,130,Released,Dawn of the Planet of the Apes,7.3,4410,1,0,0,0,0,0,1,0,0,0,0,0,0,0,0,1,1,0,0,0
119458,0,http://supercapitalist.net/,en,$upercapitalist,0.174311,8/10/12,0,NA,Released,Supercapitalist,3.5,2,0,0,0,0,0,0,0,0,0,0,0,0,0,0,0,0,1,0,0,0
119657,500,NA,en,El Rey de Najayo,0.080105,3/1/12,0,101,Released,El Rey de Najayo,0,0,0,0,0,0,1,0,1,0,0,0,0,0,0,0,0,0,0,0,0,0
120467,30000000,NA,en,The Grand Budapest Hotel,74.417456,2/26/14,174600318,99,Released,The Grand Budapest Hotel,8,4519,0,0,0,1,0,0,1,0,0,0,0,0,0,0,0,0,0,0,0,0
121676,0,NA,en,Inescapable,6.783053,9/14/12,0,93,Released,Inescapable,5.2,13,0,0,0,0,0,0,0,0,0,0,0,0,0,0,1,0,1,0,0,0
121826,11000000,NA,en,Quartet,7.722021,9/8/12,59520298,98,Released,Quartet,6.3,139,0,0,0,1,0,0,1,0,0,0,0,0,0,0,1,0,0,0,0,0
121986,0,NA,en,Frances Ha,15.492257,5/17/13,4069826,86,Released,Frances Ha,7.2,345,0,0,0,1,0,0,1,0,0,0,0,0,0,0,0,0,0,0,0,0
122081,5000000,http://www.springbreakersmovie.com/,en,Spring Breakers,62.554173,1/24/13,31724284,94,Released,Spring Breakers,5,1551,0,0,0,0,1,0,1,0,0,0,0,0,0,0,0,0,0,0,0,0
122906,0,NA,en,About Time,74.817641,8/16/13,87100449,123,Released,About Time,7.8,2067,0,0,0,1,0,0,1,0,0,0,0,0,0,0,0,1,0,0,0,0
122917,250000000,http://www.thehobbit.com/,en,The Hobbit: The Battle of the Five Armies,120.965743,12/10/14,956019788,144,Released,The Hobbit: The Battle of the Five Armies,7.1,4760,1,1,0,0,0,0,0,0,1,0,0,0,0,0,0,0,0,0,0,0
123553,60000000,http://www.themortalinstrumentsmovie.com/,en,The Mortal Instruments: City of Bones,45.514031,8/21/13,90565421,130,Released,The Mortal Instruments: City of Bones,6.2,1602,1,1,0,0,0,0,1,0,1,0,0,0,0,1,1,0,0,0,0,0
123678,1000000,http://theactofkilling.com/,id,Jagal,8.887411,8/31/12,444575,115,Released,The Act of Killing,7.5,210,0,0,0,0,0,1,0,0,0,0,0,0,0,0,0,0,0,0,0,0
124459,30000000,NA,en,The Incredible Burt Wonderstone,26.9385,3/14/13,27437881,100,Released,The Incredible Burt Wonderstone,5.3,724,0,0,0,1,0,0,0,0,0,0,0,0,0,0,0,0,0,0,0,0
124606,0,NA,en,Bang,0.918116,9/9/95,0,98,Released,Bang,6,1,0,0,0,0,0,0,1,0,0,0,0,0,0,0,0,0,0,0,0,0
125052,0,NA,en,Hurricane Streets,0.36447,1/21/97,0,86,Released,Hurricane Streets,4.8,4,0,0,0,0,1,0,1,0,0,0,0,0,0,0,1,0,0,0,0,0
125123,0,NA,en,Among Giants,0.541652,6/24/98,0,93,Released,Among Giants,4.5,2,0,0,0,1,0,0,0,0,0,0,0,0,0,0,1,0,0,0,0,0
125263,0,NA,en,Broken Vessels,0.069277,4/18/98,0,90,Released,Broken Vessels,6,2,0,0,0,0,0,0,1,0,0,0,0,0,0,0,0,0,0,0,0,0
125490,2400000,http://www.lucasclinic.com/,en,Antiviral,11.753553,9/19/12,0,110,Released,Antiviral,5.7,112,0,0,0,0,0,0,0,0,0,0,0,1,0,0,0,1,0,0,0,0
125537,0,NA,en,Smiling Fish & Goat On Fire,0.00734,9/16/99,0,90,Released,Smiling Fish & Goat On Fire,7,1,0,0,0,1,0,0,0,0,0,0,0,0,0,0,1,0,0,0,0,0
126141,0,NA,en,Chats perchés,0.092562,12/5/04,0,59,Released,The Case of the Grinning Cat,7.7,3,0,0,0,0,0,1,0,0,0,0,0,0,0,0,0,0,0,0,0,0
126319,12516654,NA,fr,Ernest et Célestine,11.103202,12/12/12,8109160,78,Released,Ernest & Celestine,7.6,142,0,0,1,1,0,0,1,1,0,0,0,0,0,0,0,0,0,0,0,0
126509,2500000,http://2016themovie.com/,en,2016: Obama's America,0.973582,7/13/12,334e5,87,Released,2016: Obama's America,4.6,19,0,0,0,0,0,1,0,0,0,0,0,0,0,0,0,0,0,0,0,0
127493,35000000,NA,en,Stolen,16.830184,5/17/12,2106557,96,Released,Stolen,5.1,344,1,0,0,0,1,0,1,0,0,0,0,0,0,0,0,0,1,0,0,0
127560,18000000,NA,en,The Railway Man,13.916583,12/26/13,22309223,116,Released,The Railway Man,6.7,273,0,0,0,0,0,0,1,0,0,0,1,0,0,0,0,0,0,0,0,0
127585,250000000,http://www.x-menmovies.com/,en,X-Men: Days of Future Past,118.078691,5/15/14,747862775,131,Released,X-Men: Days of Future Past,7.5,6032,1,1,0,0,0,0,0,0,1,0,0,0,0,0,0,1,0,0,0,0
127867,0,NA,en,The Brass Teapot,10.639774,9/8/12,0,100,Released,The Brass Teapot,5.8,160,0,0,0,1,0,0,0,0,1,0,0,0,0,0,0,0,1,0,0,0
127918,0,NA,en,The Gatekeepers,2.828303,7/9/12,0,101,Released,The Gatekeepers,6.5,39,0,0,0,0,0,1,0,0,0,0,0,0,0,0,0,0,0,0,0,0
129139,1500000,http://todolistmovie.com/,en,The To Do List,15.017068,7/24/13,3566225,104,Released,The To Do List,5.5,342,0,0,0,1,0,0,0,0,0,0,0,0,0,0,1,0,0,0,0,0
129670,12000000,NA,en,Nebraska,29.223881,9/21/13,17654912,115,Released,Nebraska,7.4,636,0,1,0,0,0,0,1,0,0,0,0,0,0,0,0,0,0,0,0,0
130150,18000000,NA,en,Labor Day,17.683563,12/27/13,20275812,111,Released,Labor Day,6.7,299,0,0,0,0,0,0,1,0,0,0,0,0,0,0,0,0,0,0,0,0
131631,125000000,http://www.thehungergames.movie/,en,The Hunger Games: Mockingjay - Part 1,206.227151,11/18/14,752100229,123,Released,The Hunger Games: Mockingjay - Part 1,6.6,5584,0,1,0,0,0,0,0,0,0,0,0,0,0,0,0,1,1,0,0,0
131634,160000000,http://www.thehungergames.movie/,en,The Hunger Games: Mockingjay - Part 2,127.284427,11/18/15,653428261,137,Released,The Hunger Games: Mockingjay - Part 2,6.6,3984,1,1,0,0,0,0,0,0,0,0,0,0,0,0,0,1,0,0,0,0
132232,15000000,http://www.mamamovie.com/,en,Mama,47.455148,1/17/13,146497771,100,Released,Mama,6,1401,0,0,0,0,0,0,0,0,0,0,0,1,0,0,0,0,0,0,0,0
132316,0,NA,hi,Jab Tak Hai Jaan,5.900535,11/13/12,0,176,Released,Jab Tak Hai Jaan,7.3,66,0,0,0,0,0,0,1,0,0,0,0,0,0,0,1,0,0,0,0,0
132344,3000000,NA,en,Before Midnight,23.299907,4/5/13,11176469,108,Released,Before Midnight,7.4,568,0,0,0,0,0,0,1,0,0,0,0,0,0,0,1,0,0,0,0,0
132363,25000000,NA,en,The Butler,32.105328,8/16/13,115922175,132,Released,The Butler,7.2,1101,0,0,0,0,0,0,1,0,0,0,0,0,0,0,0,0,0,0,0,0
133575,4000000,NA,en,The Velocity of Gary,0.409089,7/16/99,0,100,Released,The Velocity of Gary,4.2,5,0,0,0,0,0,0,1,0,0,0,0,0,0,0,1,0,0,0,0,0
133694,15000000,NA,en,Promised Land,13.568302,9/23/12,8138788,106,Released,Promised Land,6,243,0,0,0,0,0,0,1,0,0,0,0,0,0,0,0,0,0,0,0,0
133698,0,NA,fr,Un Plan parfait,11.60921,10/29/12,0,104,Released,Fly Me to the Moon,5.6,194,0,0,0,1,0,0,0,0,0,0,0,0,0,0,1,0,0,0,0,0
133805,30000000,http://www.carrie-movie.com,en,Carrie,63.848541,10/16/13,82394288,100,Released,Carrie,5.8,1463,0,0,0,0,0,0,1,0,0,0,0,1,0,0,0,0,0,0,0,0
133931,20000000,http://zambeziamovie.com/,en,Zambezia,14.182301,6/5/12,0,83,Released,Zambezia,5.3,68,0,1,1,1,0,0,0,1,0,0,0,0,0,0,0,0,0,0,0,0
134371,0,http://www.AtlasShruggedMovie.com,en,Atlas Shrugged Part II,4.725357,10/12/12,0,112,Released,Atlas Shrugged Part II,5.4,41,0,0,0,0,0,0,1,0,0,0,0,0,0,1,0,1,0,0,0,0
134374,25000000,http://www.painandgainmovie.com/,en,Pain & Gain,31.893932,4/18/13,86175291,130,Released,Pain & Gain,6.1,1573,1,0,0,0,1,0,0,0,0,0,0,0,0,0,0,0,1,0,0,0
134411,35000000,NA,en,Snitch,30.556135,2/21/13,42930462,112,Released,Snitch,5.8,1138,0,0,0,0,0,0,1,0,0,0,0,0,0,0,0,0,1,0,0,0
134597,0,NA,en,The Collection,16.361743,9/21/12,6842058,94,Released,The Collection,5.9,289,0,0,0,0,0,0,0,0,0,0,0,1,0,0,0,0,1,0,0,0
135397,150000000,http://www.jurassicworld.com/,en,Jurassic World,418.708552,6/9/15,1513528810,124,Released,Jurassic World,6.5,8662,1,1,0,0,0,0,0,0,0,0,0,0,0,0,0,1,1,0,0,0
135595,0,http://www.tradeofinnocentsthemovie.com/,en,Trade Of Innocents,2.204138,9/27/12,0,91,Released,Trade Of Innocents,5.5,12,0,0,0,0,0,0,1,0,0,0,0,0,0,0,0,0,1,0,0,0
136400,61000000,http://www.2guns.net/,en,2 Guns,42.881415,8/2/13,131940411,109,Released,2 Guns,6.6,1589,1,0,0,1,1,0,0,0,0,0,0,0,0,0,0,0,0,0,0,0
136795,43000000,NA,en,The Heat,37.654688,6/27/13,158674180,117,Released,The Heat,6.5,1575,1,0,0,1,1,0,0,0,0,0,0,0,0,0,0,0,0,0,0,0
136797,66000000,NA,en,Need for Speed,54.81489,3/13/14,203277636,130,Released,Need for Speed,6.1,1520,1,0,0,0,1,0,1,0,0,0,0,0,0,0,0,0,1,0,0,0
136835,13200000,http://www.sonypictures.com/movies/nogooddeed/,en,No Good Deed,24.656068,9/10/14,53830415,83,Released,No Good Deed,5.6,181,0,0,0,0,1,0,0,0,0,0,0,0,0,0,0,0,1,0,0,0
137093,28000000,NA,en,Last Vegas,28.043508,10/31/13,134402450,105,Released,Last Vegas,6.4,799,0,0,0,1,0,0,0,0,0,0,0,0,0,0,0,0,0,0,0,0
137094,60000000,NA,en,Jack Ryan: Shadow Recruit,42.538258,1/15/14,50549107,105,Released,Jack Ryan: Shadow Recruit,5.9,1173,1,0,0,0,0,0,1,0,0,0,0,0,0,0,0,0,1,0,0,0
137106,60000000,http://www.thelegomovie.com,en,The Lego Movie,59.547928,2/6/14,469160692,100,Released,The Lego Movie,7.5,3070,0,1,1,1,0,0,0,1,1,0,0,0,0,0,0,0,0,0,0,0
137113,178000000,http://www.edgeoftomorrowmovie.com/,en,Edge of Tomorrow,79.456485,5/27/14,370541256,113,Released,Edge of Tomorrow,7.6,4858,1,0,0,0,0,0,0,0,0,0,0,0,0,0,0,1,0,0,0,0
137321,60000000,http://www.winterstalemovie.com/,en,Winter's Tale,22.736038,2/13/14,30800231,118,Released,Winter's Tale,6,487,0,0,0,0,0,0,1,0,1,0,0,0,0,1,1,0,0,0,0,0
137347,9000000,NA,en,Closer to the Moon,9.159265,11/29/13,0,112,Released,Closer to the Moon,6.4,13,0,0,0,1,0,0,1,0,0,0,0,0,0,0,0,0,0,0,0,0
138103,90000000,http://theexpendables3film.com/,en,The Expendables 3,61.025639,8/4/14,206172544,127,Released,The Expendables 3,6.1,1795,1,1,0,0,0,0,0,0,0,0,0,0,0,0,0,0,1,0,0,0
138697,6000000,NA,en,Don Jon,33.296684,7/26/13,0,90,Released,Don Jon,5.9,1671,0,0,0,1,0,0,1,0,0,0,0,0,0,0,1,0,0,0,0,0
138832,37000000,http://werethemillers.warnerbros.com,en,We're the Millers,100.348805,8/7/13,269994119,110,Released,We're the Millers,6.8,2972,0,0,0,1,1,0,0,0,0,0,0,0,0,0,0,0,0,0,0,0
138843,13000000,http://theconjuring.warnerbros.com,en,The Conjuring,49.975409,7/18/13,318000141,112,Released,The Conjuring,7.4,3092,0,0,0,0,0,0,0,0,0,0,0,1,0,0,0,0,1,0,0,0
138976,625000,NA,en,Treachery,0.283059,5/16/13,0,68,Released,Treachery,4.8,5,0,0,0,0,0,0,1,0,0,0,0,0,0,0,0,0,0,0,0,0
139038,2500000,https://www.facebook.com/AHauntedHouse?fref=ts,en,A Haunted House,18.661541,1/11/13,60141683,86,Released,A Haunted House,5.4,516,0,0,0,1,0,0,0,0,0,0,0,1,0,0,0,0,0,0,0,0
139715,500000,http://www.detentionofthedead.com,en,Detention of the Dead,2.391847,4/27/12,0,87,Released,Detention of the Dead,4.5,34,0,0,0,1,0,0,0,0,0,0,0,1,0,0,0,0,0,0,0,0
139948,225000,http://detroitfirefilm.org/,en,Burn,0.126676,11/1/12,111300,86,Released,Burn,6.9,6,0,0,0,0,0,1,0,0,0,1,0,0,0,0,0,0,0,0,0,0
139998,0,NA,en,Supporting Characters,0.620554,1/23/12,0,87,Released,Supporting Characters,6.7,10,0,0,0,1,0,0,1,0,0,0,0,0,0,0,0,0,0,0,0,0
140300,145000000,http://www.kungfupanda.com/,en,Kung Fu Panda 3,56.747978,1/23/16,521170825,95,Released,Kung Fu Panda 3,6.7,1603,1,1,1,1,0,0,0,1,0,0,0,0,0,0,0,0,0,0,0,0
140823,35000000,NA,en,Saving Mr. Banks,31.957947,11/16/13,112544580,125,Released,Saving Mr. Banks,7.3,1226,0,0,0,1,0,0,1,0,0,0,1,0,0,0,0,0,0,0,0,0
142061,3500000,NA,en,"Batman: The Dark Knight Returns, Part 2",25.891466,1/18/13,0,78,Released,"Batman: The Dark Knight Returns, Part 2",7.9,419,1,0,1,0,0,0,0,0,0,0,0,0,0,0,0,0,0,0,0,0
142132,0,NA,en,Sugar Town,0.375423,9/17/99,0,92,Released,Sugar Town,5.5,2,0,0,0,1,0,0,0,0,0,0,0,0,0,0,0,0,0,0,0,0
144336,35000000,NA,en,Sabotage,27.903999,3/28/14,17508518,110,Released,Sabotage,5.5,555,1,0,0,0,1,0,1,0,0,0,0,0,0,0,0,0,1,0,0,0
144340,13000000,NA,en,Admission,17.632446,3/21/13,18e6,107,Released,Admission,5.4,304,0,0,0,1,0,0,1,0,0,0,0,0,0,0,1,0,0,0,0,0
145220,50000000,NA,en,Muppets Most Wanted,14.808304,3/20/14,80383290,112,Released,Muppets Most Wanted,6.2,316,0,1,0,1,1,0,0,1,0,0,0,0,0,0,0,0,0,0,0,0
146198,20000000,http://triple9movie.com/,en,Triple 9,29.371987,2/19/16,12639297,115,Released,Triple 9,5.6,797,1,0,0,0,0,0,0,0,0,0,0,0,0,0,0,0,1,0,0,0
146203,5000000,NA,en,The Last Exorcism Part II,10.605752,2/28/13,15179302,88,Released,The Last Exorcism Part II,4.4,203,0,0,0,0,0,0,0,0,0,0,0,1,0,0,0,0,1,0,0,0
146216,84000000,http://red-themovie.com/,en,RED 2,44.34333,7/18/13,0,116,Released,RED 2,6.4,1526,1,0,0,1,1,0,0,0,0,0,0,0,0,0,0,0,1,0,0,0
146227,18000000,http://www.getawaymovie.com/,en,Getaway,16.520516,8/29/13,10501938,90,Released,Getaway,4.9,246,1,0,0,0,1,0,0,0,0,0,0,0,0,0,0,0,0,0,0,0
146233,46000000,http://prisonersmovie.warnerbros.com/,en,Prisoners,88.496873,9/18/13,122126687,153,Released,Prisoners,7.9,3085,0,0,0,0,1,0,1,0,0,0,0,0,0,0,0,0,1,0,0,0
146238,30000000,http://www.runnerrunnermovie.com/,en,Runner Runner,22.975918,9/24/13,62616646,91,Released,Runner Runner,5.5,543,0,0,0,0,1,0,1,0,0,0,0,0,0,0,0,0,1,0,0,0
146239,26000000,NA,en,Delivery Man,30.114383,10/10/13,51164106,105,Released,Delivery Man,6.2,551,0,0,0,1,0,0,0,0,0,0,0,0,0,0,0,0,0,0,0,0
146269,0,NA,en,The Young Unknowns,0.004922,3/12/00,0,87,Released,The Young Unknowns,0,0,0,0,0,0,0,0,1,0,0,0,0,0,0,0,0,0,0,0,0,0
146304,17000000,NA,en,The Best Man Holiday,7.210095,11/15/13,71625195,123,Released,The Best Man Holiday,6.7,110,0,0,0,1,0,0,0,0,0,0,0,0,0,0,0,0,0,0,0,0
146631,2500000,NA,en,U.F.O.,8.248149,12/14/12,0,101,Released,U.F.O.,3.1,47,1,1,0,0,0,0,0,0,0,0,0,0,0,0,0,1,0,0,0,0
146882,0,NA,fr,Le bonheur d'Elza,0.007254,4/11/11,0,78,Released,Elza,0,0,0,0,0,0,0,0,1,0,0,0,0,0,0,0,0,0,0,0,0,0
147441,140000000,http://www.exodusgodsandkings.com/,en,Exodus: Gods and Kings,101.599427,12/3/14,268031828,150,Released,Exodus: Gods and Kings,5.6,1921,1,1,0,0,0,0,1,0,0,0,0,0,0,0,0,0,0,0,0,0
147767,0,NA,en,Khiladi 786,0.114342,12/7/12,126,139,Released,Khiladi 786,4.7,11,1,0,0,1,0,0,0,0,0,0,0,0,0,0,0,0,0,0,0,0
147773,4600000,NA,en,The Way Way Back,32.14444,6/6/13,23198652,103,Released,The Way Way Back,7.1,688,0,0,0,1,0,0,1,0,0,0,0,0,0,0,0,0,0,0,0,0
150202,0,NA,en,The Haunting in Connecticut 2: Ghosts of Georgia,11.708343,2/1/13,0,101,Released,The Haunting in Connecticut 2: Ghosts of Georgia,5.6,175,0,0,0,0,0,0,1,0,0,0,0,1,0,0,0,0,1,0,0,0
150211,0,NA,en,The Frozen,1.084387,10/10/12,0,0,Released,The Frozen,4.2,14,0,0,0,0,0,0,0,0,0,0,0,1,0,0,0,0,1,0,0,0
150540,175000000,http://movies.disney.com/inside-out,en,Inside Out,128.655964,6/9/15,857611174,94,Released,Inside Out,8,6560,0,0,1,1,0,0,1,1,0,0,0,0,0,0,0,0,0,0,0,0
150689,95000000,http://movies.disney.com/cinderella,en,Cinderella,101.187052,3/12/15,543514353,105,Released,Cinderella,6.7,2374,0,0,0,0,0,0,1,1,1,0,0,0,0,0,1,0,0,0,0,0
152532,5000000,NA,en,Dallas Buyers Club,59.454473,9/7/13,55198285,117,Released,Dallas Buyers Club,7.9,2886,0,0,0,0,0,0,1,0,0,0,1,0,0,0,0,0,0,0,0,0
152599,16000000,http://theimmigrant-lefilm.com/,en,The Immigrant,13.832464,7/3/13,5867686,117,Released,The Immigrant,6.2,250,0,0,0,0,0,0,1,0,0,0,0,0,0,0,1,0,0,0,0,0
152601,23000000,http://www.herthemovie.com/,en,Her,53.682367,12/18/13,47351251,126,Released,Her,7.9,4097,0,0,0,0,0,0,1,0,0,0,0,0,0,0,1,1,0,0,0,0
152737,25000000,NA,en,August: Osage County,20.561682,12/26/13,74188937,121,Released,August: Osage County,6.9,483,0,0,0,1,0,0,1,0,0,0,0,0,0,0,0,0,0,0,0,0
152742,13500000,http://lamiglioreoffertailfilm.it,en,La migliore offerta,30.058263,1/1/13,19255873,124,Released,The Best Offer,7.7,704,0,0,0,0,1,0,1,0,0,0,0,0,0,1,1,0,0,0,0,0
152747,9000000,NA,en,All Is Lost,28.540614,10/18/13,6108720,106,Released,All Is Lost,6.6,671,1,1,0,0,0,0,1,0,0,0,0,0,0,0,0,0,0,0,0,0
152760,70000000,http://www.monumentsmen.com/,en,The Monuments Men,43.873266,1/24/14,154984035,118,Released,The Monuments Men,5.8,1523,1,0,0,0,0,0,1,0,0,0,1,0,0,0,0,0,0,0,1,0
153158,22000000,NA,es,Metegol,14.866351,7/18/13,24e6,106,Released,Underdogs,6,122,0,1,1,0,0,0,0,0,0,0,0,0,0,0,1,0,0,0,0,0
153397,0,NA,en,Restless,0.812776,12/7/12,0,180,Released,Restless,4.9,8,0,0,0,0,0,0,1,0,0,0,0,0,0,0,1,0,0,1,0,0
153518,73000000,http://www.angrybirds-movie.com/en/,en,The Angry Birds Movie,45.720894,5/11/16,349779543,97,Released,The Angry Birds Movie,5.9,1022,0,0,1,0,0,0,0,1,0,0,0,0,0,0,0,0,0,0,0,0
153795,7000000,NA,en,Straight A's,4.50829,1/16/13,0,NA,Released,Straight A's,5.2,46,0,0,0,1,0,0,1,0,0,0,0,0,0,0,0,0,0,0,0,0
156022,55000000,NA,en,The Equalizer,79.922059,9/24/14,192330738,132,Released,The Equalizer,7.1,2954,1,0,0,0,1,0,0,0,0,0,0,0,0,0,0,0,1,0,0,0
157058,0,NA,en,30 Nights of Paranormal Activity With the Devil Inside the Girl With the Dragon Tattoo,1.737032,1/14/13,0,80,Released,30 Nights of Paranormal Activity With the Devil Inside the Girl With the Dragon Tattoo,2.9,28,0,0,0,1,0,0,0,0,0,0,0,0,0,0,0,0,0,0,0,0
157185,13,http://tincanmanthemovie.com/,en,Tin Can Man,0.332679,1/1/07,0,84,Released,Tin Can Man,2,1,0,0,0,0,0,0,0,0,0,0,0,1,0,0,0,0,0,0,0,0
157293,0,NA,hi,एबीसीडी,1.294967,2/7/13,222e3,160,Released,ABCD (Any Body Can Dance),5.6,10,0,0,0,0,0,0,1,0,0,0,0,0,1,0,0,0,0,0,0,0
157336,165000000,http://www.interstellarmovie.net/,en,Interstellar,724.247784,11/5/14,675120017,169,Released,Interstellar,8.1,10867,0,1,0,0,0,0,1,0,0,0,0,0,0,0,0,1,0,0,0,0
157350,85000000,http://www.thedivergentseries.movie/#divergent,en,Divergent,80.316463,3/14/14,288747895,139,Released,Divergent,6.9,4663,1,1,0,0,0,0,0,0,0,0,0,0,0,0,0,1,0,0,0,0
157353,100000000,NA,en,Transcendence,58.991388,4/16/14,103039258,119,Released,Transcendence,5.9,2295,0,0,0,0,0,0,1,0,0,0,0,0,0,1,0,1,1,0,0,0
157354,0,http://www.fruitvalefilm.com/,en,Fruitvale Station,20.967146,7/25/13,17385830,85,Released,Fruitvale Station,7.3,390,0,0,0,0,0,0,1,0,0,0,0,0,0,0,0,0,0,0,0,0
157386,2500000,http://spectacularnowmovie.com/,en,The Spectacular Now,25.722747,8/2/13,6854611,95,Released,The Spectacular Now,6.8,1048,0,0,0,1,0,0,1,0,0,0,0,0,0,0,1,0,0,0,0,0
157422,0,https://www.facebook.com/The-Wicked-Within-266290676718514/,en,The Wicked Within,1.906151,10/16/15,0,91,Released,The Wicked Within,4.2,26,0,0,0,0,0,0,0,0,0,0,0,1,0,0,0,0,0,0,0,0
157544,13000000,NA,en,The Vatican Tapes,10.475368,7/24/15,1784763,91,Released,The Vatican Tapes,4.6,243,0,0,0,0,0,0,0,0,0,0,0,1,0,0,0,0,1,0,0,0
157547,5000000,NA,en,Oculus,35.871248,9/8/13,44030246,104,Released,Oculus,6.3,1050,0,0,0,0,0,0,0,0,0,0,0,1,0,0,0,0,0,0,0,0
157841,33000000,NA,en,The Young and Prodigious T.S. Spivet,10.651202,10/16/13,9494789,105,Released,The Young and Prodigious T.S. Spivet,6.7,232,0,1,0,0,0,0,1,1,0,0,0,0,0,0,0,0,0,0,0,0
157847,4000000,NA,en,Joe,22.987897,4/11/14,2365467,118,Released,Joe,6.5,338,0,0,0,0,0,0,1,0,0,0,0,0,0,0,0,0,0,0,0,0
157849,15000000,NA,en,A Most Wanted Man,26.708193,7/25/14,31554855,121,Released,A Most Wanted Man,6.5,541,0,0,0,0,0,0,0,0,0,0,0,0,0,0,0,0,1,0,0,0
157909,0,NA,en,Show Me,0.231297,9/23/04,0,97,Released,Show Me,5.6,4,0,0,0,0,0,0,1,0,0,0,0,0,0,0,0,0,1,0,0,0
158011,13000000,http://www.call-movie.com/,en,The Call,34.532418,3/14/13,68572378,94,Released,The Call,6.6,1257,0,0,0,0,1,0,0,0,0,0,0,0,0,0,0,0,1,0,0,0
158015,3000000,NA,en,The Purge,54.403033,5/31/13,89328627,86,Released,The Purge,6,2428,0,0,0,0,0,0,0,0,0,0,0,1,0,0,0,1,1,0,0,0
158150,4000000,NA,en,How to Fall in Love,1.923514,7/21/12,0,0,Released,How to Fall in Love,5.2,20,0,0,0,1,0,0,0,0,0,0,0,0,0,0,1,0,0,1,0,0
158752,650,NA,en,Escape from Tomorrow,1.352222,10/11/13,0,90,Released,Escape from Tomorrow,4.8,87,0,0,0,0,0,0,0,0,1,0,0,1,0,0,0,0,0,0,0,0
158852,190000000,http://movies.disney.com/tomorrowland,en,Tomorrowland,130.311355,5/19/15,209154322,130,Released,Tomorrowland,6.2,2846,0,1,0,0,0,0,0,1,0,0,0,0,0,1,0,1,0,0,0,0
158895,0,http://www.montereymedia.com/theatrical/films/this_is_martin_bonner.html,en,This Is Martin Bonner,0.76368,6/28/13,0,83,Released,This Is Martin Bonner,6.6,4,0,0,0,0,0,0,1,0,0,0,0,0,0,0,0,0,0,0,0,0
159014,1000000,NA,en,20 Feet from Stardom,5.247956,6/14/13,0,89,Released,20 Feet from Stardom,7.4,85,0,0,0,0,0,1,0,0,0,0,0,0,1,0,0,0,0,0,0,0
159037,0,http://www.thesquarefilm.com/,ar,The Square,4.892203,6/7/13,0,88,Released,The Square,7.8,55,0,0,0,0,0,1,1,0,0,0,1,0,0,0,0,0,0,0,0,0
159770,0,http://www.thedirtiesthemovie.com/,en,The Dirties,0.833937,10/4/13,0,83,Released,The Dirties,6,42,0,0,0,0,0,0,1,0,0,0,0,0,0,0,0,0,0,0,0,0
159824,80000000,NA,en,Hotel Transylvania 2,61.692197,9/21/15,473226958,89,Released,Hotel Transylvania 2,6.7,1497,0,0,1,1,0,0,0,1,0,0,0,0,0,0,0,0,0,0,0,0
160588,18000000,NA,en,Blue Jasmine,34.694216,7/25/13,99206215,98,Released,Blue Jasmine,7,1098,0,0,0,1,0,0,1,0,0,0,0,0,0,0,0,0,0,0,0,0
161795,0,NA,en,Déjà Vu,0.605645,4/22/98,0,117,Released,Déjà Vu,8,1,0,0,0,0,0,0,1,0,0,0,0,0,0,0,1,0,0,0,0,0
162903,28000000,NA,en,The Fifth Estate,20.267062,10/11/13,8555008,128,Released,The Fifth Estate,5.7,364,0,0,0,0,0,0,1,0,0,0,0,0,0,0,0,0,1,0,0,0
164372,7000000,NA,ru,Снежная королева,5.33861,10/11/12,124e5,76,Released,The Snow Queen,5.1,47,0,0,1,0,0,0,0,0,1,0,0,0,0,0,0,0,0,0,0,0
164457,22000000,NA,en,Out of the Furnace,29.230298,12/6/13,154e5,116,Released,Out of the Furnace,6.5,720,0,0,0,0,1,0,1,0,0,0,0,0,0,0,0,0,1,0,0,0
164558,10000000,http://www.1dthisisus-movie.com/feature/mosaic/,en,One Direction: This Is Us,7.944457,8/28/13,0,92,Released,One Direction: This Is Us,8,201,0,0,0,0,0,1,0,0,0,0,0,0,1,0,0,0,0,0,0,0
165864,4500000,https://www.facebook.com/HanselGretelGetBaked,en,Hansel and Gretel Get Baked,2.503612,2/19/13,0,86,Released,Hansel and Gretel Get Baked,4.8,67,0,0,0,1,0,0,0,0,0,0,0,1,0,0,0,0,0,0,0,0
166424,120000000,http://www.fantasticfourmovie.com/,en,Fantastic Four,38.126095,8/5/15,167977596,100,Released,Fantastic Four,4.4,2278,1,1,0,0,0,0,0,0,0,0,0,0,0,0,0,1,0,0,0,0
166624,4700000,NA,en,Treading Water,0.217538,9/13/13,0,92,Released,Treading Water,5.6,6,0,0,0,1,0,0,1,0,0,0,0,0,0,0,0,0,0,0,0,0
167073,11000000,http://www.foxsearchlight.com/brooklyn/,en,Brooklyn,39.337949,10/20/15,62076141,111,Released,Brooklyn,7.2,1213,0,0,0,0,0,0,1,0,0,0,0,0,0,0,1,0,0,0,0,0
168027,0,NA,en,Freaky Deaky,4.448353,4/22/12,0,90,Released,Freaky Deaky,4.9,18,0,0,0,1,0,0,0,0,0,0,0,0,0,0,0,0,0,0,0,0
168259,190000000,http://www.furious7.com/,en,Furious 7,102.322217,4/1/15,1506249360,137,Released,Furious 7,7.3,4176,1,0,0,0,0,0,0,0,0,0,0,0,0,0,0,0,0,0,0,0
168530,25000000,NA,en,Ride Along,28.468,1/7/14,153997819,99,Released,Ride Along,6.1,853,1,0,0,1,0,0,0,0,0,0,0,0,0,0,0,0,0,0,0,0
168672,40000000,http://www.americanhustle-movie.com/,en,American Hustle,49.664128,12/12/13,251171807,138,Released,American Hustle,6.8,2807,0,0,0,0,1,0,1,0,0,0,0,0,0,0,0,0,0,0,0,0
168705,25000000,http://www.bloodrayne-themovie.com/main/index.html,en,BloodRayne,7.008216,10/22/05,2405420,95,Released,BloodRayne,3.5,118,1,1,0,0,0,0,0,0,1,0,0,1,0,0,0,0,0,0,0,0
169917,28000000,NA,en,A Walk Among the Tombstones,61.309619,9/18/14,53181600,113,Released,A Walk Among the Tombstones,6.2,1131,0,0,0,0,1,0,1,0,0,0,0,0,0,1,0,0,1,0,0,0
170480,0,https://www.facebook.com/pages/The-Deported/461198970651596,en,The Deported,0.194848,6/15/10,0,90,Released,The Deported,0,0,0,0,0,1,0,0,0,1,0,0,0,0,0,0,0,0,0,0,0,0
170687,60000000,NA,en,The Boxtrolls,30.656345,9/10/14,108255770,97,Released,The Boxtrolls,6.6,668,0,0,1,1,0,0,0,1,1,0,0,0,0,0,0,0,0,0,0,0
171274,20000000,http://inherentvicemovie.com/,en,Inherent Vice,45.742217,12/25/14,11110975,148,Released,Inherent Vice,6.5,833,0,0,0,1,1,0,1,0,0,0,0,0,0,1,1,0,0,0,0,0
171424,5000000,NA,en,The Green Inferno,17.845161,9/4/14,6833445,100,Released,The Green Inferno,5,349,1,1,0,0,0,0,0,0,0,0,0,1,0,0,0,0,1,0,0,0
171759,0,http://www.thelostmedallion.com/,en,The Lost Medallion: The Adventures of Billy Stone,2.952932,3/1/13,0,NA,Released,The Lost Medallion: The Adventures of Billy Stone,5.6,13,0,1,0,0,0,0,0,1,0,0,0,0,0,0,0,0,0,0,0,0
172385,103000000,http://www.riomovies.com/,en,Rio 2,42.40024,3/19/14,500188435,102,Released,Rio 2,6.3,978,0,1,1,1,0,0,0,1,0,0,0,0,0,0,0,0,0,0,0,0
172391,20000000,http://www.triggerfish.co.za/khumba/,en,Khumba,6.459787,7/18/13,27187375,NA,Released,Khumba,5.8,72,0,1,1,0,0,0,0,1,0,0,0,0,0,0,0,0,0,0,0,0
172533,0,http://www.magpictures.com/drinkingbuddies,en,Drinking Buddies,17.378455,8/23/13,343341,90,Released,Drinking Buddies,6,356,0,0,0,0,0,0,1,0,0,0,0,0,0,0,1,0,0,0,0,0
173224,250,NA,en,Along the Roadside,0.166655,2/28/13,0,118,Released,Along the Roadside,7.7,3,0,0,0,1,0,0,0,0,0,0,0,0,1,0,1,0,0,0,0,0
173931,19000000,NA,zh,兔侠传奇,0.738652,1/1/11,257e4,89,Released,Legend of a Rabbit,3,3,1,1,1,1,0,0,0,1,0,0,0,0,0,0,0,0,0,0,0,0
174311,0,NA,en,All Is Bright,3.613577,9/10/13,0,NA,Released,All Is Bright,5.3,36,0,0,0,1,0,0,1,0,0,0,0,0,0,0,0,0,0,0,0,0
174362,0,http://www.bendingsteelmovie.com/,en,Bending Steel,0.048726,4/20/13,0,93,Released,Bending Steel,5,1,0,0,0,0,0,1,0,0,0,0,0,0,0,0,0,0,0,0,0,0
174751,25000000,https://www.facebook.com/JaneGotAGunFilm/,en,Jane Got a Gun,15.333575,1/1/16,1397284,98,Released,Jane Got a Gun,5.4,285,1,0,0,0,0,0,1,0,0,0,0,0,0,0,0,0,0,0,0,1
175291,0,NA,en,Cheap Thrills,10.826253,3/8/13,0,85,Released,Cheap Thrills,6.3,155,0,0,0,1,1,0,1,0,0,0,0,0,0,0,0,0,0,0,0,0
175528,8500000,NA,en,Baggage Claim,11.436405,9/27/13,22456509,96,Released,Baggage Claim,5.6,85,0,0,0,1,0,0,0,0,0,0,0,0,0,0,0,0,0,0,0,0
175541,17500000,http://www.foxsearchlight.com/blacknativity/,en,Black Nativity,7.180403,11/27/13,7018189,93,Released,Black Nativity,5.8,16,0,0,0,0,0,0,1,0,0,0,0,0,1,0,0,0,0,0,0,0
175555,0,http://www.amadeachristmasmovie.com,en,A Madea Christmas,5.377155,12/13/13,0,100,Released,A Madea Christmas,7,35,0,0,0,1,0,0,1,0,0,0,0,0,0,0,0,0,0,0,0,0
175574,55000000,NA,en,Free Birds,14.414937,10/30/13,11e7,91,Released,Free Birds,5.7,254,0,0,1,1,0,0,0,1,0,0,0,0,0,0,0,0,0,0,0,0
176077,0,NA,en,Enter the Dangerous Mind,1.998826,3/11/13,0,88,Released,Enter the Dangerous Mind,4.8,14,0,0,0,0,0,0,0,0,0,0,0,0,0,0,0,0,1,0,0,0
176124,1200000,http://www.homerunthemovie.com/,en,Home Run,3.085411,4/19/13,2861020,114,Released,Home Run,6.3,24,0,0,0,0,0,0,1,0,0,0,0,0,0,0,0,0,0,0,0,0
177572,165000000,http://movies.disney.com/big-hero-6,en,Big Hero 6,203.73459,10/24/14,652105443,102,Released,Big Hero 6,7.8,6135,1,1,1,1,0,0,0,1,0,0,0,0,0,0,0,0,0,0,0,0
177677,150000000,http://www.missionimpossible.com,en,Mission: Impossible - Rogue Nation,114.522237,7/23/15,682330139,131,Released,Mission: Impossible - Rogue Nation,7.1,3224,1,1,0,0,0,0,0,0,0,0,0,0,0,0,0,0,1,0,0,0
178862,0,http://thearousedproject.com/,en,Aroused,2.557258,2/20/13,0,73,Released,Aroused,7.2,11,0,0,0,0,0,1,0,0,0,0,0,0,0,0,0,0,0,0,0,0
179144,12400000,http://www.indigofilm.it/produzioni/film/61/la-grande-bellezza/,it,La grande bellezza,32.523573,5/21/13,8371085,142,Released,The Great Beauty,7.3,720,0,0,0,1,0,0,1,0,0,0,0,0,0,0,0,0,0,0,0,0
180296,0,NA,en,They Came Together,12.036888,6/27/14,0,84,Released,They Came Together,5.3,171,0,0,0,1,0,0,0,0,0,0,0,0,0,0,0,0,0,0,0,0
180383,500000,http://www.rickyjaymovie.com/,en,Deceptive Practice: The Mysteries and Mentors of Ricky Jay,0.425195,10/4/12,0,88,Released,Deceptive Practice: The Mysteries and Mentors of Ricky Jay,7.1,17,0,0,0,0,0,1,0,0,0,0,0,0,0,0,0,0,0,0,0,0
181283,50000000,NA,en,Child 44,40.371098,3/15/15,3324330,137,Released,Child 44,6.1,547,0,0,0,0,1,0,0,0,0,0,0,0,0,0,0,0,1,0,0,0
181330,0,http://kevinhartnation.com/portfolio/let-me-explain-2012/,en,Kevin Hart: Let Me Explain,9.799357,7/3/13,32230907,74,Released,Kevin Hart: Let Me Explain,7.1,95,0,0,0,1,0,1,0,0,0,0,0,0,0,0,0,0,0,0,0,0
181533,127000000,NA,en,Night at the Museum: Secret of the Tomb,115.597753,12/17/14,349424282,97,Released,Night at the Museum: Secret of the Tomb,6.1,1851,0,1,0,1,0,0,0,1,1,0,0,0,0,0,0,0,0,0,0,0
181940,0,NA,en,Arnolds Park,0.006069,7/20/07,0,103,Released,Carousel of Revenge,0,0,0,0,0,0,0,0,0,0,0,0,0,0,0,1,0,0,1,0,0,0
182291,0,NA,en,On The Downlow,0.029757,4/11/04,0,90,Released,On The Downlow,6,2,0,0,0,0,0,0,1,0,0,0,0,0,0,0,0,0,0,0,0,0
182873,0,NA,en,Green Street Hooligans: Underground,5.0005,1/1/13,0,90,Released,Green Street Hooligans: Underground,5.4,33,1,0,0,0,0,0,1,0,0,0,0,0,0,0,0,0,0,0,0,0
183894,0,NA,en,Emma,2.135689,10/11/09,0,240,Released,Emma,7.6,38,0,0,0,1,0,0,1,0,0,0,0,0,0,0,1,0,0,0,0,0
184098,24000000,NA,en,Think Like a Man Too,15.237142,6/20/14,70181428,105,Released,Think Like a Man Too,6.4,225,0,0,0,1,0,0,0,0,0,0,0,0,0,0,1,0,0,0,0,0
184315,100000000,NA,en,Hercules,76.842247,7/23/14,2434e5,99,Released,Hercules,5.6,1680,1,1,0,0,0,0,0,0,0,0,0,0,0,0,0,0,0,0,0,0
184341,20000000,NA,en,Hands of Stone,7.444189,8/26/16,0,105,Released,Hands of Stone,6.1,109,0,0,0,0,0,0,1,0,0,0,0,0,0,0,0,0,0,0,0,0
184345,0,NA,en,A Haunted House 2,18.428909,4/17/14,0,87,Released,A Haunted House 2,5.4,346,0,0,0,1,0,0,0,0,0,0,0,1,0,0,0,0,0,0,0,0
184346,30000000,NA,en,Deliver Us from Evil,29.359201,7/1/14,0,118,Released,Deliver Us from Evil,5.9,690,0,0,0,0,1,0,0,0,0,0,0,1,0,0,0,0,1,0,0,0
184374,10000000,http://www.facebook.com/CincodeMayo.LaPelicula,es,Cinco de Mayo: La Batalla,0.072085,5/3/13,0,125,Released,Cinco de Mayo: La Batalla,5.8,14,0,0,0,0,0,0,1,0,0,0,1,0,0,0,0,0,0,0,1,0
185008,7700000,http://www.facebook.com/YehJawaaniHaiDeewani,hi,Yeh Jawaani Hai Deewani,3.353176,5/31/13,46e6,159,Released,Yeh Jawaani Hai Deewani,7.2,79,0,0,0,0,0,0,0,0,0,0,0,0,0,0,1,0,0,0,0,0
185465,0,NA,en,Manito,0.039264,1/15/02,0,78,Released,Manito,5.5,2,0,0,0,0,0,0,1,0,0,0,0,0,0,0,0,0,0,0,0,0
185567,16000000,NA,en,Zulu,14.529496,12/4/13,0,110,Released,Zulu,6.7,172,0,0,0,0,1,0,1,0,0,0,0,0,0,0,0,0,1,0,0,0
186935,1000000,NA,es,Heli,3.629777,8/9/13,0,105,Released,Heli,6.2,32,0,0,0,0,1,0,1,0,0,0,0,0,0,0,0,0,0,0,0,0
187017,50000000,http://www.22jumpstreetmovie.com,en,22 Jump Street,52.380982,6/5/14,188441614,112,Released,22 Jump Street,7,3319,1,0,0,1,1,0,0,0,0,0,0,0,0,0,0,0,0,0,0,0
188161,0,NA,en,A Million Ways to Die in the West,32.808675,5/22/14,0,116,Released,A Million Ways to Die in the West,5.8,1468,0,0,0,1,0,0,0,0,0,0,0,0,0,0,0,0,0,0,0,1
188166,0,http://blueruinmovie.com/,en,Blue Ruin,25.349758,4/25/14,258384,90,Released,Blue Ruin,6.9,462,0,0,0,0,1,0,0,0,0,0,0,0,0,0,0,0,1,0,0,0
188207,70000000,NA,en,The Legend of Hercules,25.020428,1/10/14,61279452,99,Released,The Legend of Hercules,4.4,533,1,1,0,0,0,0,0,0,0,0,0,0,0,0,0,0,0,0,0,0
188652,0,http://johnnyxmovie.com/,en,The Ghastly Love of Johnny X,0.209475,4/26/13,0,NA,Released,The Ghastly Love of Johnny X,6.6,8,0,0,0,1,0,0,0,0,1,0,0,0,1,0,0,0,0,0,0,0
188927,185000000,http://www.startrekmovie.com/,en,Star Trek Beyond,65.352913,7/7/16,343471816,122,Released,Star Trek Beyond,6.6,2568,1,1,0,0,0,0,0,0,0,0,0,0,0,0,0,1,0,0,0,0
189711,0,NA,en,Love in the Time of Monsters,0.133619,3/8/14,0,0,Released,Love in the Time of Monsters,5,2,0,0,0,1,0,0,0,0,0,0,0,1,0,0,0,0,0,0,0,0
190847,0,NA,en,The Last Days on Mars,18.764453,8/11/13,0,98,Released,The Last Days on Mars,5.2,302,0,0,0,0,0,0,0,0,0,0,0,1,0,0,0,1,1,0,0,0
190859,58800000,http://www.americansnipermovie.com,en,American Sniper,87.53437,12/11/14,542307423,133,Released,American Sniper,7.4,4469,1,0,0,0,0,0,0,0,0,0,0,0,0,0,0,0,0,0,1,0
190955,25500000,NA,en,Blood Ties,12.756344,8/22/13,2415472,128,Released,Blood Ties,6,171,0,0,0,0,1,0,1,0,0,0,0,0,0,0,0,0,1,0,0,0
191714,1000000,NA,hi,Dabba,14.017809,9/19/13,4235151,104,Released,The Lunchbox,7.3,221,0,0,0,0,0,0,1,0,0,0,0,0,0,0,1,0,0,0,0,0
192102,28000000,NA,en,3 Days to Kill,41.638961,2/14/14,52597999,113,Released,3 Days to Kill,6,883,1,0,0,0,1,0,1,0,0,0,0,0,0,0,0,0,1,0,0,0
192132,0,NA,en,Palo Alto,16.570708,5/9/14,0,100,Released,Palo Alto,6.4,348,0,0,0,0,0,0,1,0,0,0,0,0,0,0,0,0,0,0,0,0
192134,0,NA,en,Dom Hemingway,10.416332,11/15/13,523511,93,Released,Dom Hemingway,5.8,212,0,0,0,1,1,0,1,0,0,0,0,0,0,0,0,0,0,0,0,0
192136,35000000,NA,en,Mandela: Long Walk to Freedom,15.50957,12/6/13,2733e4,141,Released,Mandela: Long Walk to Freedom,6.5,224,0,0,0,0,0,0,1,0,0,0,1,0,0,0,0,0,0,0,0,0
192141,5000000,NA,en,No Escape,38.006982,8/26/15,54418872,103,Released,No Escape,6.7,777,1,0,0,0,0,0,0,0,0,0,0,0,0,0,0,0,1,0,0,0
192210,3000000,NA,en,Open Road,2.680629,4/12/13,0,85,Released,Open Road,5.2,18,1,0,0,0,0,0,1,0,0,0,0,0,0,0,0,0,1,0,0,0
192577,30000000,NA,ja,キャプテンハーロック,14.726338,9/7/13,17137302,115,Released,Space Pirate Captain Harlock,6.5,356,0,0,1,0,0,0,0,0,0,0,0,0,0,0,0,1,0,0,0,0
193603,60000,NA,en,Hayride,0.412342,10/13/12,0,93,Released,Hayride,5.1,6,0,0,0,0,0,0,0,0,0,0,0,1,0,0,0,0,1,0,0,0
193610,40000000,NA,en,The Other Woman,34.519636,4/16/14,196781193,109,Released,The Other Woman,6.2,1437,0,0,0,1,0,0,0,0,0,0,0,0,0,0,1,0,0,0,0,0
193613,18000000,NA,en,Metallica: Through the Never,7.871686,9/25/13,7972967,93,Released,Metallica: Through the Never,6.7,83,0,0,0,0,0,0,0,0,0,0,0,0,1,0,0,0,0,0,0,0
193722,5500000,http://www.r-100.com/,ja,R100,3.21392,10/5/13,0,100,Released,R100,5.4,31,0,0,0,1,0,0,1,0,0,0,0,0,0,0,0,0,0,0,0,0
193756,40000000,http://www.lonesurvivorfilm.com/,en,Lone Survivor,37.084384,12/24/13,149295601,121,Released,Lone Survivor,7.4,1526,1,0,0,0,0,0,1,0,0,0,0,0,0,0,0,0,1,0,1,0
193893,17000000,NA,en,Let's Be Cops,70.668923,8/13/14,136621271,104,Released,Let's Be Cops,6.4,1219,0,0,0,1,0,0,0,0,0,0,0,0,0,0,0,0,0,0,0,0
194662,18000000,NA,en,Birdman,89.811154,8/27/14,103215094,119,Released,Birdman,7.4,4535,0,0,0,1,0,0,1,0,0,0,0,0,0,0,0,0,0,0,0,0
195589,18000000,NA,en,Neighbors,36.471231,5/8/14,268157400,96,Released,Neighbors,6.2,2713,0,0,0,1,0,0,0,0,0,0,0,0,0,0,0,0,0,0,0,0
196867,65000000,NA,en,Annie,33.439187,12/19/14,133821816,119,Released,Annie,6,466,0,0,0,1,0,0,1,1,0,0,0,0,0,0,0,0,0,0,0,0
198062,0,http://coffeetown.com/,en,Coffee Town,2.253589,7/9/13,0,NA,Released,Coffee Town,6.7,45,0,0,0,1,0,0,0,0,0,0,0,0,0,0,0,0,0,0,0,0
198184,49000000,http://www.chappie-movie.com,en,Chappie,116.700319,3/4/15,104399548,120,Released,Chappie,6.6,3062,1,0,0,0,1,0,0,0,0,0,0,0,0,0,0,1,0,0,0,0
198185,25000000,http://movies.disney.com/million-dollar-arm,en,Million Dollar Arm,17.312433,5/9/14,38307627,124,Released,Million Dollar Arm,6.6,259,0,0,0,0,0,0,1,0,0,0,0,0,0,0,0,0,0,0,0,0
198277,8000000,NA,en,Begin Again,35.735689,9/7/13,63464861,104,Released,Begin Again,7.3,1254,0,0,0,1,0,0,1,0,0,0,0,0,1,0,1,0,0,0,0,0
198663,34000000,http://themazerunnermovie.com/,en,The Maze Runner,131.815575,9/10/14,348319861,113,Released,The Maze Runner,7,5371,1,0,0,0,0,0,0,0,0,0,0,0,0,1,0,1,1,0,0,0
199373,27220000,NA,en,The Frozen Ground,28.060472,7/18/13,5496951,105,Released,The Frozen Ground,6.1,465,0,0,0,0,1,0,0,0,0,0,0,0,0,0,0,0,1,0,0,0
199933,5000000,http://www.atlasshruggedmovie.com/,en,Atlas Shrugged Part III: Who is John Galt?,1.731035,9/12/14,846704,99,Released,Atlas Shrugged Part III: Who is John Galt?,3.9,15,0,0,0,0,0,0,1,0,0,0,0,0,0,1,0,1,0,0,0,0
200505,25000000,NA,en,Draft Day,14.17009,4/11/14,28831145,109,Released,Draft Day,6.5,304,0,0,0,0,0,0,1,0,0,0,0,0,0,0,0,0,0,0,0,0
201088,70000000,http://www.legendary.com/film/blackhat/,en,Blackhat,46.832372,1/13/15,17752940,133,Released,Blackhat,5.1,826,0,0,0,0,1,0,1,0,0,0,0,0,0,1,0,0,0,0,0,0
201132,1000000,http://www.frozensouth.com/,en,Antarctica: A Year on Ice,1.883947,9/5/13,0,92,Released,Antarctica: A Year on Ice,7.2,29,0,1,0,0,0,1,1,0,0,0,0,0,0,0,0,0,0,0,0,0
202575,34000000,http://www.nwave.com/films/3d-feature-films/13-films-cat/feature/95-the-house-of-magic-3d,en,The House of Magic,12.867326,12/24/13,0,85,Released,Thunder and the House of Magic,6.3,121,0,1,1,0,0,0,0,1,1,0,0,0,0,0,0,0,0,0,0,0
202604,0,NA,en,The Vatican Exorcisms,0.447166,5/29/13,0,0,Released,The Vatican Exorcisms,4.4,11,0,0,0,0,0,1,0,0,0,0,0,1,0,1,0,0,0,0,0,0
203801,75000000,NA,en,The Man from U.N.C.L.E.,48.744209,8/13/15,108145109,116,Released,The Man from U.N.C.L.E.,7.1,2265,1,1,0,1,0,0,0,0,0,0,0,0,0,0,0,0,0,0,0,0
203833,0,http://www.thebookthief.com/,en,The Book Thief,57.84156,11/8/13,76586316,131,Released,The Book Thief,7.4,1486,0,0,0,0,0,0,1,0,0,0,0,0,0,0,0,0,0,0,0,0
204082,22000000,NA,en,Homefront,35.737655,11/27/13,43058898,100,Released,Homefront,6.4,875,1,0,0,0,0,0,0,0,0,0,0,0,0,0,0,0,1,0,0,0
204922,22000000,NA,en,Before I Go to Sleep,48.784734,9/3/14,15447154,92,Released,Before I Go to Sleep,6.2,659,0,0,0,0,0,0,0,0,0,0,0,0,0,1,0,0,1,0,0,0
205126,1800000,NA,en,Independence Daysaster,1.959405,6/27/13,0,86,Released,Independence Daysaster,4.2,22,1,0,0,0,0,0,0,0,0,0,0,0,0,0,0,1,0,0,0,0
205220,12000000,NA,en,Philomena,29.019504,11/1/13,100129872,98,Released,Philomena,7.4,579,0,0,0,0,0,0,1,0,0,0,0,0,0,0,0,0,0,0,0,0
205321,1000000,http://www.theasylum.cc/product.php?id=230,en,Sharknado,20.466433,7/11/13,0,86,Released,Sharknado,3.8,476,0,0,0,0,0,0,0,0,0,0,0,1,0,0,0,0,0,1,0,0
205584,140000000,NA,en,Gods of Egypt,56.257249,2/25/16,150680864,127,Released,Gods of Egypt,5.3,1277,0,0,0,0,0,0,0,0,1,0,0,0,0,0,0,0,0,0,0,0
205587,50000000,http://thejudgemovie.com/,en,The Judge,42.472324,10/8/14,83719388,141,Released,The Judge,7.2,1417,0,0,0,0,0,0,1,0,0,0,0,0,0,0,0,0,0,0,0,0
205588,0,NA,en,Our Kind of Traitor,10.547959,5/5/16,9930095,108,Released,Our Kind of Traitor,6,160,0,0,0,0,0,0,0,0,0,0,0,0,0,0,0,0,1,0,0,0
205596,14000000,http://theimitationgamemovie.com/,en,The Imitation Game,145.364591,11/14/14,233555708,113,Released,The Imitation Game,8,5723,0,0,0,0,0,0,1,0,0,0,1,0,0,0,0,0,1,0,1,0
205775,100000000,http://www.intheheartoftheseamovie.com/,en,In the Heart of the Sea,50.767332,11/20/15,93820758,122,Released,In the Heart of the Sea,6.5,1276,1,1,0,0,0,0,1,0,0,0,1,0,0,0,0,0,1,0,0,0
206197,0,http://www.thesisterhoodofnight-movie.com/,en,The Sisterhood of Night,2.868942,4/10/15,0,104,Released,The Sisterhood of Night,6.5,31,0,0,0,0,0,0,1,0,0,0,0,0,0,1,0,0,1,0,0,0
206213,0,https://www.facebook.com/zombiehuntermovie,en,Zombie Hunter,3.418372,7/25/13,0,93,Released,Zombie Hunter,3.5,34,1,0,0,1,0,0,0,0,0,0,0,0,0,0,0,1,1,0,0,0
206284,0,http://www.graceunplugged.com/,en,Grace Unplugged,2.160586,10/4/13,0,102,Released,Grace Unplugged,6,24,0,0,0,0,0,0,1,0,0,0,0,0,1,0,0,0,0,0,0,0
206296,0,NA,en,The Last Five Years,5.563068,11/3/14,0,NA,Released,The Last Five Years,5.5,143,0,0,0,1,0,0,1,0,0,0,0,0,1,0,1,0,0,0,0,0
206563,0,NA,pt,Trash,14.637357,10/9/14,0,112,Released,Trash,7.1,242,0,1,0,0,1,0,1,0,0,0,0,0,0,0,0,0,1,0,0,0
206647,245000000,http://www.sonypictures.com/movies/spectre/,en,Spectre,107.376788,10/26/15,880674609,148,Released,Spectre,6.3,4466,1,1,0,0,1,0,0,0,0,0,0,0,0,0,0,0,0,0,0,0
207769,950000,http://www.filmbreak.com/projects/banshee-chapter,en,Banshee Chapter,7.310879,8/26/13,0,87,Released,Banshee Chapter,5.7,92,0,0,0,0,0,0,0,0,0,0,0,1,0,0,0,0,1,0,0,0
208134,15000000,NA,en,Jackass Presents: Bad Grandpa,27.165222,10/22/13,151831537,92,Released,Bad Grandpa,6,680,0,0,0,1,0,0,0,0,0,0,0,0,0,0,0,0,0,0,0,0
208763,26000000,NA,ru,Viy,7.182761,1/30/14,0,127,Released,Forbidden Kingdom,4.9,71,0,1,0,0,0,0,0,0,1,0,0,0,0,1,0,0,1,0,0,0
208869,10,NA,en,Plastic,9.70276,4/30/14,0,102,Released,Plastic,6.1,86,1,0,0,1,1,0,1,0,0,0,0,0,0,0,0,0,0,0,0,0
209112,250000000,http://www.batmanvsupermandawnofjustice.com/,en,Batman v Superman: Dawn of Justice,155.790452,3/23/16,873260194,151,Released,Batman v Superman: Dawn of Justice,5.7,7004,1,1,0,0,0,0,0,0,1,0,0,0,0,0,0,0,0,0,0,0
209263,0,NA,en,Enough Said,14.969093,9/18/13,25288872,93,Released,Enough Said,6.6,348,0,0,0,1,0,0,1,0,0,0,0,0,0,0,1,0,0,0,0,0
209274,2159280,NA,pl,Ida,13.265432,10/25/13,107e5,80,Released,Ida,7.1,260,0,0,0,0,0,0,1,0,0,0,0,0,0,0,0,0,0,0,0,0
209403,9500000,NA,en,Bad Words,14.105392,9/6/13,78e5,88,Released,Bad Words,6.4,334,0,0,0,1,0,0,0,0,0,0,0,0,0,0,0,0,0,0,0,0
209451,40000000,NA,en,Jersey Boys,14.199933,6/5/14,67347013,134,Released,Jersey Boys,6.8,255,0,0,0,0,0,0,1,0,0,0,0,0,1,0,0,0,0,0,0,0
210577,61000000,http://www.gonegirlmovie.com/,en,Gone Girl,143.041543,10/1/14,369330363,145,Released,Gone Girl,7.9,5862,0,0,0,0,0,0,1,0,0,0,0,0,0,1,0,0,1,0,0,0
210860,60000000,http://mortdecaithemovie.com/,en,Mortdecai,52.417529,1/21/15,30418560,106,Released,Mortdecai,5.4,1055,0,1,0,1,0,0,0,0,0,0,0,0,0,0,0,0,0,0,0,0
211086,550000,NA,hi,Faith Connections,0.48088,11/21/13,0,115,Released,Faith Connections,4.2,3,0,0,0,0,0,1,1,0,0,0,0,0,0,0,0,0,0,0,0,0
211557,0,NA,en,Vessel,0.322553,10/28/12,0,14,Released,Vessel,5.9,8,0,0,0,0,0,0,0,0,0,0,0,1,0,0,0,1,0,0,0,0
211672,74000000,http://www.minionsmovie.com/,en,Minions,875.581305,6/17/15,1156730962,91,Released,Minions,6.4,4571,0,1,1,1,0,0,0,1,0,0,0,0,0,0,0,0,0,0,0,0
211954,5500000,NA,es,No se Aceptan Devoluciones,9.59729,7/20/13,99067206,115,Released,Instructions Not Included,7.5,205,0,0,0,1,0,0,1,0,0,0,0,0,0,0,0,0,0,0,0,0
214756,68000000,NA,en,Ted 2,68.734513,6/25/15,217022588,115,Released,Ted 2,6.2,2463,0,0,0,1,0,0,0,0,0,0,0,0,0,0,0,0,0,0,0,0
215211,30000000,NA,en,Grace of Monaco,10.958697,5/14/14,0,103,Released,Grace of Monaco,5.8,195,0,0,0,0,0,0,1,0,0,0,0,0,0,0,1,0,0,0,0,0
215881,0,http://plushthemovie.com/,en,Plush,5.099368,9/13/13,0,NA,Released,Plush,5.4,40,0,0,0,0,0,0,0,0,0,0,0,0,0,0,0,0,1,0,0,0
215918,1000000,https://www.facebook.com/watch1982,en,1982,0.175885,12/31/13,0,90,Released,1982,5,1,0,0,0,0,0,0,1,0,0,0,0,0,0,0,0,0,0,0,0,0
215924,1300000,NA,es,Los insólitos peces gato,1.473405,8/10/13,0,87,Released,The Amazing Catfish,5.7,17,0,0,0,1,0,0,1,0,0,0,0,0,0,0,0,0,0,0,0,0
216015,40000000,https://www.facebook.com/fiftyshadesofgreymovie,en,Fifty Shades of Grey,98.755657,2/11/15,571006128,125,Released,Fifty Shades of Grey,5.2,3254,0,0,0,0,0,0,1,0,0,0,0,0,0,0,1,0,1,0,0,0
216282,50000000,NA,en,Into the Storm,20.566554,8/6/14,160602194,89,Released,Into the Storm,5.8,817,1,0,0,0,0,0,0,0,0,0,0,0,0,0,0,0,1,0,0,0
217708,10,http://hrosss.is/the-film/,is,Hross í oss,1.617943,8/30/13,11,85,Released,Of Horses and Men,6.9,26,0,0,0,1,0,0,1,0,0,0,0,0,0,0,1,0,0,0,0,0
218043,16000000,http://www.leftbehindmovie.com/,en,Left Behind,33.452469,10/3/14,19682924,110,Released,Left Behind,3.7,392,1,0,0,0,0,0,0,0,0,0,0,0,0,0,0,1,1,0,0,0
218500,0,NA,en,The Ballad of Gregorio Cortez,0.592821,8/19/83,0,104,Released,The Ballad of Gregorio Cortez,0,0,0,0,0,0,0,0,0,0,0,0,0,0,0,0,0,0,0,0,0,1
218778,28000000,http://movies.disney.com/alexander-and-the-terrible-horrible-no-good-very-bad-day/,en,"Alexander and the Terrible, Horrible, No Good, Very Bad Day",22.14595,10/8/14,100654149,81,Released,"Alexander and the Terrible, Horrible, No Good, Very Bad Day",6.1,493,0,0,0,1,0,0,0,1,0,0,0,0,0,0,0,0,0,0,0,0
220488,0,NA,zh,非常幸运,1.86453,9/17/13,0,114,Released,My Lucky Star,4.3,8,0,0,0,1,0,0,0,0,0,0,0,0,0,0,1,0,0,0,0,0
220490,0,NA,en,Her Cry: La Llorona Investigation,0.056459,4/19/13,0,89,Released,Her Cry: La Llorona Investigation,0,0,0,0,0,0,0,0,0,0,0,0,0,1,0,0,0,0,0,0,0,0
222250,0,NA,en,A True Story,0.970351,9/20/13,0,96,Released,A True Story,6.8,2,0,0,0,1,0,0,0,0,0,0,0,0,0,0,0,0,0,0,0,0
222649,0,NA,en,Rosewater,5.75555,11/7/14,0,103,Released,Rosewater,6.5,98,0,0,0,0,0,0,1,0,0,0,0,0,0,0,0,0,0,0,0,0
222899,12500000,NA,en,About Last Night,11.828068,2/14/14,49002684,100,Released,About Last Night,6,210,0,0,0,1,0,0,0,0,0,0,0,0,0,0,1,0,0,0,0,0
222935,12000000,NA,en,The Fault in Our Stars,74.358971,5/16/14,307166834,125,Released,The Fault in Our Stars,7.6,3759,0,0,0,0,0,0,1,0,0,0,0,0,0,0,1,0,0,0,0,0
222936,37000000,NA,en,Aloha,29.652536,5/27/15,26250020,105,Released,Aloha,5.2,692,0,0,0,1,0,0,1,0,0,0,0,0,0,0,1,0,0,0,0,0
223485,0,NA,en,Slow West,14.936661,4/16/15,229094,84,Released,Slow West,6.6,367,0,0,0,0,0,0,0,0,0,0,0,0,0,0,1,0,1,0,0,1
223702,19000000,http://www.sausagepartymovie.com,en,Sausage Party,66.242737,7/11/16,140752617,83,Released,Sausage Party,5.6,2238,0,1,1,1,0,0,0,0,1,0,0,0,0,0,0,0,0,0,0,0
224141,50000000,http://movies.disney.com/into-the-woods/,en,Into the Woods,65.90161,12/25/14,212902372,125,Released,Into the Woods,5.6,1652,0,0,0,1,0,0,0,0,1,0,0,0,1,0,0,0,0,0,0,0
224569,0,NA,en,Taxman,0.964802,9/16/99,0,104,Released,Taxman,2,1,1,0,0,1,1,0,0,0,0,0,0,0,0,0,0,0,1,0,0,0
225235,0,NA,ru,Географ глобус пропил,1.876621,7/26/13,4037782,120,Released,The Geographer Drank His Globe Away,7.3,23,0,0,0,0,0,0,1,0,0,0,0,0,0,0,0,0,0,0,0,0
225565,8000000,NA,en,That Awkward Moment,37.821106,1/29/14,26049082,94,Released,That Awkward Moment,6.1,1004,0,0,0,1,0,0,0,0,0,0,0,0,0,0,1,0,0,0,0,0
225574,50000000,NA,en,Non-Stop,83.295796,1/26/14,222809600,106,Released,Non-Stop,6.8,2268,1,0,0,0,0,0,0,0,0,0,0,0,0,1,0,0,1,0,0,0
225886,40000000,NA,en,Sex Tape,72.641296,7/17/14,126069509,97,Released,Sex Tape,5.3,1695,0,0,0,1,0,0,0,0,0,0,0,0,0,0,0,0,0,0,0,0
226354,0,http://www.thechristmascandlemovie.com/,en,The Christmas Candle,1.799504,11/22/13,0,100,Released,The Christmas Candle,5.8,8,0,0,0,0,0,0,1,1,0,0,0,0,0,0,0,0,0,0,0,0
226458,0,NA,en,Backmask,3.619167,1/16/15,0,91,Released,Backmask,4.7,79,0,0,0,0,0,0,0,0,0,0,0,1,0,0,0,0,1,0,0,0
226486,20000000,NA,en,Tammy,21.657563,7/2/14,100525432,97,Released,Tammy,5,500,0,0,0,1,0,0,0,0,0,0,0,0,0,0,0,0,0,0,0,0
226857,20000000,NA,en,Endless Love,27.256849,2/12/14,34077920,103,Released,Endless Love,6.7,542,0,0,0,0,0,0,1,0,0,0,0,0,0,0,1,0,0,0,0,0
227156,25000000,http://thegiverfilm.com/,en,The Giver,53.811461,8/11/14,66980456,94,Released,The Giver,6.4,1798,0,0,0,0,0,0,1,0,0,0,0,0,0,0,0,1,0,0,0,0
227159,42000000,NA,en,Horrible Bosses 2,82.185281,11/26/14,107670357,108,Released,Horrible Bosses 2,6.1,1536,0,0,0,1,0,0,0,0,0,0,0,0,0,0,0,0,0,0,0,0
227306,65000000,http://www.unbrokenfilm.com/,en,Unbroken,43.055253,12/25/14,163442937,137,Released,Unbroken,7.3,1400,0,0,0,0,0,0,1,0,0,0,0,0,0,0,0,0,0,0,1,0
227348,5000000,NA,en,Paranormal Activity: The Marked Ones,19.984477,1/1/14,86362372,84,Released,Paranormal Activity: The Marked Ones,5.2,449,0,0,0,0,0,0,0,0,0,0,0,1,0,0,0,0,1,0,0,0
227707,25000000,NA,en,The Adventurer: The Curse of the Midas Box,8.842722,12/5/13,6399,99,Released,The Adventurer: The Curse of the Midas Box,5.1,73,0,1,0,0,0,0,0,1,1,0,0,0,0,0,0,0,0,0,0,0
227719,12000000,http://www.projectalmanac.com/,en,Project Almanac,32.940597,1/30/15,32248241,106,Released,Project Almanac,6.4,933,0,0,0,0,0,0,0,0,0,0,0,0,0,0,0,1,1,0,0,0
227735,36000000,http://www.seewinter.com/,en,Dolphin Tale 2,6.967857,9/12/14,52424533,107,Released,Dolphin Tale 2,6.7,96,0,0,0,0,0,0,1,1,0,0,0,0,0,0,0,0,0,0,0,0
227783,0,NA,en,The Nut Job,18.568021,1/17/14,0,85,Released,The Nut Job,5.5,319,0,1,1,1,0,0,0,1,0,0,0,0,0,0,0,0,0,0,0,0
227973,99000000,http://www.peanutsmovie.com/,en,The Peanuts Movie,34.308098,11/5/15,246233113,88,Released,The Peanuts Movie,6.5,604,0,0,1,0,0,0,0,0,0,0,0,0,0,0,0,0,0,0,0,0
227975,0,NA,pt,Praia do Futuro,2.611364,5/1/14,0,106,Released,Futuro Beach,6.4,31,0,0,0,0,0,0,1,0,0,0,0,0,0,0,0,0,0,0,0,0
228066,40000000,http://www.foxmovies.com/movies/victor-frankenstein,en,Victor Frankenstein,24.821138,11/10/15,34227298,109,Released,Victor Frankenstein,5.6,685,0,0,0,0,0,0,1,0,0,0,0,0,0,0,0,1,1,0,0,0
228150,68000000,NA,en,Fury,139.575085,10/15/14,211817906,135,Released,Fury,7.4,3946,1,0,0,0,0,0,1,0,0,0,0,0,0,0,0,0,0,0,1,0
228161,135000000,http://www.meettheboov.com/,en,Home,63.473086,3/18/15,368871007,94,Released,Home,6.8,1519,0,0,1,1,0,0,0,1,1,0,0,0,0,0,0,1,0,0,0,0
228165,74000000,http://www.spongebobmovie.com/,en,The SpongeBob Movie: Sponge Out of Water,36.952268,2/5/15,311594032,93,Released,The SpongeBob Movie: Sponge Out of Water,5.8,719,0,1,1,1,0,0,0,1,0,0,0,0,0,0,0,0,0,0,0,0
228194,22000000,NA,en,The Hundred-Foot Journey,27.898438,8/6/14,88880821,122,Released,The Hundred-Foot Journey,7.3,508,0,0,0,0,0,0,1,0,0,0,0,0,0,0,0,0,0,0,0,0
228203,0,NA,en,"McFarland, USA",14.023082,2/20/15,45710059,128,Released,"McFarland, USA",7.4,213,0,0,0,0,0,0,1,0,0,0,0,0,0,0,0,0,0,0,0,0
228205,34000000,NA,en,The Longest Ride,41.946523,4/9/15,63013281,128,Released,The Longest Ride,7.3,1064,0,0,0,0,0,0,1,0,0,0,0,0,0,0,1,0,0,0,0,0
228326,50000000,http://www.bookoflifemovie.com/,en,The Book of Life,34.890999,10/1/14,97437106,95,Released,The Book of Life,7.3,755,0,1,1,1,0,0,0,1,1,0,0,0,0,0,1,0,0,0,0,0
228550,0,https://www.facebook.com/pages/Raymond-Did-It/205521879470,en,Raymond Did It,0.160779,3/27/11,0,83,Released,Raymond Did It,3.2,8,0,0,0,0,0,0,0,0,0,0,0,1,0,0,0,0,0,0,0,0
228967,44000000,NA,en,The Interview,74.168016,12/25/14,12342632,112,Released,The Interview,6.1,2304,1,0,0,1,0,0,0,0,0,0,0,0,0,0,0,0,0,0,0,0
228970,15000000,http://howwilditwas.com/,en,Wild,42.952942,12/5/14,52501541,115,Released,Wild,7,951,0,0,0,0,0,0,1,0,0,0,0,0,0,0,0,0,0,0,0,0
230266,5500000,NA,en,Miss Julie,5.033065,9/7/14,5e6,120,Released,Miss Julie,5.9,45,0,0,0,0,0,0,1,0,0,0,0,0,0,0,0,0,0,0,0,0
231576,5500000,NA,en,Wish I Was Here,15.015271,1/18/14,5483299,120,Released,Wish I Was Here,6.4,300,0,0,0,1,0,0,1,0,0,0,0,0,0,0,0,0,0,0,0,0
231617,0,http://www.hallmarkchannel.com/signedsealeddelivered,en,"Signed, Sealed, Delivered",1.444476,10/13/13,0,120,Released,"Signed, Sealed, Delivered",7,6,0,0,0,1,0,0,1,0,0,0,0,0,0,0,1,0,0,1,0,0
232672,40000000,NA,en,Blended,44.120328,5/21/14,123494610,117,Released,Blended,6.6,1006,0,0,0,1,0,0,0,0,0,0,0,0,0,0,0,0,0,0,0,0
232679,15000000,NA,en,When the Game Stands Tall,7.297757,8/22/14,30127963,115,Released,When the Game Stands Tall,6.3,130,0,0,0,0,0,0,1,0,0,0,0,0,0,0,0,0,0,0,0,0
234212,3000000,NA,en,Demonic,12.564554,2/12/15,3387e3,83,Released,Demonic,4.9,148,0,0,0,0,0,0,0,0,0,0,0,1,0,0,0,0,1,0,0,0
235260,22000000,NA,en,Son of God,9.175762,2/28/14,67800064,138,Released,Son of God,5.9,83,0,0,0,0,0,0,1,0,0,0,0,0,0,0,0,0,0,0,0,0
235271,0,NA,en,Addicted,7.544515,10/10/14,0,105,Released,Addicted,5.4,63,0,0,0,0,0,0,1,0,0,0,0,0,0,0,0,0,1,0,0,0
236751,12000000,http://www.sonypictures.com/movies/heavenisforreal/,en,Heaven is for Real,11.150261,4/16/14,101332962,99,Released,Heaven is for Real,6,229,0,0,0,0,0,0,1,0,0,0,0,0,0,0,0,0,0,0,0,0
238603,13000000,NA,en,Earth to Echo,17.371327,6/14/14,453e5,89,Released,Earth to Echo,5.7,290,0,1,0,0,0,0,0,1,0,0,0,0,0,0,0,1,0,0,0,0
238615,26000000,http://selflessmovie.tumblr.com/,en,Self/less,66.097437,7/10/15,30523226,116,Released,Self/less,6.3,1091,0,0,0,0,0,0,0,0,0,0,0,0,0,1,0,1,1,0,0,0
238636,9000000,NA,en,The Purge: Anarchy,82.975841,7/17/14,108782847,104,Released,The Purge: Anarchy,6.6,1954,0,0,0,0,0,0,0,0,0,0,0,1,0,0,0,0,1,0,0,0
239563,13000000,http://stvincent-movie.com/,en,St. Vincent,43.791745,10/9/14,54837234,102,Released,St. Vincent,7.1,763,0,0,0,1,0,0,0,0,0,0,0,0,0,0,0,0,0,0,0,0
239566,0,NA,en,Get on Up,13.064264,8/1/14,31911598,139,Released,Get on Up,6.4,158,0,0,0,0,0,0,1,0,0,0,0,0,1,0,0,0,0,0,0,0
239571,26000000,NA,en,The Best of Me,33.93914,10/16/14,35926213,117,Released,The Best of Me,7.2,765,0,0,0,0,0,0,1,0,0,0,0,0,0,0,1,0,0,0,0,0
239573,35000000,NA,en,Unfinished Business,16.832312,3/5/15,14431253,91,Released,Unfinished Business,5,320,0,0,0,1,0,0,0,0,0,0,0,0,0,0,0,0,0,0,0,0
239678,19800000,NA,en,This Is Where I Leave You,20.311684,9/10/14,41296320,103,Released,This Is Where I Leave You,6.5,505,0,0,0,1,0,0,1,0,0,0,0,0,0,0,0,0,0,0,0,0
239897,0,http://www.dwegons.com/,en,Dwegons,0.485405,1/24/14,0,98,Released,Dwegons,0.5,1,0,0,1,0,0,0,0,0,0,0,0,0,0,0,0,0,0,0,0,0
240832,40000000,http://lucymovie.com/,en,Lucy,115.241998,7/14/14,126546825,89,Released,Lucy,6.3,5878,1,0,0,0,0,0,0,0,0,0,0,0,0,0,0,1,0,0,0,0
241239,20000000,http://amostviolentyear.com/,en,A Most Violent Year,37.629309,12/30/14,12007070,125,Released,A Most Violent Year,6.5,546,0,0,0,0,1,0,1,0,0,0,0,0,0,0,0,0,1,0,0,0
241251,4000000,http://www.theboynextdoorfilm.com/,en,The Boy Next Door,24.161735,1/23/15,52425855,91,Released,The Boy Next Door,4.1,1022,0,0,0,0,0,0,0,0,0,0,0,0,0,0,0,0,1,0,0,0
241254,18000000,NA,en,The Prince,21.638673,8/22/14,266586800,93,Released,The Prince,4.6,218,1,0,0,0,0,0,0,0,0,0,0,0,0,0,0,0,1,0,0,0
241257,0,NA,en,Regression,27.215666,10/1/15,17671101,106,Released,Regression,5.3,585,0,0,0,0,0,0,0,0,0,0,0,1,0,1,0,0,1,0,0,0
241259,170000000,http://movies.disney.com/alice-through-the-looking-glass,en,Alice Through the Looking Glass,56.268916,5/25/16,299370084,113,Released,Alice Through the Looking Glass,6.5,1725,0,0,0,0,0,0,0,0,1,0,0,0,0,0,0,0,0,0,0,0
241554,50000000,NA,en,Run All Night,74.64653,3/11/15,71561644,114,Released,Run All Night,6.3,1148,1,0,0,0,1,0,1,0,0,0,0,0,0,1,0,0,1,0,0,0
241766,3440000,NA,en,Lords of London,1.913302,1/6/14,0,90,Released,Lords of London,3.6,6,0,0,0,0,1,0,0,0,0,0,0,0,0,1,0,0,1,0,0,0
241771,7000000,http://beyondthelightsmovie.tumblr.com/,en,Beyond the Lights,8.079046,9/10/14,14618727,116,Released,Beyond the Lights,7,139,0,0,0,0,0,0,1,0,0,0,0,0,0,0,1,0,0,0,0,0
242083,1000000,NA,en,Hits,3.638411,1/21/14,0,96,Released,Hits,4.9,23,0,0,0,1,0,0,1,0,0,0,0,0,0,0,0,0,0,0,0,0
242095,4000000,https://www.facebook.com/thesignalfilm,en,The Signal,27.662696,3/15/14,600896,95,Released,The Signal,5.8,631,0,0,0,0,0,0,0,0,0,0,0,0,0,0,0,1,1,0,0,0
242166,25000000,NA,en,Red Sky,3.344158,3/12/14,0,100,Released,Red Sky,4.1,26,1,0,0,0,0,0,0,0,0,0,0,0,0,0,0,0,1,0,0,0
242512,5000000,NA,en,Ouija,56.30466,10/24/14,103590271,89,Released,Ouija,4.9,983,0,0,0,0,0,0,0,0,0,0,0,1,0,0,0,0,0,0,0,0
242575,4000000,NA,en,"Guten Tag, Ramón",1.771584,10/18/13,0,119,Released,"Guten Tag, Ramón",8.1,18,0,0,0,0,0,0,1,0,0,0,0,0,0,0,0,0,0,0,0,0
242582,8500000,http://nightcrawlerfilm.com/,en,Nightcrawler,89.095538,10/23/14,38697217,117,Released,Nightcrawler,7.6,3395,0,0,0,0,1,0,1,0,0,0,0,0,0,0,0,0,1,0,0,0
243938,14000000,NA,en,Hot Tub Time Machine 2,16.618874,2/20/15,12314651,93,Released,Hot Tub Time Machine 2,5,354,0,0,0,1,0,0,0,0,0,0,0,0,0,0,0,0,0,0,0,0
243940,3300000,https://www.facebook.com/thelazaruseffect,en,The Lazarus Effect,20.304235,1/29/15,64110728,83,Released,The Lazarus Effect,5.1,505,0,0,0,0,0,0,0,0,0,0,0,1,0,0,0,0,1,0,0,0
244114,0,NA,zh,風暴,3.376967,12/12/13,0,110,Released,Firestorm,5.9,43,1,0,0,0,1,0,0,0,0,0,0,0,0,0,0,0,0,0,0,0
244267,0,NA,en,I Origins,37.555398,7/18/14,336472,106,Released,I Origins,7.5,1063,0,0,0,0,0,0,1,0,0,0,0,0,0,0,0,1,0,0,0,0
244316,10000000,NA,en,Into the Grizzly Maze,10.073144,2/27/15,0,94,Released,Into the Grizzly Maze,5.1,74,1,0,0,0,0,0,0,0,0,0,0,1,0,0,0,0,1,0,0,0
244339,0,NA,cn,逃出生天,1.583918,3/10/13,0,107,Released,Out of Inferno,5.8,11,1,0,0,0,0,0,0,0,0,0,0,0,0,0,0,0,0,0,0,0
244403,5000000,NA,en,Rudderless,10.619574,10/17/14,0,105,Released,Rudderless,7.4,105,0,0,0,1,0,0,1,0,0,0,0,0,1,0,0,0,0,0,0,0
244534,0,NA,en,Happy Christmas,7.052422,6/26/14,0,82,Released,Happy Christmas,5.2,58,0,0,0,1,0,0,1,0,0,0,0,0,0,0,0,0,0,0,0,0
244772,0,NA,en,The Skeleton Twins,15.699363,1/18/14,5284309,90,Released,The Skeleton Twins,6.7,292,0,0,0,0,0,0,1,0,0,0,0,0,0,0,0,0,0,0,0,0
244776,0,NA,en,The Sleepwalker,0.926084,1/20/14,0,92,Released,The Sleepwalker,4.1,7,0,0,0,0,0,0,1,0,0,0,0,0,0,0,0,0,0,0,0,0
244783,6000000,http://songonemovie.tumblr.com/,en,Song One,6.349218,1/20/14,32251,86,Released,Song One,5.5,87,0,0,0,0,0,0,1,0,0,0,0,0,0,0,0,0,0,0,0,0
244786,3300000,http://sonyclassics.com/whiplash/,en,Whiplash,192.528841,10/10/14,13092e3,105,Released,Whiplash,8.3,4254,0,0,0,0,0,0,1,0,0,0,0,0,0,0,0,0,0,0,0,0
245700,0,NA,en,Mr. Turner,9.242554,10/31/14,5405500,150,Released,Mr. Turner,6.3,204,0,0,0,0,0,0,1,0,0,0,1,0,0,0,0,0,0,0,0,0
245703,18000000,http://www.midnightspecialmovie.com/,en,Midnight Special,32.717853,2/18/16,6212282,112,Released,Midnight Special,6.2,694,0,1,0,0,0,0,1,0,0,0,0,0,0,0,0,1,0,0,0,0
245846,10000000,NA,en,Strangerland,5.145655,7/1/15,17472,111,Released,Strangerland,5.1,83,0,0,0,0,0,0,1,0,0,0,0,0,0,0,0,0,1,0,0,0
245916,5000000,NA,en,Kill the Messenger,21.343093,10/9/14,2450846,112,Released,Kill the Messenger,6.6,355,0,0,0,0,1,0,1,0,0,0,0,0,0,1,0,0,1,0,0,0
246403,2800000,NA,en,Tusk,15.754614,9/19/14,1826705,102,Released,Tusk,5.1,366,0,0,0,1,0,0,0,0,0,0,0,1,0,0,0,0,0,0,0,0
246449,1493619,http://againstthewild.com/,en,Against the Wild,2.492747,12/29/13,0,90,Released,Against the Wild,4.9,19,0,1,0,0,0,0,0,1,0,0,0,0,0,0,0,0,0,0,0,0
246655,178000000,http://www.foxmovies.com/movies/x-men-apocalypse,en,X-Men: Apocalypse,139.272042,5/18/16,543934787,144,Released,X-Men: Apocalypse,6.4,4721,0,0,0,0,0,0,0,0,0,0,0,0,0,0,0,1,0,0,0,0
248402,0,NA,en,A Fine Step,0.65434,4/16/14,0,90,Released,A Fine Step,4.1,7,0,0,0,0,0,0,1,0,0,0,0,0,0,0,0,0,0,0,0,0
248774,0,NA,en,Obvious Child,10.12895,6/6/14,3123963,83,Released,Obvious Child,6.7,187,0,0,0,1,0,0,0,0,0,0,0,0,0,0,1,0,0,0,0,0
249164,11000000,NA,en,If I Stay,31.162838,8/21/14,78874843,106,Released,If I Stay,7.3,1368,0,0,0,0,0,0,1,0,0,0,0,0,0,0,0,0,0,0,0,0
250066,10000000,NA,en,American Heist,11.431434,9/11/14,0,94,Released,American Heist,4.3,158,1,0,0,0,0,0,0,0,0,0,0,0,0,0,0,0,0,0,0,0
250124,2000000,NA,en,The Diary of a Teenage Girl,18.224326,8/7/15,1477002,98,Released,The Diary of a Teenage Girl,6.8,279,0,0,0,0,0,0,1,0,0,0,0,0,0,0,1,0,0,0,0,0
250184,0,http://www.locker13.com/,en,Locker 13,1.905197,3/29/14,0,90,Released,Locker 13,6.8,3,0,0,0,0,0,0,1,0,0,0,0,1,0,0,0,0,1,0,0,0
250349,6000000,NA,fr,Barbecue,5.119593,4/30/14,14348529,98,Released,Barbecue,5.8,214,0,0,0,1,0,0,0,0,0,0,0,0,0,0,0,0,0,0,0,0
250546,6500000,http://annabellemovie.com/,en,Annabelle,60.225219,10/2/14,255273813,99,Released,Annabelle,5.6,1517,0,0,0,0,0,0,0,0,0,0,0,1,0,0,0,0,0,0,0,0
250902,50000,NA,en,The Image Revolution,0.54562,11/21/13,0,81,Released,The Image Revolution,5.7,3,0,0,0,0,0,1,0,0,0,0,0,0,0,0,0,0,0,0,0,0
251321,8000000,NA,en,Aloft,6.500835,2/12/14,53086,112,Released,Aloft,5.1,41,0,0,0,0,0,0,1,0,0,0,0,0,0,0,0,0,0,0,0,0
251471,650000,http://www.thelegodocumentary.com,en,A LEGO Brickumentary,1.631274,7/31/15,0,93,Released,A LEGO Brickumentary,6.4,55,0,0,0,0,0,1,0,0,0,0,0,0,0,0,0,0,0,0,0,0
251979,0,http://www.theperfectwave.co.za/,en,The Perfect Wave,4.118612,2/28/14,0,113,Released,The Perfect Wave,4.4,21,0,1,0,0,0,0,1,0,0,0,0,0,0,0,1,0,0,0,0,0
252360,3500000,NA,en,In the Name of the King III,4.304341,12/27/13,0,85,Released,In the Name of the King III,3.3,19,1,1,0,0,0,0,1,0,1,0,0,0,0,0,0,0,0,0,0,0
252512,10000000,http://while-were-young.com/,en,While We're Young,19.263477,4/3/15,7587485,97,Released,While We're Young,5.8,383,0,0,0,1,0,0,1,0,0,0,0,0,0,1,0,0,0,0,0,0
252680,5000000,http://www.momsnightoutmovie.com/,en,Moms' Night Out,10.274542,3/25/14,10429707,98,Released,Moms' Night Out,5.5,121,0,0,0,1,0,0,0,0,0,0,0,0,0,0,0,0,0,0,0,0
253235,18000000,NA,en,And So It Goes,9.633711,7/20/14,25312387,94,Released,And So It Goes,5.7,164,0,0,0,1,0,0,1,0,0,0,0,0,0,0,1,0,0,0,0,0
253253,0,NA,en,Animals,1.5846,5/15/14,0,90,Released,Animals,6.2,9,0,0,0,0,0,0,1,0,0,0,0,0,0,0,0,0,0,0,0,0
253261,0,NA,en,Born to Fly: Elizabeth Streb vs. Gravity,0.069244,3/8/14,0,82,Released,Born to Fly: Elizabeth Streb vs. Gravity,5,1,0,0,0,0,0,1,0,0,0,0,0,0,0,0,0,0,0,0,0,0
253290,0,NA,en,Butterfly Girl,0.015189,3/10/14,0,77,Released,Butterfly Girl,0,0,0,0,0,0,0,1,0,0,0,0,0,0,0,0,0,0,0,0,0,0
253306,0,http://www.houseboundthemovie.com/,en,Housebound,10.322858,9/4/14,0,109,Released,Housebound,6.5,358,0,0,0,1,0,0,0,0,0,0,0,1,0,0,0,0,1,0,0,0
253331,9000000,NA,en,Black or White,12.172131,9/6/14,21571189,121,Released,Black or White,6.5,115,0,0,0,0,0,0,1,0,0,0,0,0,0,0,0,0,0,0,0,0
253412,55000000,http://www.everestmovie.com/,en,Everest,60.246978,9/10/15,203427584,121,Released,Everest,6.7,1772,0,1,0,0,0,0,1,0,0,0,0,0,0,0,0,0,0,0,0,0
253450,15000000,NA,zh,刺客聶隱娘,8.142166,8/27/15,632542,NA,Released,The Assassin,6.6,157,1,0,0,0,0,0,1,0,0,0,1,0,0,0,0,0,0,0,0,0
253626,0,NA,en,Good Kill,10.924273,4/9/15,316472,104,Released,Good Kill,5.9,208,1,0,0,0,0,0,1,0,0,0,0,0,0,0,0,0,1,0,0,0
254024,0,NA,en,The Face of an Angel,7.336256,9/6/14,0,100,Released,The Face of an Angel,4.7,64,0,0,0,0,0,0,1,0,0,0,0,0,0,0,0,0,1,0,0,0
254128,110000000,http://www.sanandreasmovie.com/,en,San Andreas,100.412364,5/27/15,470490832,114,Released,San Andreas,6,2968,1,0,0,0,0,0,1,0,0,0,0,0,0,0,0,0,1,0,0,0
254470,29000000,NA,en,Pitch Perfect 2,71.496894,5/7/15,287506194,115,Released,Pitch Perfect 2,6.8,1940,0,0,0,1,0,0,0,0,0,0,0,0,1,0,0,0,0,0,0,0
254472,2500000,NA,de,Stung,4.270489,7/3/15,0,87,Released,Stung,4.9,63,0,0,0,1,0,0,0,0,0,0,0,1,0,0,0,0,0,0,0,0
254473,28000000,NA,en,Brick Mansions,25.520976,4/22/14,68896829,90,Released,Brick Mansions,5.7,615,1,0,0,0,1,0,1,0,0,0,0,0,0,0,0,0,0,0,0,0
254904,15000000,http://thenovemberman.com/,en,The November Man,45.317278,8/27/14,32556119,108,Released,The November Man,6,639,1,0,0,0,1,0,0,0,0,0,0,0,0,0,0,0,1,0,0,0
255266,22000,https://www.facebook.com/DrySpellMovie,en,Dry Spell,0.048948,2/14/13,0,90,Released,Dry Spell,6,1,0,0,0,1,0,0,0,0,0,0,0,0,0,0,1,0,0,0,0,0
255343,17000000,NA,en,Escobar: Paradise Lost,25.112567,10/11/14,3758328,120,Released,Escobar: Paradise Lost,6.1,271,0,0,0,0,0,0,0,0,0,0,0,0,0,0,1,0,1,0,0,0
256040,40000000,http://baahubali.com/,te,Baahubali: The Beginning,16.254032,7/10/15,1e8,159,Released,Baahubali: The Beginning,7.5,135,1,1,0,0,0,0,0,0,0,0,1,0,0,0,0,0,0,0,1,0
256092,12000000,NA,en,Drive Hard,3.94487,5/26/14,0,96,Released,Drive Hard,3.9,74,1,0,0,1,1,0,0,0,0,0,0,0,0,0,0,0,0,0,0,0
256274,5000000,http://www.asabovesobelowmovie.com/,en,"As Above, So Below",26.510558,8/14/14,401e5,93,Released,"As Above, So Below",6.1,766,0,0,0,0,0,0,0,0,0,0,0,1,0,0,0,0,1,0,0,0
256591,50100000,http://focusmovie.com/,en,Focus,59.634029,2/25/15,153962963,105,Released,Focus,6.7,2542,0,0,0,1,1,0,1,0,0,0,0,0,0,0,1,0,0,0,0,0
256687,0,NA,en,Swelter,2.214925,4/20/14,0,96,Released,Swelter,4.6,21,1,0,0,0,0,0,1,0,0,0,0,0,0,0,0,0,1,0,0,0
256740,3500000,NA,en,Wicked Blood,3.158056,3/4/14,0,92,Released,Wicked Blood,5.3,37,1,0,0,0,0,0,1,0,0,0,0,0,0,0,0,0,1,0,0,0
256917,22500000,http://www.thewaterdiviner.com/,en,The Water Diviner,22.096286,12/25/14,15520023,112,Released,The Water Diviner,6.8,431,0,0,0,0,0,0,1,0,0,0,0,0,0,0,0,0,0,0,1,0
256924,10000000,NA,en,Danny Collins,16.318608,3/19/15,10835752,107,Released,Danny Collins,6.6,183,0,0,0,1,0,0,1,0,0,0,0,0,1,0,0,0,0,0,0,0
256961,38000000,NA,en,Paul Blart: Mall Cop 2,41.258487,4/16/15,107597242,94,Released,Paul Blart: Mall Cop 2,5,567,1,0,0,1,0,0,0,1,0,0,0,0,0,0,0,0,0,0,0,0
256962,20000000,http://www.littleboymovie.com/,en,Little Boy,12.232048,4/23/15,6420319,106,Released,Little Boy,7,185,0,0,0,1,0,0,1,0,0,0,0,0,0,0,0,0,0,0,1,0
257087,4000000,http://www.blumhouse.com/tag/the-veil/,en,The Veil,12.822534,4/21/16,0,93,Released,The Veil,4.5,118,0,0,0,0,0,0,0,0,0,0,0,1,0,0,0,0,0,0,0,0
257088,105000000,https://www.facebook.com/PointBreakMovie,en,Point Break,33.507289,12/3/15,133718711,114,Released,Point Break,5.5,783,1,0,0,0,1,0,0,0,0,0,0,0,0,0,0,0,1,0,0,0
257091,40000000,NA,en,Get Hard,36.301202,3/26/15,111811453,100,Released,Get Hard,5.9,944,0,0,0,1,0,0,0,0,0,0,0,0,0,0,0,0,0,0,0,0
257211,35000000,http://www.theinternmovie.com/,en,The Intern,53.114573,9/24/15,194564672,121,Released,The Intern,7.1,1881,0,0,0,1,0,0,0,0,0,0,0,0,0,0,0,0,0,0,0,0
257344,88000000,http://www.pixels-movie.com/,en,Pixels,140.849495,7/16/15,243637091,105,Released,Pixels,5.6,2513,1,0,0,1,0,0,0,0,0,0,0,0,0,0,0,1,0,0,0,0
257445,58000000,http://www.goosebumps-movie.com/,en,Goosebumps,45.351617,8/5/15,158162788,103,Released,Goosebumps,6.2,995,0,1,0,1,0,0,0,0,0,0,0,1,0,0,0,0,0,0,0,0
257932,40000000,NA,zh,Dragon Nest: Warriors' Dawn,5.057695,5/20/14,0,88,Released,Dragon Nest: Warriors' Dawn,6.8,19,0,1,1,0,0,0,0,1,1,0,0,0,0,0,0,0,0,0,0,0
258489,180000000,http://legendoftarzan.com,en,The Legend of Tarzan,42.741719,6/29/16,356743061,109,Released,The Legend of Tarzan,5.5,2430,1,1,0,0,0,0,0,0,0,0,0,0,0,0,0,0,0,0,0,0
258509,0,http://www.foxmovies.com/movies/alvin-and-the-chipmunks-the-road-chip,en,Alvin and the Chipmunks: The Road Chip,27.867368,12/17/15,233755553,92,Released,Alvin and the Chipmunks: The Road Chip,5.8,428,0,1,1,1,0,0,0,1,0,0,0,0,0,0,0,0,0,0,0,0
258755,0,NA,es,A escondidas,1.233688,10/3/14,0,96,Released,Hidden Away,7.6,26,0,0,0,0,0,0,1,0,0,0,0,0,0,0,1,0,0,0,0,0
259693,40000000,http://www.warnerbros.com/conjuring-2,en,The Conjuring 2,68.794673,5/13/16,320170008,134,Released,The Conjuring 2,7,1949,0,0,0,0,0,0,0,0,0,0,0,1,0,0,0,0,0,0,0,0
259694,38000000,http://howtobesinglemovie.com/,en,How to Be Single,46.078371,1/21/16,112343513,110,Released,How to Be Single,5.9,1201,0,0,0,1,0,0,0,0,0,0,0,0,0,0,1,0,0,0,0,0
259943,0,NA,zh,归来,6.017273,5/16/14,0,111,Released,Coming Home,6.9,49,0,0,0,0,0,0,1,0,0,0,0,0,0,0,0,0,0,0,0,0
260346,48000000,http://www.taken3movie.com/,en,Taken 3,88.844777,12/16/14,325771424,109,Released,Taken 3,6.1,2200,1,0,0,0,0,0,0,0,0,0,0,0,0,0,0,0,1,0,0,0
260778,0,NA,ta,வாலு,0.320387,8/14/15,0,155,Released,Vaalu,6.7,5,0,0,0,1,0,0,0,0,0,0,0,0,0,0,1,0,0,0,0,0
260947,3000000,NA,en,Something Wicked,1.968679,4/4/14,0,95,Released,Something Wicked,4.6,16,0,0,0,0,0,0,0,0,0,0,0,0,0,1,0,0,1,0,0,0
261023,53000000,NA,en,Black Mass,46.049902,9/4/15,98837872,122,Released,Black Mass,6.3,1242,0,0,0,0,1,0,1,0,0,0,0,0,0,0,0,0,0,0,0,0
262500,110000000,http://www.thedivergentseries.movie/#insurgent,en,Insurgent,103.718387,3/18/15,295238201,119,Released,Insurgent,6.2,3829,0,1,0,0,0,0,0,0,0,0,0,0,0,0,0,1,1,0,0,0
262504,110000000,http://www.thedivergentseries.movie/#allegiant,en,Allegiant,86.105615,3/9/16,179246868,121,Released,Allegiant,5.9,1998,0,1,0,0,0,0,0,0,0,0,0,0,0,0,0,1,0,0,0,0
262543,7000000,http://www.automata-movie.com/,en,Autómata,49.808505,10/9/14,0,NA,Released,Automata,5.6,670,0,0,0,0,0,0,0,0,0,0,0,0,0,0,0,1,1,0,0,0
263503,0,NA,en,Water & Power,0.350557,5/2/14,0,0,Released,Water & Power,3,1,0,0,0,0,1,0,1,0,0,0,0,0,0,0,0,0,0,0,0,0
264644,6000000,http://www.roomthemovie.com,en,Room,66.11334,10/16/15,35401758,117,Released,Room,8.1,2757,0,0,0,0,0,0,1,0,0,0,0,0,0,0,0,0,1,0,0,0
264656,16000000,NA,en,The Homesman,20.59148,5/18/14,3442853,122,Released,The Homesman,6.4,258,0,0,0,0,0,0,1,0,0,0,0,0,0,0,0,0,0,0,0,1
264660,15000000,http://exmachina-movie.com/,en,Ex Machina,95.130041,1/21/15,36869414,108,Released,Ex Machina,7.6,4737,0,0,0,0,0,0,1,0,0,0,0,0,0,0,0,1,0,0,0,0
264999,14800000,NA,en,Magic Mike XXL,29.660993,7/1/15,122513057,NA,Released,Magic Mike XXL,6.3,706,0,0,0,1,0,0,1,0,0,0,0,0,1,0,0,0,0,0,0,0
265208,30000000,NA,en,Wild Card,48.0343,1/14/15,0,92,Released,Wild Card,5.4,656,0,0,0,0,1,0,1,0,0,0,0,0,0,0,0,0,1,0,0,0
266034,0,NA,fr,La chambre bleue,2.486992,5/16/14,0,75,Released,The Blue Room,6.2,32,0,0,0,0,1,0,1,0,0,0,0,0,0,0,0,0,1,0,0,0
266102,0,NA,en,Desert Dancer,1.972668,7/3/14,0,98,Released,Desert Dancer,6.5,18,0,0,0,0,0,0,1,0,0,0,0,0,0,0,0,0,0,0,0,0
266396,40000000,NA,en,The Gunman,26.935458,2/16/15,13644292,115,Released,The Gunman,5.5,392,1,0,0,0,1,0,1,0,0,0,0,0,0,0,0,0,0,0,0,0
266647,150000000,NA,en,Pan,48.03528,9/24/15,128388320,111,Released,Pan,5.9,954,0,1,0,0,0,0,0,1,1,0,0,0,0,0,0,0,0,0,0,0
266856,15000000,http://www.focusfeatures.com/the_theory_of_everything,en,The Theory of Everything,61.182331,11/26/14,123726688,123,Released,The Theory of Everything,7.8,3311,0,0,0,0,0,0,1,0,0,0,0,0,0,0,1,0,0,0,0,0
266857,0,NA,en,The Work and The Story,0.002388,1/1/03,0,70,Released,The Work and The Story,0,0,0,0,0,1,0,0,0,0,0,0,0,0,0,0,0,0,0,0,0,0
267860,60000000,https://www.facebook.com/LondonHasFallenOfficial,en,London Has Fallen,61.849521,3/2/16,205754447,99,Released,London Has Fallen,5.8,1621,1,0,0,0,1,0,0,0,0,0,0,0,0,0,0,0,1,0,0,0
267935,140000000,http://movies.disney.com/the-bfg,en,The BFG,44.19092,6/1/16,183345589,120,Released,The BFG,6,1000,0,1,0,0,0,0,0,1,1,0,0,0,0,0,0,0,0,0,0,0
268171,10000000,NA,en,Elsa & Fred,2.849895,3/7/14,0,104,Released,Elsa & Fred,6.2,31,0,0,0,1,0,0,0,1,0,0,0,0,0,0,1,0,0,0,0,0
268238,10000000,NA,en,The Second Best Exotic Marigold Hotel,17.592299,2/26/15,85978266,122,Released,The Second Best Exotic Marigold Hotel,6.3,272,0,0,0,1,0,0,1,0,0,0,0,0,0,0,0,0,0,0,0,0
268917,100,NA,en,The Past Is a Grotesque Animal,0.394575,6/15/14,0,77,Released,The Past Is a Grotesque Animal,5.5,2,0,0,0,0,0,1,0,0,0,0,0,0,1,0,0,0,0,0,0,0
268920,35000000,NA,en,Hot Pursuit,18.262017,5/8/15,51680201,87,Released,Hot Pursuit,5.4,647,1,0,0,1,1,0,0,0,0,0,0,0,0,0,0,0,0,0,0,0
269057,1000000,NA,en,Bang Bang Baby,0.973323,9/8/14,0,90,Released,Bang Bang Baby,6.6,8,0,0,0,0,0,0,1,0,0,0,0,0,1,0,0,1,0,0,0,0
270303,2000000,NA,en,It Follows,100.876794,2/4/15,14674076,100,Released,It Follows,6.6,1832,0,0,0,0,0,0,0,0,0,0,0,1,0,0,0,0,1,0,0,0
270487,22000000,http://www.hailcaesar-film.com/ww/,en,"Hail, Caesar!",39.006187,2/5/16,63647656,106,Released,"Hail, Caesar!",5.7,1309,0,0,0,1,0,0,1,0,0,0,0,0,0,1,0,0,0,0,0,0
270554,0,NA,en,Echo Dr.,0.053755,11/8/13,0,85,Released,Echo Dr.,5,1,1,0,0,0,0,0,1,0,0,0,0,0,0,0,0,1,1,0,0,0
270938,0,NA,en,Falcon Rising,6.988357,9/5/14,0,103,Released,Falcon Rising,5.5,71,1,1,0,0,0,0,0,0,0,0,0,0,0,0,0,0,0,0,0,0
270946,132000000,NA,en,Penguins of Madagascar,84.366984,11/22/14,373552094,92,Released,Penguins of Madagascar,6.5,1346,0,1,1,1,0,0,0,1,0,0,0,0,0,0,0,0,0,0,0,0
271110,250000000,http://marvel.com/captainamericapremiere,en,Captain America: Civil War,198.372395,4/27/16,1153304495,147,Released,Captain America: Civil War,7.1,7241,1,1,0,0,0,0,0,0,0,0,0,0,0,0,0,1,0,0,0,0
271185,950000,http://undiscoveredgyrl.com/,en,Ask Me Anything,8.976128,4/19/14,0,100,Released,Ask Me Anything,5.5,155,0,0,0,0,0,0,1,0,0,0,0,0,0,1,0,0,1,0,0,0
271331,27000000,NA,en,United Passions,6.036684,6/19/14,0,110,Released,United Passions,3,16,0,0,0,0,0,0,1,0,0,0,0,0,0,0,0,0,0,0,0,0
271718,35000000,NA,en,Trainwreck,72.774941,7/17/15,140795793,125,Released,Trainwreck,5.9,1181,0,0,0,1,0,0,0,0,0,0,0,0,0,0,0,0,0,0,0,0
271969,100000000,http://www.benhurmovie.com/,en,Ben-Hur,29.608322,8/17/16,94061311,125,Released,Ben-Hur,5.3,621,0,0,0,0,0,0,1,0,0,0,0,0,0,0,0,0,0,0,0,0
272693,8500000,http://www.duffmovie.com/,en,The DUFF,40.28709,2/20/15,43528634,100,Released,The DUFF,6.8,1322,0,0,0,1,0,0,0,0,0,0,0,0,0,0,1,0,0,0,0,0
272724,1000000,NA,en,Doc Holliday's Revenge,0.4594,6/1/14,0,84,Released,Doc Holliday's Revenge,3.2,3,0,0,0,0,0,0,0,0,0,0,0,0,0,0,0,0,0,0,0,1
272726,0,NA,en,Dude Where's My Dog?,0.28397,6/12/14,0,0,Released,Dude Where's My Dog?,0,0,0,0,0,0,0,0,0,1,0,0,0,0,0,0,0,0,0,0,0,0
272878,20000000,NA,en,Max,14.136476,6/26/15,43967255,111,Released,Max,6.8,276,0,1,0,0,0,0,1,1,0,0,0,0,0,0,0,0,0,0,0,0
273248,44000000,http://thehatefuleight.com/,en,The Hateful Eight,68.717016,12/25/15,155760117,167,Released,The Hateful Eight,7.6,4274,0,0,0,0,1,0,1,0,0,0,0,0,0,1,0,0,0,0,0,1
273481,30000000,NA,en,Sicario,55.424027,9/17/15,84025816,121,Released,Sicario,7.2,2416,1,0,0,0,1,0,1,0,0,0,0,0,0,1,0,0,1,0,0,0
273895,20000000,NA,en,Selma,29.023184,12/25/14,66787908,127,Released,Selma,7.4,817,0,0,0,0,0,0,1,0,0,0,1,0,0,0,0,0,0,0,0,0
273899,13500000,https://twitter.com/Stonewall_Movie,en,Stonewall,5.16023,9/18/15,187674,NA,Released,Stonewall,5.2,32,0,0,0,0,0,0,1,0,0,0,0,0,0,0,0,0,0,0,0,0
274167,50000000,http://daddyshomemovie.tumblr.com/,en,Daddy's Home,38.616744,12/25/15,242786137,96,Released,Daddy's Home,5.8,854,0,0,0,1,0,0,0,0,0,0,0,0,0,0,0,0,0,0,0,0
274479,60000000,http://www.foxmovies.com/movies/joy,en,Joy,29.876507,12/24/15,101134059,124,Released,Joy,6.4,1581,0,0,0,1,0,0,1,0,0,0,0,0,0,0,0,0,0,0,0,0
274758,0,http://www.give-me-shelter.com/,en,Give Me Shelter,0.278981,6/24/14,0,90,Released,Give Me Shelter,0,0,0,0,0,0,0,1,0,0,0,0,0,0,0,0,0,0,0,0,0,0
274854,90000000,http://www.thelastwitchhunter.movie/,en,The Last Witch Hunter,52.612025,10/21/15,146936910,106,Released,The Last Witch Hunter,5.7,1316,1,1,0,0,0,0,0,0,1,0,0,0,0,0,0,0,0,0,0,0
276907,25000000,https://www.uphe.com/movies/legend-2015,en,Legend,32.854557,9/9/15,42972994,131,Released,Legend,6.7,973,0,0,0,0,1,0,0,0,0,0,0,0,0,0,0,0,1,0,0,0
277216,28000000,http://www.straightouttacompton.com/,en,Straight Outta Compton,61.76233,8/13/15,201634991,147,Released,Straight Outta Compton,7.7,1355,0,0,0,0,0,0,1,0,0,0,0,0,1,0,0,0,0,0,0,0
277519,0,NA,cn,Z 風暴,0.542814,6/19/14,0,92,Released,Z Storm,5.8,5,0,0,0,0,1,0,0,0,0,0,0,0,0,0,0,0,1,0,0,0
277685,1000000,NA,en,Unfriended,41.972329,4/17/15,62882090,82,Released,Unfriended,5.5,1047,0,0,0,0,0,0,0,0,0,0,0,1,0,0,0,0,1,0,0,0
278316,0,NA,en,Da Sweet Blood of Jesus,4.480579,6/22/14,0,123,Released,Da Sweet Blood of Jesus,4.1,13,0,0,0,1,0,0,0,0,0,0,0,0,0,0,1,0,1,0,0,0
278348,0,NA,en,The Maid's Room,1.501688,8/8/14,0,98,Released,The Maid's Room,4.8,4,0,0,0,0,0,0,0,0,0,0,0,0,0,0,0,0,1,0,0,0
278927,175000000,http://movies.disney.com/the-jungle-book-2016,en,The Jungle Book,94.199316,4/7/16,966550600,106,Released,The Jungle Book,6.7,2892,0,1,0,0,0,0,1,1,1,0,0,0,0,0,0,0,0,0,0,0
280092,10000000,NA,en,Insidious: Chapter 3,45.946524,6/4/15,104303851,97,Released,Insidious: Chapter 3,6.2,983,0,0,0,0,0,0,1,0,0,0,0,1,0,0,0,0,1,0,0,0
280381,0,http://houseattheendofthedrive.com/,en,House at the End of the Drive,0.43049,1/11/14,0,91,Released,House at the End of the Drive,0,0,0,0,0,0,0,0,0,0,0,0,0,1,0,0,0,0,1,0,0,0
280391,0,http://pourquoijaipasmangemonpere.com/,fr,Pourquoi j'ai pas mangé mon père,5.794466,4/8/15,0,100,Released,Why I Did (Not) Eat My Father,5.3,125,0,1,1,1,0,0,0,0,0,0,0,0,0,0,0,0,0,0,0,0
280871,0,NA,ta,ராமானுஜன்,0.416179,7/11/14,0,170,Released,Ramanujan,5,3,0,0,0,0,0,0,1,0,0,0,1,0,0,0,0,0,0,0,0,0
281230,0,NA,en,Fort McCoy,0.384496,1/1/14,0,0,Released,Fort McCoy,6.3,2,0,0,0,0,0,0,1,0,0,0,1,0,0,0,0,0,0,0,1,0
281730,0,NA,en,Fugly,0.371337,6/13/14,0,134,Released,Fugly,5.3,2,0,0,0,1,0,0,1,0,0,0,0,0,0,0,0,0,1,0,0,0
281957,135000000,http://www.foxmovies.com/movies/the-revenant,en,The Revenant,100.635882,12/25/15,532950503,156,Released,The Revenant,7.3,6396,0,1,0,0,0,0,1,0,0,0,0,0,0,0,0,0,1,0,0,1
283384,0,NA,en,The Calling,5.759493,8/5/14,0,108,Released,The Calling,5.6,88,0,0,0,0,0,0,0,0,0,0,0,0,0,0,0,0,1,0,0,0
283445,10000000,http://www.sinistermovie.com/,en,Sinister 2,26.090495,8/19/15,52882018,97,Released,Sinister 2,5.4,581,0,0,0,0,0,0,0,0,0,0,0,1,0,0,0,0,0,0,0,0
283671,0,http://www.jungleshuffle.com/,en,Jungle Shuffle,1.413934,8/7/14,0,85,Released,Jungle Shuffle,6.5,1,0,1,1,0,0,0,0,1,0,0,0,0,0,0,0,0,0,0,0,0
283686,0,NA,en,Out of the Dark,3.215465,8/27/14,0,92,Released,Out of the Dark,4.6,55,0,0,0,0,0,0,0,0,0,0,0,1,0,0,0,0,1,0,0,0
283708,7700000,NA,fr,Loin des hommes,3.363973,8/30/14,0,110,Released,Far from Men,6.6,43,0,0,0,0,0,0,1,0,0,0,0,0,0,0,0,0,0,0,1,0
284293,5000000,NA,en,Still Alice,35.307577,12/5/14,43884652,99,Released,Still Alice,7.5,1104,0,0,0,0,0,0,1,0,0,0,0,0,0,0,0,0,0,0,0,0
284296,0,http://www.topfivemovie.com/,en,Top Five,15.896312,12/12/14,25434291,102,Released,Top Five,6.3,210,0,0,0,1,0,0,1,0,0,0,0,0,0,0,0,0,0,0,0,0
284536,25000000,http://www.thegamblermovie.com/,en,The Gambler,22.622453,12/25/14,39171130,111,Released,The Gambler,5.7,543,0,0,0,0,1,0,1,0,0,0,0,0,0,0,0,0,1,0,0,0
285743,0,http://www.thedevilscarnival.com/,en,Alleluia! The Devil's Carnival,0.674398,3/29/16,0,0,Released,Alleluia! The Devil's Carnival,6,2,0,0,0,0,0,0,0,0,0,0,0,1,1,0,0,0,0,0,0,0
285783,35000000,http://www.sonypictures.com/movies/thewalk/,en,The Walk,37.335721,9/30/15,61181942,123,Released,The Walk,6.9,1121,0,1,0,0,0,0,1,0,0,0,0,0,0,0,0,0,1,0,0,0
285923,67000000,NA,en,Grindhouse,16.637642,4/6/07,25037897,191,Released,Grindhouse,6.8,459,1,0,0,0,0,0,0,0,0,0,0,1,0,0,0,0,1,0,0,0
286217,108000000,http://www.foxmovies.com/movies/the-martian,en,The Martian,167.93287,9/30/15,630161890,141,Released,The Martian,7.6,7268,0,1,0,0,0,0,1,0,0,0,0,0,0,0,0,1,0,0,0,0
286565,12000000,NA,en,Paper Towns,64.610671,6/18/15,85512300,109,Released,Paper Towns,6.1,1937,0,0,0,0,0,0,1,0,0,0,0,0,0,1,1,0,0,0,0,0
286939,0,NA,en,Sanctuary: Quite a Conundrum,0.166513,1/20/12,0,82,Released,Sanctuary: Quite a Conundrum,0,0,0,0,0,1,0,0,0,0,0,0,0,1,0,0,0,0,1,0,0,0
287424,4000000,http://www.maggiethefilm.com/,en,Maggie,40.016306,5/8/15,187112,95,Released,Maggie,5.2,593,0,0,0,0,0,0,0,0,0,0,0,1,0,0,0,0,0,0,0,0
287524,1,http://www.fearclinicmovie.com/,en,Fear Clinic,1.859965,10/31/14,0,95,Released,Fear Clinic,4,42,0,0,0,0,0,0,0,0,0,0,0,1,0,0,0,0,0,0,0,0
287625,0,NA,en,Stories of Our Lives,0.327794,9/5/14,0,60,Released,Stories of Our Lives,0,0,0,0,0,0,0,0,1,0,0,0,0,0,0,0,0,0,0,0,0,0
287815,0,NA,en,Call + Response,0.062089,10/10/08,0,86,Released,Call + Response,8,1,0,0,0,0,0,1,0,0,0,0,0,0,0,0,0,0,0,0,0,0
287903,15000000,http://www.krampusthefilm.com/,en,Krampus,31.565117,11/26/15,61548707,98,Released,Krampus,5.9,584,0,0,0,1,0,0,0,0,1,0,0,1,0,0,0,0,0,0,0,0
287948,25000000,http://www.thetransporterrefueled.com/,en,The Transporter Refueled,25.002715,9/3/15,72629670,96,Released,The Transporter Refueled,5.2,559,1,0,0,0,1,0,0,0,0,0,0,0,0,0,0,0,1,0,0,0
288927,0,NA,en,Archaeology of a Woman,0.254659,9/12/14,0,94,Released,Archaeology of a Woman,0,0,0,0,0,0,0,0,1,0,0,0,0,0,0,0,0,0,0,0,0,0
288980,14500000,http://themoviefreedom.com/,en,Freedom,4.389363,8/21/14,0,NA,Released,Freedom,5.8,9,0,0,0,0,0,0,1,0,0,0,0,0,0,0,0,0,0,0,0,0
289180,0,NA,en,H.,1.045623,8/28/14,0,93,Released,H.,6.5,4,0,0,0,0,0,0,1,0,0,0,0,0,0,0,0,1,1,0,0,0
290370,0,NA,en,Mutant World,1.893697,9/27/14,15e5,85,Released,Mutant World,2.6,9,0,0,0,0,0,0,0,0,0,0,0,0,0,0,0,1,0,0,0,0
290391,50000,NA,en,"Run, Hide, Die",0.595809,9/1/15,0,75,Released,"Run, Hide, Die",3.5,2,0,0,0,0,0,0,0,0,0,0,0,1,0,0,0,0,1,0,0,0
290555,18000000,NA,en,Wolves,7.922639,8/28/14,0,90,Released,Wolves,5.7,82,1,0,0,0,0,0,0,0,0,0,0,1,0,0,0,0,0,0,0,0
290595,115000000,http://www.thehuntsmanmovie.com/,en,The Huntsman: Winter's War,60.467984,4/6/16,164602163,114,Released,The Huntsman: Winter's War,6,1523,1,1,0,0,0,0,1,0,0,0,0,0,0,0,0,0,0,0,0,0
290751,19500000,http://secretintheireyes.movie/,en,Secret in Their Eyes,15.012237,10/14/15,34854990,111,Released,Secret in Their Eyes,6.2,336,0,0,0,0,1,0,1,0,0,0,0,0,0,1,0,0,0,0,0,0
290825,5000000,http://www.yogahosers.com/,en,Yoga Hosers,8.618793,7/8/16,0,88,Released,Yoga Hosers,4.7,102,0,0,0,1,0,0,0,0,1,0,0,1,0,0,0,0,1,0,0,0
290864,25000000,NA,cn,一個人的武林,6.895866,10/31/14,0,100,Released,Kung Fu Jungle,6.5,114,1,0,0,0,1,0,0,0,0,0,0,0,0,0,0,0,1,0,0,0
291081,0,NA,en,Red Riding: In the Year of Our Lord 1974,7.247023,2/28/09,0,102,Released,Red Riding: In the Year of Our Lord 1974,7,54,0,0,0,0,1,0,1,0,0,0,0,0,0,1,0,0,1,0,0,0
291270,8000000,http://www.anomalisa.com/,en,Anomalisa,21.024346,12/30/15,5659286,90,Released,Anomalisa,7,459,0,0,1,1,0,0,1,0,0,0,0,0,0,0,1,0,0,0,0,0
291362,1500000,http://www.roadhardmovie.com,en,Road Hard,0.85901400000000006,3/6/15,0,97,Released,Road Hard,6.6,8,0,0,0,1,0,0,0,0,0,0,0,0,0,0,0,0,0,0,0,0
291805,90000000,http://nowyouseeme.movie,en,Now You See Me 2,51.535701,6/2/16,334901337,129,Released,Now You See Me 2,6.7,3235,1,1,0,1,1,0,0,0,0,0,0,0,0,1,0,0,1,0,0,0
291870,11500000,http://www.dirtygrandpa.movie/,en,Dirty Grandpa,56.805781,1/21/16,94073028,102,Released,Dirty Grandpa,5.7,1406,0,0,0,1,0,0,0,0,0,0,0,0,0,0,0,0,0,0,0,0
292481,5000000,NA,en,Henry & Me,0.999655,8/18/14,0,67,Released,Henry & Me,3,3,0,0,1,0,0,0,0,1,0,0,0,0,0,0,0,0,0,0,0,0
292483,0,http://www.notcoolthemovie.com/,en,Not Cool,1.186971,9/23/14,0,90,Released,Not Cool,3.7,25,0,0,0,1,0,0,0,0,0,0,0,0,0,0,0,0,0,0,0,0
292539,913000,NA,de,Food Chains,0.795698,4/26/14,0,83,Released,Food Chains,7.4,8,0,0,0,0,0,1,0,0,0,0,0,0,0,0,0,0,0,0,0,0
293644,8000000,NA,es,Don Gato: El inicio de la pandilla,0.719996,10/30/15,0,89,Released,Top Cat Begins,5.3,9,0,0,1,1,0,0,0,0,0,0,0,0,0,0,0,0,0,0,0,0
293646,25000000,NA,en,The 33,10.699952,8/6/15,24902723,120,Released,The 33,6,378,0,0,0,0,0,0,1,0,0,0,1,0,0,0,0,0,0,0,0,0
293660,58000000,http://www.foxmovies.com/movies/deadpool,en,Deadpool,514.569956,2/9/16,783112979,108,Released,Deadpool,7.4,10995,1,1,0,1,0,0,0,0,0,0,0,0,0,0,0,0,0,0,0,0
293670,0,NA,ko,곡성,9.05029,5/12/16,0,156,Released,The Wailing,7.2,250,0,0,0,0,0,0,0,0,0,0,0,1,0,1,0,0,0,0,0,0
293863,25000000,http://theageofadalinemovie.com,en,The Age of Adaline,82.052056,4/16/15,65663276,112,Released,The Age of Adaline,7.4,1990,0,0,0,0,0,0,1,0,1,0,0,0,0,0,1,0,0,0,0,0
294086,0,http://www.tigerorangemovie.com/,en,Tiger Orange,0.176377,7/26/14,0,75,Released,Tiger Orange,6.4,4,0,0,0,0,0,0,1,0,0,0,0,0,0,0,0,0,0,0,0,0
294254,61000000,http://mazerunnermovies.com,en,Maze Runner: The Scorch Trials,113.161483,9/9/15,311256926,132,Released,Maze Runner: The Scorch Trials,6.4,3040,1,0,0,0,0,0,0,0,0,0,0,0,0,0,0,0,0,0,0,0
294272,65000000,http://movies.disney.com/petes-dragon-2016,en,Pete's Dragon,31.974359,8/10/16,143695338,102,Released,Pete's Dragon,6.2,679,0,1,0,0,0,0,0,1,1,0,0,0,0,0,0,0,0,0,0,0
294512,0,NA,en,Alpha and Omega: The Legend of the Saw Tooth Cave,1.874783,7/21/14,0,53,Released,Alpha and Omega: The Legend of the Saw Tooth Cave,6.5,4,0,1,1,1,0,0,0,1,0,0,0,0,0,0,0,0,0,0,0,0
294600,0,NA,en,Last I Heard,0.35819,1/1/13,0,98,Released,Last I Heard,6,1,0,0,0,1,0,0,1,0,0,0,0,0,0,0,0,0,0,0,0,0
295886,1900000,NA,en,Brotherly Love,1.367751,4/24/15,0,89,Post Production,Brotherly Love,6.9,21,0,0,0,0,0,0,1,0,0,0,0,0,0,0,0,0,0,0,0,0
295914,0,NA,ky,Kurmanjan Datka. Queen of the Mountains,0.077873,8/22/14,0,135,Released,Queen of the Mountains,0,0,1,0,0,0,0,0,1,0,0,0,0,0,0,0,0,0,0,0,0,0
295964,20000000,http://burntmovie.com/,en,Burnt,30.477114,10/2/15,36606743,100,Released,Burnt,6.3,950,0,0,0,0,0,0,1,0,0,0,0,0,0,0,0,0,0,0,0,0
296096,20000000,http://www.mebeforeyoumovie.net,en,Me Before You,53.161905,6/2/16,207945075,110,Released,Me Before You,7.6,2562,0,0,0,0,0,0,1,0,0,0,0,0,0,0,1,0,0,0,0,0
296098,40000000,NA,en,Bridge of Spies,48.445978,10/15/15,165478348,141,Released,Bridge of Spies,7.2,2583,0,0,0,0,0,0,1,0,0,0,0,0,0,0,0,0,1,0,0,0
296099,31000000,NA,en,Vacation,47.753598,7/28/15,104384188,99,Released,Vacation,6.2,1195,0,0,0,1,0,0,0,0,0,0,0,0,0,0,0,0,0,0,0,0
296943,0,http://www.thehadzalastofthefirst.com/,en,The Hadza:  Last of the First,0.045648,10/31/14,0,70,Released,The Hadza:  Last of the First,0,0,0,0,0,0,0,1,0,0,0,0,0,0,0,0,0,0,0,0,0,0
297596,15000000,NA,en,Dying of the Light,10.48009,12/4/14,0,94,Released,Dying of the Light,4.5,118,0,0,0,0,0,0,1,0,0,0,0,0,0,0,0,0,1,0,0,0
297621,0,NA,en,There's Always Woodstock,2.025701,11/14/14,0,90,Released,There's Always Woodstock,5.4,12,0,0,0,1,0,0,0,0,0,0,0,0,1,0,1,0,0,0,0,0
297761,175000000,http://www.suicidesquad.com/,en,Suicide Squad,90.23792,8/2/16,745e6,123,Released,Suicide Squad,5.9,7458,1,1,0,0,1,0,0,0,1,0,0,0,0,0,0,1,0,0,0,0
298312,5000000,http://www.stayinyourroom.com/,en,The Visit,38.94708,9/10/15,98450062,94,Released,The Visit,6,1360,0,0,0,0,0,0,0,0,0,0,0,1,0,0,0,0,1,0,0,0
298584,0,NA,en,Cabin Fever,5.379319,2/12/16,0,99,Released,Cabin Fever,4.4,111,0,0,0,0,0,0,0,0,0,0,0,1,0,0,0,0,0,0,0,0
299145,0,NA,en,Dawn Patrol,3.230779,6/5/15,0,86,Released,Stranded,5,11,0,0,0,0,0,0,1,0,0,0,0,0,0,0,0,0,0,0,0,0
299245,100000,http://thegallowsmovie.com/,en,The Gallows,18.045782,7/10/15,42664410,87,Released,The Gallows,4.9,361,0,0,0,0,0,0,0,0,0,0,0,1,0,0,0,0,1,0,0,0
299552,0,NA,en,Born Of War,1.136568,12/5/13,0,109,Released,Born Of War,4.1,7,1,0,0,0,0,0,0,0,0,0,0,0,0,0,0,0,1,0,1,0
299553,2000000,http://www.screenmedia.net/project/shark-lake/,en,Shark Lake,1.187764,10/2/15,0,NA,Released,Shark Lake,4.4,19,0,0,0,0,0,0,0,0,0,0,0,0,0,0,0,0,1,0,0,0
299687,38000000,https://www.facebook.com/5thWaveMovie/,en,The 5th Wave,57.889964,1/14/16,109906372,112,Released,The 5th Wave,5.6,1945,0,1,0,0,0,0,0,0,0,0,0,0,0,0,0,1,0,0,0,0
300168,65000000,NA,zh,天將雄師,9.568884,2/19/15,121545703,127,Released,Dragon Blade,5.9,145,1,1,0,0,0,0,1,0,0,0,0,0,0,0,0,0,0,0,0,0
300671,50000000,http://www.thirteenhoursmovie.com/,en,13 Hours: The Secret Soldiers of Benghazi,42.526529,1/13/16,69411370,144,Released,13 Hours: The Secret Soldiers of Benghazi,7,938,1,0,0,0,0,0,1,0,0,0,1,0,0,0,0,0,1,0,1,0
300673,80000000,https://www.facebook.com/thefinesthoursmovie,en,The Finest Hours,28.223664,1/25/16,52099090,114,Released,The Finest Hours,6.3,588,1,0,0,0,0,0,1,0,0,0,1,0,0,0,0,0,1,0,0,0
300706,5000000,NA,en,Let's Kill Ward's Wife,8.496364,12/23/14,0,81,Released,Let's Kill Ward's Wife,5.5,76,0,0,0,1,0,0,0,0,0,0,0,0,0,0,0,0,0,0,0,0
301325,1500000,http://www.hashtaghorror.com/,de,#Horror,2.815228,11/20/15,0,90,Released,#Horror,3.3,52,0,0,0,0,0,0,1,0,0,0,0,1,0,1,0,0,1,0,0,0
301351,6000000,NA,en,We Are Your Friends,28.819424,8/26/15,11122090,96,Released,We Are Your Friends,6.3,658,0,0,0,0,0,0,1,0,0,0,0,0,1,0,1,0,0,0,0,0
301365,7000000,http://theneondemon.com/,en,The Neon Demon,38.150787,6/8/16,1333124,117,Released,The Neon Demon,6.4,887,0,0,0,0,0,0,0,0,0,0,0,1,0,0,0,0,1,0,0,0
301748,3300000,NA,en,Opposite Sex,2.964785,11/8/14,45e3,96,Released,The Opposite Sex,4.1,9,0,0,0,1,0,0,0,0,0,0,0,0,0,0,0,0,0,0,0,0
302156,31500000,NA,en,Criminal,27.891012,4/14/16,14708696,113,Released,Criminal,5.7,557,1,0,0,0,0,0,0,0,0,0,0,0,0,0,0,0,0,0,0,0
302579,700000,http://naturallynative.com/home.html,en,Naturally Native,0.578798,10/8/99,10508,107,Released,Naturally Native,0,0,0,0,0,0,0,0,1,0,0,0,0,0,0,0,0,0,0,0,0,0
302688,18000000,NA,en,My Big Fat Greek Wedding 2,16.027955,3/23/16,88923251,94,Released,My Big Fat Greek Wedding 2,5.5,322,0,0,0,1,0,0,0,1,0,0,0,0,0,0,1,0,0,0,0,0
302699,50000000,http://www.centralintelligencemovie.com/,en,Central Intelligence,45.318703,6/15/16,216972543,107,Released,Central Intelligence,6.2,1650,1,0,0,1,0,0,0,0,0,0,0,0,0,0,0,0,0,0,0,0
303858,27000000,NA,en,Money Monster,38.279458,5/12/16,93282604,98,Released,Money Monster,6.5,1068,0,0,0,0,0,0,0,0,0,0,0,0,0,0,0,0,1,0,0,0
304357,11000000,http://womaningoldmovie.com/,en,Woman in Gold,21.204929,4/10/15,61619773,120,Released,Woman in Gold,7.3,440,0,0,0,0,0,0,1,0,0,0,0,0,0,0,0,0,0,0,0,0
304410,11000000,NA,fr,La Famille Bélier,25.302978,12/17/14,0,105,Released,The Bélier Family,7,766,0,0,0,1,0,0,1,0,0,0,0,0,1,0,0,0,0,0,0,0
306667,0,NA,en,Horse Camp,0.172299,1/10/15,0,108,Released,Horse Camp,5.5,2,0,0,0,0,0,0,1,1,0,0,0,0,0,0,0,0,0,0,0,0
306745,7000000,http://www.freeheld.movie/,en,Freeheld,8.184588,10/2/15,573335,103,Released,Freeheld,7.1,164,0,0,0,0,0,0,1,0,0,0,0,0,0,0,1,0,0,0,0,0
307081,30000000,NA,en,Southpaw,65.364452,6/15/15,91709827,123,Released,Southpaw,7.3,2067,1,0,0,0,0,0,1,0,0,0,0,0,0,0,0,0,0,0,0,0
308467,0,NA,en,Roadside,0.160234,3/1/13,0,90,Released,Roadside,4.2,5,0,0,0,0,0,0,1,0,0,0,0,1,0,0,0,0,0,0,0,0
308529,17000000,http://www.kickboxervengeance.com,en,Kickboxer: Vengeance,6.526588,7/14/16,0,90,Released,Kickboxer: Vengeance,4.5,99,1,0,0,0,0,0,1,0,0,0,0,0,0,0,0,0,0,0,0,0
308531,135000000,http://www.teenagemutantninjaturtlesmovie.com/,en,Teenage Mutant Ninja Turtles: Out of the Shadows,39.873791,6/1/16,245623848,112,Released,Teenage Mutant Ninja Turtles: Out of the Shadows,5.8,963,1,1,0,1,0,0,0,0,1,0,0,0,0,0,0,0,0,0,0,0
308639,700000,http://www.youaredope.com/,en,Dope,29.761163,6/19/15,17986781,103,Released,Dope,7.2,691,0,0,0,1,1,0,1,0,0,0,0,0,0,0,0,0,0,0,0,0
309425,0,NA,en,Do You Believe?,2.470443,3/20/15,0,115,Released,Do You Believe?,6.6,48,0,0,0,0,0,0,1,0,1,0,0,0,0,0,0,0,0,0,0,0
309503,0,NA,en,Zipper,8.516229,8/28/15,0,103,Released,Zipper,5.5,58,0,0,0,0,0,0,1,0,0,0,0,0,0,0,0,0,1,0,0,0
309809,64000000,http://www.thelittleprincemovie.com/,en,The Little Prince,35.384423,7/29/15,97571250,92,Released,The Little Prince,7.6,756,0,1,1,0,0,0,0,0,1,0,0,0,0,0,0,0,0,0,0,0
309919,2000000,NA,en,The Curse of Downers Grove,2.00163,8/21/15,0,NA,Released,The Curse of Downers Grove,4.4,24,0,0,0,0,0,0,1,0,0,0,0,1,0,1,0,0,1,0,0,0
310131,3500000,http://a24films.com/films/witch/,en,The Witch,50.319662,2/19/16,40423945,92,Released,The Witch,6.3,1434,0,0,0,0,0,0,0,0,0,0,0,1,0,1,0,0,0,0,0,0
310569,0,NA,pt,Que Horas Ela Volta?,9.683622,2/8/15,0,110,Released,The Second Mother,7.8,165,0,0,0,0,0,0,1,0,0,0,0,0,0,0,0,0,0,0,0,0
310706,0,NA,en,Black Water Transit,0.126738,5/13/09,0,100,Released,Black Water Transit,0,0,0,0,0,0,1,0,1,0,0,0,0,0,0,0,0,0,0,0,0,0
310933,0,NA,en,Bleeding Hearts,0.100533,6/1/13,0,0,Released,Bleeding Hearts,2,1,0,0,0,0,0,0,0,0,0,0,0,1,0,0,0,0,0,0,0,0
312113,12500000,NA,en,Black November,1.589693,12/7/12,0,95,Released,Black November,6.4,4,1,0,0,0,1,0,1,0,0,0,0,0,0,0,0,0,0,0,0,0
312221,37000000,http://creedthemovie.com/,en,Creed,57.773583,11/25/15,173567581,133,Released,Creed,7.3,1915,0,0,0,0,0,0,1,0,0,0,0,0,0,0,0,0,0,0,0,0
312791,3150000,NA,en,GirlHouse,8.039223,10/16/14,0,100,Released,GirlHouse,5.2,97,0,0,0,0,0,0,0,0,0,0,0,1,0,0,0,0,1,0,0,0
312793,0,NA,en,Walking with the Dead,1.332804,3/20/15,0,NA,Released,The Walking Deceased,4.2,35,0,0,0,1,0,0,0,0,0,0,0,0,0,0,0,1,0,0,0,0
313922,5000000,http://greenroom-movie.com/,en,Green Room,30.001024,4/15/16,3220371,95,Released,Green Room,6.7,683,0,0,0,0,1,0,0,0,0,0,0,1,0,0,0,0,1,0,0,0
314365,20000000,http://www.spotlightthefilm.com,en,Spotlight,41.503588,11/6/15,88346473,128,Released,Spotlight,7.8,2686,0,0,0,0,0,0,1,0,0,0,1,0,0,0,0,0,1,0,0,0
314385,10000000,NA,en,By the Sea,11.267676,11/12/15,3727746,122,Released,By the Sea,5.4,156,0,0,0,0,0,0,1,0,0,0,0,0,0,0,1,0,0,0,0,0
315011,15000000,NA,ja,シン・ゴジラ,9.476999,7/29/16,77e6,120,Released,Shin Godzilla,6.5,143,1,1,0,0,0,0,1,0,0,0,0,1,0,0,0,1,0,0,0,0
315664,29000000,http://www.florencefosterjenkinsmovie.com/,en,Florence Foster Jenkins,19.237254,5/6/16,48902953,110,Released,Florence Foster Jenkins,6.6,392,0,0,0,1,0,0,1,0,0,0,0,0,0,0,0,0,0,0,0,0
316002,26000000,NA,en,Accidental Love,5.644844,2/10/15,0,100,Released,Accidental Love,3.9,95,0,0,0,1,0,0,0,0,0,0,0,0,0,0,1,0,0,0,0,0
316152,50000000,http://stxmovies.com/freestateofjones/,en,Free State of Jones,21.589393,6/24/16,25035950,139,Released,Free State of Jones,6.6,428,1,0,0,0,0,0,1,0,0,0,1,0,0,0,0,0,1,0,1,0
316727,10000000,http://www.purgeelectionyear.com,en,The Purge: Election Year,53.727146,6/29/16,118587880,105,Released,The Purge: Election Year,6.1,1306,1,0,0,0,0,0,0,0,0,0,0,1,0,0,0,0,1,0,0,0
317930,3000000,http://genvideoshd.com/watch-compadres-2016-full-movie-online-genvideos/,es,Compadres,1.569246,3/31/16,0,101,Released,Compadres,5.2,17,1,0,0,1,0,0,0,0,0,0,0,0,0,0,0,0,0,0,0,0
318040,0,NA,en,Bizarre,0.583446,2/7/15,0,99,Released,Bizarre,6.2,11,0,0,0,0,0,0,1,0,0,0,0,0,0,0,1,0,0,0,0,0
318846,28000000,http://www.thebigshortmovie.com/,en,The Big Short,57.518472,12/11/15,133346506,130,Released,The Big Short,7.3,2607,0,0,0,1,0,0,1,0,0,0,0,0,0,0,0,0,0,0,0,0
318850,18500000,NA,en,The Young Messiah,1.884558,3/10/16,6490401,120,Released,The Young Messiah,6.4,30,0,0,0,0,0,0,1,0,0,0,0,0,0,0,0,0,0,0,0,0
319069,0,http://www.censoredvoices.com/,en,Censored Voices,0.59458,1/24/15,0,84,Released,Censored Voices,5.1,8,0,0,0,0,0,1,0,0,0,0,1,0,0,0,0,0,0,0,0,0
319888,23000000,http://www.foxmovies.com/movies/eddie-the-eagle,en,Eddie the Eagle,29.365851,2/26/16,46152800,106,Released,Eddie the Eagle,7.2,661,0,0,0,1,0,0,1,0,0,0,1,0,0,0,0,0,0,0,0,0
319910,0,NA,en,Broken Horses,4.289676,3/15/15,0,NA,Released,Broken Horses,5,10,0,0,0,0,1,0,1,0,0,0,0,0,0,1,0,0,1,0,0,0
320146,1000000,http://creativecontrolmovie.com,en,Creative Control,1.50211,3/11/16,0,97,Released,Creative Control,5.4,25,0,0,0,0,0,0,1,0,0,0,0,0,0,0,0,1,0,0,0,0
321258,10000000,http://theboymovie.tumblr.com/,en,The Boy,38.179483,1/22/16,64188367,97,Released,The Boy,5.8,1102,0,0,0,0,0,0,0,0,0,0,0,1,0,1,0,0,1,0,0,0
321697,30000000,http://www.stevejobsthefilm.com,en,Steve Jobs,53.670525,10/9/15,34441873,122,Released,Steve Jobs,6.8,1573,0,0,0,0,0,0,1,0,0,0,1,0,0,0,0,0,0,0,0,0
321741,35000000,http://www.sonypictures.com/movies/concussion/,en,Concussion,35.120736,11/12/15,50363790,123,Released,Concussion,7,823,0,0,0,0,0,0,1,0,0,0,0,0,0,0,0,0,0,0,0,0
322194,0,NA,en,Subconscious,0.397323,3/10/15,0,110,Released,Subconscious,3.4,4,1,0,0,0,0,0,0,0,0,0,0,0,0,1,0,0,1,0,0,0
322443,0,NA,de,The Timber,0.803761,2/27/15,0,81,Released,The Timber,4.1,15,0,1,0,0,0,0,1,0,0,0,0,0,0,0,0,0,0,0,0,1
322745,50000,NA,en,Counting,0.293587,2/9/15,0,111,Released,Counting,8.3,3,0,0,0,0,0,1,0,0,0,0,0,0,0,0,0,0,0,0,0,0
323270,0,NA,en,The Horror Network Vol. 1,0.392658,10/27/15,0,0,Released,The Horror Network Vol. 1,5,2,0,0,0,0,0,0,0,0,0,0,0,1,0,0,0,0,0,0,0,0
323271,0,NA,en,Unsullied,0.06124,8/28/15,0,93,Released,Unsullied,3,1,1,0,0,0,0,0,0,0,0,0,0,1,0,0,0,0,1,0,0,0
323675,40000000,http://www.ridealong.com/,en,Ride Along 2,25.136082,1/14/16,124827316,102,Released,Ride Along 2,6.1,555,1,0,0,1,0,0,0,0,0,0,0,0,0,0,0,0,0,0,0,0
323676,29000000,http://www.thebossfilm.com/,en,The Boss,20.55509,4/7/16,78636257,91,Released,The Boss,5.5,431,0,0,0,1,0,0,0,0,0,0,0,0,0,0,0,0,0,0,0,0
323677,5000000,NA,en,Race,22.9951,2/19/16,24804129,134,Released,Race,7.1,478,1,0,0,0,0,0,1,0,0,0,0,0,0,0,0,0,0,0,0,0
323967,700000,NA,en,Walter,2.659006,3/13/15,0,87,Released,Walter,5.3,26,0,0,0,1,0,0,1,0,0,0,0,0,0,0,0,0,0,0,0,0
324322,522360,https://www.facebook.com/music4mali,fr,They Will Have to Kill Us First,0.071349,10/13/15,0,105,Released,They Will Have to Kill Us First,5,1,0,0,0,0,0,1,0,0,0,0,0,0,1,0,0,0,0,0,0,0
324352,300000,NA,en,Anderson's Cross,0.006323,5/20/10,0,98,Released,Anderson's Cross,0,0,0,0,0,1,0,0,1,0,0,0,0,0,0,0,1,0,0,0,0,0
324668,120000000,http://www.jasonbournemovie.com,en,Jason Bourne,62.641286,7/27/16,415484914,123,Released,Jason Bourne,5.9,2341,1,0,0,0,0,0,0,0,0,0,0,0,0,0,0,0,1,0,0,0
325123,0,NA,en,Teeth and Blood,0.055325,3/10/15,0,96,Released,Teeth and Blood,3,1,0,0,0,0,0,0,0,0,0,0,0,1,0,0,0,0,0,0,0,0
325133,35000000,http://www.neighbors-movie.com/,en,Neighbors 2: Sorority Rising,50.179171,5/4/16,108758521,91,Released,Neighbors 2: Sorority Rising,5.6,1462,0,0,0,1,0,0,0,0,0,0,0,0,0,0,0,0,0,0,0,0
325173,0,https://www.facebook.com/closerangemovie/,en,Close Range,5.485217,12/11/15,0,80,Released,Close Range,4.9,54,1,0,0,0,1,0,0,0,0,0,0,0,0,0,0,0,0,0,0,0
325373,0,NA,en,Two Lovers and a Bear,3.139294,10/2/16,0,96,Released,Two Lovers and a Bear,6.8,27,0,0,0,0,0,0,1,0,0,0,0,0,0,0,1,0,0,0,0,0
325789,25000000,http://www.theinfiltrator.com/,en,The Infiltrator,24.672234,7/13/16,15436808,127,Released,The Infiltrator,6.6,573,0,0,0,0,1,0,1,0,0,0,0,0,0,0,0,0,1,0,0,0
326284,7500000,NA,en,Pound of Flesh,4.943588,5/7/15,0,104,Released,Pound of Flesh,5.5,63,1,0,0,0,0,0,0,0,0,0,0,0,0,0,0,0,0,0,0,0
326576,0,NA,en,Dawn of the Crescent Moon,0.049469,4/5/14,0,95,Released,Dawn of the Crescent Moon,2,1,0,0,0,0,0,0,1,0,0,0,0,0,0,0,0,1,1,0,0,0
327833,9000000,NA,en,Skin Trade,6.677926,11/7/14,0,96,Released,Skin Trade,5.6,61,1,0,0,0,0,0,1,0,0,0,0,0,0,0,0,0,1,0,0,0
328111,75000000,http://www.thesecretlifeofpets.com/,en,The Secret Life of Pets,31.482872,6/18/16,875958308,87,Released,The Secret Life of Pets,5.9,3462,0,0,1,0,0,0,0,1,0,0,0,0,0,0,0,0,0,0,0,0
328387,20000000,http://www.playnerve.com/,en,Nerve,62.933899,7/27/16,83707310,96,Released,Nerve,7.1,2181,0,1,0,0,1,0,0,0,0,0,0,0,0,1,0,0,0,0,0,0
328425,5000000,https://www.facebook.com/GIFTmovie,en,The Gift,27.247013,7/30/15,58978653,108,Released,The Gift,6.7,1049,0,0,0,0,0,0,0,0,0,0,0,0,0,1,0,0,1,0,0,0
329440,10000000,http://theforestisreal.com/,en,The Forest,19.865989,1/7/16,40055439,95,Released,The Forest,4.8,448,0,0,0,0,0,0,0,0,0,0,0,1,0,0,0,0,1,0,0,0
329540,1950000,NA,en,The Marine 4: Moving Target,3.696123,4/10/15,0,90,Released,The Marine 4: Moving Target,5.8,49,1,0,0,0,0,0,0,0,0,0,0,0,0,0,0,0,1,0,0,0
329833,50000000,http://www.zoolander.com/,en,Zoolander 2,37.253774,2/6/16,55969e3,100,Released,Zoolander 2,4.7,797,0,0,0,1,0,0,0,0,0,0,0,0,0,0,0,0,0,0,0,0
330770,0,NA,fr,Évolution,3.300061,9/14/15,0,81,Released,Evolution,6.4,47,0,0,0,0,0,0,1,0,0,0,0,1,0,1,0,0,0,0,0,0
331190,2000000,NA,en,Captive,6.728882,9/17/15,2801508,97,Released,Captive,5.6,92,0,0,0,0,1,0,1,0,0,0,0,0,0,0,0,0,1,0,0,0
331592,0,http://www.listeningmovie.com/,en,Listening,2.414721,9/11/15,0,100,Released,Listening,5.5,31,0,0,0,0,0,0,1,0,0,0,0,0,0,0,0,1,1,0,0,0
331745,0,NA,en,Top Spin,0.523122,11/15/14,0,80,Released,Top Spin,6.8,6,0,0,0,0,0,1,0,0,0,0,0,0,0,0,0,0,0,0,0,0
332285,35000000,NA,en,Antibirth,3.674294,9/2/16,0,94,Released,Antibirth,4.8,40,0,0,0,0,0,0,0,0,0,0,0,1,0,0,0,0,0,0,0,0
332411,18000000,NA,en,I Am Wrath,10.144222,4/14/16,0,92,Released,I Am Wrath,4.5,179,1,0,0,0,1,0,1,0,0,0,0,0,0,0,0,0,1,0,0,0
332567,17000000,http://www.theshallows-movie.com,en,The Shallows,60.829621,6/24/16,119100758,86,Released,The Shallows,6.2,1567,0,0,0,0,0,0,1,0,0,0,0,1,0,0,0,0,1,0,0,0
333348,17000000,http://www.cbsfilms.com/love-the-coopers/,en,Love the Coopers,9.191187,11/12/15,24e6,107,Released,Love the Coopers,5.4,167,0,0,0,1,0,0,0,1,0,0,0,0,0,0,0,0,0,0,0,0
333355,0,http://www.starwars.com/tv-shows/star-wars-the-clone-wars,en,Star Wars: Clone Wars (Volume 1),1.881466,3/21/05,0,69,Released,Star Wars: Clone Wars: Volume 1,8,27,1,1,1,0,0,0,0,0,1,0,0,0,0,0,0,1,0,0,0,0
333371,15000000,http://www.10cloverfieldlane.com/,en,10 Cloverfield Lane,53.698683,3/10/16,108286421,103,Released,10 Cloverfield Lane,6.8,2468,0,0,0,0,0,0,1,0,0,0,0,0,0,0,0,1,1,0,0,0
334074,20000000,http://survivormovie.com/,en,Survivor,33.625477,5/21/15,0,96,Released,Survivor,5.4,404,0,0,0,0,0,0,0,0,0,0,0,0,0,0,0,0,1,0,0,0
334527,7000000,NA,en,Criminal Activities,6.665164,11/20/15,0,94,Released,Criminal Activities,5.8,110,0,0,0,0,1,0,1,0,0,0,0,0,0,0,0,0,1,0,0,0
334531,20000000,http://www.myallamerican.com/,en,My All American,3.102987,11/13/15,0,118,Released,My All American,6.8,36,0,0,0,0,0,0,1,0,0,0,0,0,0,0,0,0,0,0,0,0
335244,0,NA,en,Antarctic Edge: 70° South,0.021392,4/17/15,0,72,Released,Antarctic Edge: 70° South,0,0,0,0,0,0,0,1,0,0,0,0,0,0,0,0,0,0,0,0,0,0
335778,20000000,NA,en,Risen,16.663797,2/19/16,46069568,107,Released,Risen,5.7,295,1,0,0,0,0,0,0,0,0,0,0,0,0,0,0,0,0,0,0,0
335866,0,NA,en,Circle,6.752141,10/2/15,0,NA,Released,Circle,6,333,0,0,0,0,0,0,0,0,0,0,0,1,0,0,0,1,0,0,0,0
336004,8900000,NA,en,Heist,15.079993,11/13/15,41e5,93,Released,Heist,5.6,318,1,0,0,0,1,0,0,0,0,0,0,0,0,0,0,0,1,0,0,0
339408,8500000,http://www.foxsearchlight.com/thebirthofanation/,en,The Birth of a Nation,9.452808,9/9/16,15861566,120,Released,The Birth of a Nation,6.5,178,0,0,0,0,0,0,1,0,0,0,0,0,0,0,0,0,0,0,0,0
339984,16000000,http://www.miraclesfromheaven-movie.com/,en,Miracles from Heaven,10.248439,3/17/16,77e6,117,Released,Miracles from Heaven,6.7,186,0,0,0,0,0,0,1,0,0,0,0,0,0,0,0,0,0,0,0,0
340611,0,NA,en,Indignation,5.625989,7/29/16,0,110,Released,Indignation,6.8,69,0,0,0,0,0,0,1,0,0,0,0,0,0,0,0,0,0,0,0,0
340816,0,http://www.thestuckmovie.com/#menu,en,Christmas Eve,1.985243,12/4/15,0,95,Released,Christmas Eve,6.1,24,0,0,0,1,0,0,0,0,0,0,0,0,0,0,1,0,0,0,0,0
342502,3000000,NA,en,AWOL-72,1.141463,8/7/15,0,79,Released,AWOL-72,2.8,10,0,0,0,0,0,0,0,0,0,0,0,0,0,0,0,0,1,0,0,0
342521,15000000,http://keanumovie.com/,en,Keanu,18.268009,4/21/16,20566327,94,Released,Keanu,6,421,1,0,0,1,0,0,0,0,0,0,0,0,0,0,0,0,0,0,0,0
343409,0,NA,en,Windsor Drive,0.504251,6/26/15,0,90,Released,Windsor Drive,2,1,0,0,0,0,0,0,0,0,0,0,0,0,0,1,0,0,1,0,0,0
343795,5000000,NA,en,90 Minutes in Heaven,3.943706,9/11/15,4842699,121,Released,90 Minutes in Heaven,5.4,40,0,0,0,0,0,0,1,0,0,0,0,0,0,0,0,0,0,0,0,0
344466,0,NA,ro,Lumea e a mea,0.327622,6/5/15,0,104,Released,The World Is Mine,0,0,0,0,0,0,0,0,1,0,0,0,0,0,0,0,0,0,0,0,0,0
345003,1200000,NA,en,10 Days in a Madhouse,0.489271,11/20/15,0,111,Released,10 Days in a Madhouse,4.3,5,0,0,0,0,0,0,1,0,0,0,0,0,0,0,0,0,0,0,0,0
345911,4900000,http://www.lightsoutmovie.com/,en,Lights Out,48.170508,7/21/16,44107032,81,Released,Lights Out,6.3,1129,0,0,0,0,0,0,0,0,0,0,0,1,0,0,0,0,1,0,0,0
347126,5000000,http://www.godsnotdead.com/,en,God's Not Dead 2,6.96858,4/1/16,23507567,121,Released,God's Not Dead 2,5.7,72,0,0,0,0,0,0,1,0,0,0,0,0,0,0,0,0,0,0,0,0
347548,0,http://www.containment-film.com/,en,Containment,2.122451,7/9/15,0,77,Released,Containment,5.1,36,0,0,0,0,0,0,0,0,0,0,0,1,0,0,0,1,1,0,0,0
347755,0,NA,en,Wind Walkers,0.446858,1/28/16,0,93,Released,Wind Walkers,7.5,6,1,0,0,0,0,0,0,0,0,0,0,1,0,0,0,0,1,0,0,0
347764,0,http://www.goddessoflovemovie.com/,en,Goddess of Love,1.273773,8/31/15,0,96,Released,Goddess of Love,6.2,9,0,0,0,0,0,0,1,0,0,0,0,1,0,1,0,0,1,0,0,0
347969,60000000,http://www.netflix.com/title/80039517,en,The Ridiculous 6,19.694695,12/11/15,0,119,Released,The Ridiculous 6,4.9,388,0,0,0,1,0,0,0,0,0,0,0,0,0,0,0,0,0,0,0,1
351043,3000000,NA,en,Amnesiac,3.077885,8/14/15,0,90,Released,Amnesiac,4.1,52,0,0,0,0,0,0,1,0,0,0,0,1,0,1,0,0,1,0,0,0
351819,20000000,http://50shadesofblackmovie.com/,en,Fifty Shades of Black,14.947588,1/28/16,21164799,92,Released,Fifty Shades of Black,4.3,331,0,0,0,1,0,0,0,0,0,0,0,0,0,0,1,0,0,0,0,0
352978,5000000,NA,en,Chain of Command,1.398981,8/30/15,0,88,Released,Chain of Command,5.3,11,1,1,0,0,0,0,0,0,0,0,0,0,0,0,0,0,1,0,0,0
354110,11000000,NA,en,Forsaken,11.071522,9/16/15,0,90,Released,Forsaken,5.8,101,0,0,0,0,0,0,1,0,0,0,0,0,0,0,0,0,0,0,0,1
354624,0,NA,en,Heroes of Dirt,0.076647,9/4/15,0,98,Released,Heroes of Dirt,0,0,1,0,0,0,0,0,1,0,0,0,0,0,0,0,0,0,0,0,0,0
355629,0,NA,en,La Navaja De Don Juan,0.021678,10/27/13,0,98,Released,The Blade of Don Juan,0,0,0,0,0,1,0,0,1,0,0,0,0,0,0,0,0,0,0,0,0,0
356216,2500000,http://www.signature-entertainment.co.uk/film/rise-of-the-krays/,en,The Rise of the Krays,1.759506,8/29/15,0,110,Released,The Rise of the Krays,4.5,19,0,0,0,0,1,0,0,0,0,0,0,0,0,0,0,0,0,0,0,0
356483,0,NA,en,Unnatural,0.687656,10/16/15,0,89,Released,Unnatural,4.3,12,1,0,0,0,0,0,0,0,0,0,0,1,0,0,0,0,1,0,0,0
356841,0,NA,en,Checkmate,1.105357,7/3/15,0,102,Released,Checkmate,4.2,13,1,0,0,0,1,0,0,0,0,0,0,0,0,0,0,0,1,0,0,0
356987,0,NA,en,Abandoned,3.068463,8/30/15,0,82,Released,Abandoned,5.8,27,0,0,0,0,0,0,1,0,0,0,0,0,0,0,0,0,1,0,0,0
357441,0,https://www.epicbuzz.net/movies/karachi-se-lahore,en,Karachi se Lahore,0.060003,7/31/15,0,0,Released,Karachi se Lahore,8,1,0,0,0,1,0,0,0,1,0,0,0,0,0,0,0,0,0,0,0,0
357837,0,https://www.facebook.com/eastsidestorymovie,cs,Dancin' It's On,0.186234,10/16/15,0,89,Post Production,Dancin' It's On,4.3,2,0,0,0,0,0,0,1,0,0,0,0,0,0,0,1,0,0,0,0,0
358451,0,NA,zh,三城记,0.753362,8/28/15,0,130,Released,A Tale of Three Cities,6.3,5,0,0,0,0,0,0,1,0,0,0,1,0,0,0,1,0,0,0,0,0
360188,75000,NA,en,Queen Crab,0.140989,9/29/15,0,90,Released,Queen Crab,3.3,3,0,0,0,0,0,0,0,0,0,0,0,0,0,0,0,1,0,0,0,0
360339,2300000,NA,en,Eden,2.713171,10/22/15,0,97,Released,Eden,5.6,19,0,0,0,0,0,0,1,0,0,0,0,0,0,0,0,0,1,0,0,0
361159,0,NA,en,Navy Seals vs. Zombies,2.394613,10/8/15,0,97,Released,Navy Seals vs. Zombies,3.5,36,1,0,0,0,0,0,0,0,0,0,0,1,0,0,0,0,0,0,0,0
361398,0,NA,en,Theresa Is a Mother,0.036532,9/25/15,0,105,Released,Theresa Is a Mother,0,0,0,0,0,1,0,0,1,0,0,0,0,0,1,0,0,0,0,0,0,0
361475,0,NA,en,Departure,0.42583,5/20/16,0,109,Released,Departure,7.5,12,0,0,0,0,0,0,1,1,0,0,0,0,0,0,1,0,0,0,0,0
361505,1,NA,en,Me You and Five Bucks,0.094105,7/7/15,0,90,Released,Me You and Five Bucks,10,2,0,0,0,1,0,0,1,0,0,0,0,0,0,0,1,0,0,0,0,0
362105,4400000,NA,en,R.L. Stine's Monsterville: The Cabinet of Souls,3.898737,9/29/15,0,85,Released,R.L. Stine's Monsterville: The Cabinet of Souls,6.9,35,0,0,0,1,0,0,0,0,0,0,0,1,0,0,0,0,0,0,0,0
362765,0,http://soundandtheshadow.com/,en,The Sound and the Shadow,0.072359,10/19/14,0,90,Released,The Sound and the Shadow,0,0,0,0,0,1,0,0,0,0,0,0,0,0,0,1,0,0,1,0,0,0
364083,2100000,http://miamericamovie.net/,en,Mi America,0.039007,10/16/15,3330,126,Released,Mi America,0,0,0,0,0,0,1,0,1,0,0,0,0,0,0,0,0,0,0,0,0,0
365222,36000000,NA,cn,葉問3,19.167377,12/19/15,156844753,105,Released,Ip Man 3,6.5,379,1,0,0,0,0,0,1,0,0,0,1,0,0,0,0,0,0,0,0,0
366967,0,NA,en,Dutch Kills,0.038143,10/2/15,0,90,Released,Dutch Kills,0,0,0,0,0,0,1,0,1,0,0,0,0,0,0,0,0,0,1,0,0,0
367551,0,http://www.protagonistpictures.com/films/american-hero,en,American Hero,5.023091,12/11/15,0,86,Released,American Hero,5,62,1,0,0,1,0,0,0,0,0,0,0,0,0,0,0,1,0,0,0,0
367961,30000000,http://www.savvafilm.com/,ru,Савва. Сердце воина,2.625594,11/12/15,0,85,Released,Savva. Heart of the Warrior,6.4,7,0,1,1,0,0,0,0,0,1,0,0,0,0,0,0,0,0,0,0,0
370464,0,http://freestylereleasing.com/the-masked-saint/,en,The Masked Saint,0.909067,1/8/16,0,111,Released,The Masked Saint,2.9,7,1,0,0,0,1,0,0,0,0,0,0,0,0,0,0,0,0,0,0,0
370662,3500000,http://www.timetochoose.com,en,Time to Choose,1.618138,9/4/15,0,100,Released,Time to Choose,0,0,0,0,0,0,0,1,0,0,0,0,0,0,0,0,0,0,0,0,0,0
370980,15000000,NA,it,Chiamatemi Francesco - Il Papa della gente,0.738646,12/3/15,0,NA,Released,Chiamatemi Francesco - Il Papa della gente,7.3,12,0,0,0,0,0,0,1,0,0,0,0,0,0,0,0,0,0,0,0,0
371690,350000,NA,en,Rotor DR1,0.249561,10/20/15,0,98,Released,Rotor DR1,4.7,3,0,0,0,0,0,0,0,1,0,0,0,0,0,0,0,1,0,0,0,0
373314,11000000,NA,en,Misconduct,10.016909,2/5/16,0,106,Released,Misconduct,5.3,149,0,0,0,0,0,0,1,0,0,0,0,0,0,0,0,0,1,0,0,0
374461,8000000,NA,en,Mr. Church,7.828459,9/16/16,0,104,Released,Mr. Church,7,129,0,0,0,0,0,0,1,0,0,0,0,0,0,0,0,0,0,0,0,0
375290,4500000,NA,hi,Airlift,2.551559,1/22/16,32e6,126,Released,Airlift,7.3,57,1,0,0,0,0,0,1,0,0,0,1,0,0,0,0,0,1,0,0,0
375950,0,NA,fr,Médecin de campagne,2.651304,3/23/16,0,102,Released,The Country Doctor,6,63,0,0,0,1,0,0,1,0,0,0,0,0,0,0,0,0,0,0,0,0
376004,750000,NA,en,Adulterers,1.471139,1/5/16,0,80,Released,Adulterers,5.2,16,0,0,0,0,1,0,1,0,0,0,0,0,0,0,0,0,1,0,0,0
376010,0,NA,en,Western Religion,0.58954,10/9/15,0,106,Released,Western Religion,0,0,0,0,0,0,0,0,0,0,0,0,0,0,0,0,0,0,0,0,0,1
376659,20000000,http://stxmovies.com/badmoms/,en,Bad Moms,42.512296,7/28/16,183936074,100,Released,Bad Moms,6.3,1252,0,0,0,1,0,0,0,0,0,0,0,0,0,0,0,0,0,0,0,0
378200,0,NA,en,The Perfect Match,3.810827,3/11/16,0,96,Released,The Perfect Match,5.2,42,0,0,0,1,0,0,0,0,0,0,0,0,0,0,1,0,0,0,0,0
378237,300000,NA,en,Amidst the Devil's Wings,0.018087,12/1/14,0,90,Released,Amidst the Devil's Wings,0,0,1,0,0,0,1,0,1,0,0,0,0,0,0,0,0,0,0,0,0,0
379532,0,NA,en,Rodeo Girl,0.087574,1/5/16,0,108,Released,Rodeo Girl,5.5,1,0,0,0,0,0,0,0,1,0,0,0,0,0,0,0,0,0,0,0,0
380733,0,NA,en,Fight to the Finish,0.251828,2/2/16,0,94,Released,Fight to the Finish,5.2,3,1,0,0,0,0,0,0,0,0,0,0,0,0,0,1,0,0,0,0,0
381902,68490000,http://themonkeykingmovie.com,zh,西游记之孙悟空三打白骨精,4.72629,1/22/16,193677158,120,Released,The Monkey King 2,6,24,1,1,0,0,0,0,0,0,1,0,0,0,0,0,0,0,0,0,0,0
385383,27000000,http://www.fightvalley.com/,en,Fight Valley,1.224105,7/22/16,0,90,Released,Fight Valley,3.9,8,1,0,0,0,0,0,1,0,0,0,0,0,0,0,0,0,0,0,0,0
385636,0,NA,sl,Julija in Alfa Romeo,0.061248,9/17/15,0,83,Released,Juliet and Alfa Romeo,6,1,0,0,0,1,0,0,1,0,0,0,0,0,0,0,0,0,0,0,0,0
385736,0,http://www.focusfeatures.com/kicks,en,Kicks,3.467923,9/9/16,0,80,Released,Kicks,7.5,18,0,1,0,0,0,0,0,0,0,0,0,0,0,0,0,0,0,0,0,0
386826,0,NA,en,A Beginner's Guide to Snuff,0.060127,3/4/16,0,87,Released,A Beginner's Guide to Snuff,0,0,0,0,0,1,0,0,0,0,0,0,0,1,0,0,0,0,1,0,0,0
389425,8000000,NA,en,Code of Honor,2.101718,5/6/16,0,106,Released,Code of Honor,4.1,16,1,0,0,0,1,0,0,0,0,0,0,0,0,0,0,0,1,0,0,0
394047,2000000,http://www.thedoglovermovie.com/,en,The Dog Lover,1.193219,7/8/16,0,101,Released,The Dog Lover,5.3,6,0,0,0,0,0,0,1,0,0,0,0,0,0,0,0,0,0,0,0,0
395766,0,NA,en,The Secret,0.042346,4/29/16,0,200,Released,The Secret,0,0,0,0,0,0,0,0,1,0,0,0,0,0,0,0,0,0,0,0,0,0
396152,0,NA,en,Restoration,2.525569,5/3/16,0,90,Released,Restoration,5.3,11,0,0,0,0,0,0,0,0,0,0,0,1,0,0,0,0,0,0,0,0
402515,0,NA,pt,Solitude,0.018716,10/21/14,0,89,Released,American Beast,0,0,0,0,0,0,0,0,0,0,0,0,0,1,0,0,0,0,0,0,0,0
407887,0,NA,ko,인천상륙작전,6.116436,7/27/16,0,110,Released,Operation Chromite,5.8,29,1,0,0,0,0,0,1,0,0,0,1,0,0,0,0,0,0,0,1,0
408429,200,NA,en,Perfect Cowboy,0.050978,7/13/14,0,109,Released,Perfect Cowboy,5,1,0,0,0,0,0,0,1,0,0,0,0,0,0,0,0,0,0,0,0,0
417859,130000000,NA,en,Puss in Boots,20.678787,10/28/11,554987477,90,Released,Puss in Boots,6.4,451,1,1,1,0,0,0,0,1,1,0,0,0,0,0,0,0,0,0,0,0
426067,0,NA,en,Midnight Cabaret,0.001389,1/1/90,0,94,Released,Midnight Cabaret,0,0,0,0,0,0,0,0,0,0,0,0,0,1,0,0,0,0,0,0,0,0
426469,0,http://www.growingupsmithmovie.com,en,Growing Up Smith,0.71087,2/3/17,0,102,Released,Growing Up Smith,7.4,7,0,0,0,1,0,0,1,1,0,0,0,0,0,0,0,0,0,0,0,0
433715,0,NA,en,8 Days,0.015295,6/15/14,0,90,Released,8 Days,0,0,0,0,0,0,0,0,1,0,0,0,0,0,0,0,0,0,1,0,0,0
447027,0,NA,en,Running Forever,0.028756,10/27/15,0,88,Released,Running Forever,0,0,0,0,0,0,0,0,0,1,0,0,0,0,0,0,0,0,0,0,0,0
459488,2,NA,en,"To Be Frank, Sinatra at 100",0.050625,12/12/15,0,NA,Released,"To Be Frank, Sinatra at 100",0,0,0,0,0,0,0,1,0,0,0,0,0,0,0,0,0,0,0,0,0,0